wpm,accuracy,mistakes,backspaces,consistency,typing_time,level
70,77,9,1,80,104.6595502,Professional
71,95,7,4,71,100.4031635,Intermediate
66,95,6,1,73,74.00426285,Intermediate
65,96,12,10,89,59.73545604,Intermediate
84,50,2,12,65,110.4551731,Professional
74,61,5,6,85,83.54827573,Beginner
56,67,7,0,77,84.77417337,Professional
47,85,13,13,56,80.46610277,Advanced
60,67,7,3,85,64.51764496,Beginner
66,100,4,4,72,105.0313807,Intermediate
45,83,2,1,86,53.5200154,Intermediate
49,63,13,0,77,112.6640952,Beginner
46,81,15,5,87,89.76556985,Beginner
74,87,8,2,73,81.76061708,Professional
51,100,8,11,95,47.36031778,Intermediate
61,95,9,12,92,81.7202747,Intermediate
36,79,7,10,63,103.2091633,Advanced
61,96,5,4,79,72.32385504,Intermediate
56,69,13,5,85,100.3593491,Beginner
34,82,9,9,70,68.21959843,Advanced
46,69,13,1,75,118.425584,Beginner
28,68,4,5,79,76.65648533,Advanced
19,56,1,1,95,46.72475156,Advanced
41,89,16,9,98,64.16800075,Beginner
18,60,1,2,91,70.4530231,Advanced
60,76,8,7,71,74.01781444,Professional
63,69,8,1,77,100.4887094,Beginner
66,68,10,11,95,77.84527177,Beginner
85,57,3,5,78,97.82056342,Beginner
81,61,1,8,68,108.3767738,Professional
63,71,8,4,83,80.50940598,Beginner
62,91,6,5,83,63.34093532,Intermediate
63,80,11,10,92,77.10468864,Beginner
43,78,13,7,69,71.73815042,Advanced
70,74,6,4,75,97.17577547,Professional
62,95,7,6,84,56.66564723,Intermediate
49,96,9,3,76,65.56343096,Professional
59,92,8,8,87,65.00423848,Intermediate
59,77,9,6,72,66.27243991,Professional
57,74,17,11,64,58.48539444,Advanced
39,73,8,9,68,78.83213494,Advanced
66,70,10,5,73,70.21883456,Professional
76,75,1,4,80,61.92295132,Beginner
81,70,0,6,83,52.45076529,Beginner
67,81,5,7,87,54.73358223,Beginner
87,63,3,7,66,99.11049531,Intermediate
43,64,15,2,75,120.5479314,Beginner
17,66,1,1,92,61.18657458,Advanced
39,57,15,5,100,55.63178723,Advanced
64,69,9,7,71,72.1383756,Professional
92,79,0,12,87,58.37259008,Beginner
25,72,8,0,89,76.74295598,Advanced
63,90,1,0,72,69.77306722,Intermediate
69,79,4,4,80,72.12441294,Beginner
66,100,9,8,79,104.8786471,Intermediate
71,96,10,5,73,102.3732588,Intermediate
22,72,2,5,79,100.4630009,Advanced
64,98,3,2,71,101.9217166,Intermediate
56,92,13,15,100,52.12799095,Beginner
36,79,7,11,66,64.95693198,Advanced
54,68,8,7,75,71.6225829,Professional
81,99,8,0,61,106.4104989,Professional
65,99,14,13,91,76.51611888,Intermediate
73,71,0,3,81,51.37552057,Beginner
54,90,10,10,100,80.44352078,Intermediate
71,76,3,7,69,92.88761944,Professional
77,56,7,3,76,119.0231483,Beginner
12,57,2,7,100,78.70278682,Advanced
73,58,8,2,74,125.4441027,Beginner
67,70,5,4,82,74.63694309,Beginner
53,73,10,1,81,83.05403026,Beginner
38,74,5,12,61,98.90555524,Advanced
74,66,13,16,96,107.8406787,Beginner
66,65,3,9,69,88.86824167,Professional
39,78,10,9,68,72.62942077,Advanced
35,77,8,7,70,98.44230346,Advanced
67,68,6,2,78,89.49499236,Beginner
22,71,5,0,86,108.1603265,Advanced
37,82,11,7,67,109.6128249,Advanced
37,77,7,10,65,92.43607651,Advanced
69,100,6,4,72,100.1772573,Intermediate
77,68,0,1,76,62.39029867,Beginner
63,64,6,8,71,74.83293688,Professional
37,90,3,12,100,57.31165902,Intermediate
63,70,10,6,72,62.81793764,Professional
75,77,7,3,75,101.7567276,Professional
57,98,5,8,79,122.8020055,Intermediate
62,68,5,7,73,88.30716076,Professional
36,78,11,5,73,85.93237055,Advanced
43,93,2,9,95,70.96508235,Intermediate
41,98,6,15,100,58.25648681,Intermediate
52,96,9,17,100,92.23116102,Intermediate
48,74,9,13,59,73.43443542,Advanced
84,98,7,2,55,106.0082612,Intermediate
61,91,4,4,79,82.63506699,Intermediate
72,97,12,7,80,75.30718593,Intermediate
73,70,6,6,71,89.98370721,Professional
76,58,0,6,75,126.7499406,Professional
67,76,7,4,75,90.54720403,Professional
76,64,8,6,78,117.2602634,Beginner
56,84,13,11,95,72.80927161,Beginner
79,64,10,12,88,115.5246827,Beginner
42,73,13,2,79,90.73084632,Intermediate
72,70,4,5,83,73.11149949,Beginner
68,89,7,2,76,63.87465556,Intermediate
58,62,14,3,80,124.6319351,Beginner
23,65,1,4,84,69.56592131,Advanced
57,88,5,5,87,48.61965769,Intermediate
69,65,11,8,86,110.4292251,Beginner
55,73,9,9,68,54.35122533,Professional
63,94,4,4,76,101.2361842,Intermediate
73,74,1,4,82,53.42243516,Beginner
10,58,2,3,100,69.2221329,Advanced
57,78,7,3,84,64.15092747,Beginner
56,92,10,11,95,60.4788178,Intermediate
74,95,14,8,83,58.90617409,Intermediate
33,83,9,7,69,105.9521789,Advanced
15,63,1,0,96,69.77170492,Advanced
58,78,20,6,63,97.98559278,Advanced
58,75,8,9,67,54.76298499,Professional
38,65,8,2,78,102.3501811,Advanced
77,74,4,6,82,75.14262287,Beginner
41,90,1,6,92,64.15876284,Intermediate
71,97,9,5,76,71.18386656,Intermediate
67,100,5,3,65,131.9782129,Intermediate
62,62,13,7,82,133.2707514,Beginner
33,78,6,9,69,73.40426079,Advanced
57,74,10,3,79,82.47451433,Professional
27,67,7,0,89,74.59286587,Advanced
64,74,7,4,76,90.11183924,Professional
58,90,5,4,85,60.51401673,Intermediate
40,75,12,5,75,69.29414091,Advanced
64,84,11,3,74,70.87596656,Professional
83,100,11,1,63,96.849459,Intermediate
65,76,9,7,87,81.09174377,Beginner
37,76,12,5,77,65.95063913,Advanced
59,94,4,4,80,67.25826153,Intermediate
62,100,4,3,75,86.18785716,Intermediate
66,93,16,1,79,64.43407586,Professional
71,60,8,3,77,116.5251207,Beginner
62,78,9,2,77,100.3032496,Beginner
67,82,6,9,91,56.34469708,Beginner
55,80,7,7,94,54.39538057,Beginner
28,80,7,9,68,78.23147488,Advanced
64,63,6,7,72,83.62008397,Professional
70,75,5,6,71,90.47819822,Professional
67,80,9,8,89,72.04206584,Beginner
57,88,9,9,93,45.13000868,Intermediate
54,94,4,7,87,78.21528942,Intermediate
63,99,7,7,78,113.3181645,Intermediate
27,73,8,2,84,67.10054673,Advanced
26,72,6,2,81,100.931772,Advanced
46,78,15,7,67,81.37635839,Advanced
80,79,1,8,85,53.60042442,Beginner
51,100,11,17,100,75.27960541,Intermediate
66,70,5,2,79,74.64430584,Beginner
59,92,7,7,90,59.44663064,Intermediate
65,97,11,9,84,86.3245077,Intermediate
60,94,4,6,80,96.87316385,Intermediate
78,62,5,5,74,105.6834812,Professional
28,76,4,8,72,86.31853492,Advanced
66,78,12,11,92,95.02188247,Beginner
71,100,13,11,81,112.4140848,Intermediate
46,79,16,10,98,72.61988661,Beginner
41,75,8,11,63,87.62312843,Advanced
25,71,6,1,86,81.70887721,Advanced
55,96,1,3,80,63.72609139,Intermediate
52,64,9,7,74,72.67953976,Professional
56,86,4,5,90,67.28023359,Intermediate
86,65,0,1,70,89.08016671,Beginner
41,66,20,4,84,145.9023056,Beginner
64,55,11,2,77,126.630181,Beginner
65,72,6,8,68,73.91913221,Professional
57,93,4,2,75,81.91123369,Intermediate
67,60,12,7,84,116.396652,Beginner
60,100,5,10,78,144.0206086,Intermediate
48,99,1,10,89,100.931501,Intermediate
10,52,6,2,100,69.27138672,Advanced
60,69,12,5,82,113.2641567,Beginner
68,98,7,5,75,98.75267447,Intermediate
65,100,9,8,81,92.09371262,Intermediate
86,50,1,8,71,124.7385143,Professional
62,69,13,3,77,68.39645078,Professional
66,59,10,0,73,129.6281904,Beginner
67,72,10,6,81,107.9458647,Beginner
49,87,9,6,73,57.07515531,Professional
39,80,14,5,74,77.04538959,Advanced
37,71,7,8,71,70.38732949,Advanced
52,69,10,1,81,87.92856043,Beginner
76,66,5,3,74,107.2616286,Beginner
23,64,3,1,91,62.97282952,Advanced
80,73,1,4,78,75.55145486,Beginner
66,100,9,9,83,84.79582839,Intermediate
56,97,9,2,77,76.59693357,Professional
85,71,0,7,68,121.2039836,Professional
61,68,15,6,83,128.7317983,Beginner
26,59,10,7,100,63.88660271,Advanced
60,65,8,6,74,75.36721461,Professional
74,100,5,2,61,147.2592247,Intermediate
67,78,10,10,90,82.83938623,Beginner
10,55,4,2,100,48.41032297,Advanced
80,100,15,9,73,127.6496358,Intermediate
63,80,14,4,70,45.01100476,Professional
74,67,8,8,84,102.4164044,Beginner
64,65,3,10,67,79.44822632,Professional
62,61,7,1,74,98.17004362,Beginner
55,85,13,2,78,64.34955789,Professional
58,89,7,11,99,64.07366576,Beginner
61,75,8,7,89,62.8237879,Beginner
71,77,1,8,66,89.30506898,Professional
52,78,10,4,87,70.7313716,Beginner
55,72,8,8,68,60.14684057,Professional
43,79,15,6,71,78.11858118,Advanced
18,67,1,5,83,79.89222364,Advanced
21,63,1,2,91,59.04542623,Advanced
63,85,8,5,71,72.83726814,Professional
66,52,0,13,64,84.453692,Professional
77,100,10,4,71,77.48897866,Intermediate
27,77,4,6,72,116.5378633,Advanced
65,74,8,5,73,76.12136359,Professional
75,100,10,5,72,91.72253127,Intermediate
64,91,3,0,74,69.84171014,Intermediate
45,96,0,6,88,78.31907793,Intermediate
73,60,5,0,73,106.7902731,Beginner
70,68,6,8,68,74.3151913,Professional
21,64,0,3,84,86.89915481,Advanced
36,70,20,8,92,147.6150573,Beginner
70,75,11,3,73,65.92881004,Professional
70,70,13,10,85,122.5696558,Beginner
76,79,4,4,73,106.0838914,Professional
53,95,10,15,97,104.87815,Intermediate
45,91,8,14,100,58.73621182,Intermediate
27,63,6,3,86,58.61392367,Advanced
65,83,2,3,83,54.14097565,Beginner
69,100,3,0,65,91.6771659,Intermediate
62,76,5,7,72,83.98893673,Professional
68,100,5,7,71,147.7838519,Intermediate
83,71,4,3,79,51.84439366,Beginner
52,70,6,8,74,77.13453618,Professional
64,54,0,13,64,85.54562826,Professional
88,85,1,15,95,47.85010009,Beginner
24,58,3,0,97,52.23108334,Advanced
68,73,9,4,74,78.80271018,Professional
53,93,4,6,85,70.89710625,Intermediate
65,73,8,7,68,67.20159789,Professional
68,94,4,0,66,111.6277078,Intermediate
49,76,15,9,67,59.78726798,Advanced
72,79,2,8,89,48.10115209,Beginner
58,68,12,5,86,98.64956053,Beginner
61,66,11,5,75,68.22920672,Professional
58,76,14,10,94,86.93323611,Intermediate
64,82,9,8,88,77.68280246,Beginner
66,98,12,10,85,86.01695718,Intermediate
10,66,9,7,85,68.03661983,Advanced
53,69,10,7,72,50.76123028,Professional
64,100,10,12,88,86.17816401,Intermediate
61,82,8,6,85,69.7576423,Beginner
68,74,7,5,74,86.72825162,Professional
37,99,3,14,100,100.7167187,Intermediate
82,72,3,6,87,69.26152352,Beginner
79,67,2,6,73,114.636513,Professional
57,96,12,13,97,55.10824052,Intermediate
33,67,9,1,87,64.78270462,Advanced
58,86,8,6,89,52.28792072,Intermediate
52,95,4,9,89,88.13800486,Intermediate
71,68,9,9,88,90.39910605,Beginner
83,79,7,0,78,118.8917439,Professional
75,99,14,7,78,68.61317861,Intermediate
46,72,13,5,77,47.49109152,Professional
69,68,9,4,76,85.28590416,Professional
39,52,5,14,67,46.75104497,Professional
56,94,6,10,90,84.62733491,Intermediate
52,77,15,1,83,71.19226129,Professional
54,68,12,0,78,103.9492993,Beginner
72,65,2,6,76,118.7221151,Professional
67,82,5,10,95,48.86217312,Beginner
51,92,0,3,83,69.0823237,Intermediate
24,89,2,11,63,116.2823636,Advanced
87,95,7,4,55,70.45671268,Intermediate
71,91,7,0,72,47.84736279,Intermediate
73,99,4,0,62,121.2291404,Intermediate
16,59,1,2,100,51.35532947,Advanced
76,62,6,4,77,111.6218278,Beginner
56,61,8,6,77,78.93637624,Professional
82,98,15,5,71,96.15616779,Intermediate
59,77,14,12,96,88.14902681,Beginner
57,91,8,11,91,87.83212358,Intermediate
56,100,12,2,74,57.48866094,Professional
71,70,3,3,81,73.14504224,Beginner
54,76,9,5,87,71.63933631,Beginner
78,67,8,3,77,103.2425123,Intermediate
36,74,12,2,80,83.79270253,Advanced
51,78,15,9,93,89.20565664,Beginner
66,96,9,7,78,112.3681412,Intermediate
61,78,9,8,90,70.0551007,Beginner
73,78,6,8,86,74.87937327,Beginner
46,95,5,11,96,79.50002699,Intermediate
31,67,10,1,89,91.00404137,Advanced
68,73,0,1,80,45.70716927,Beginner
16,59,4,2,85,113.6146075,Advanced
66,100,10,9,81,100.8191179,Intermediate
43,67,13,3,81,50.00023298,Advanced
54,69,12,3,83,99.27534067,Beginner
66,71,7,6,87,73.23111902,Beginner
58,98,10,10,92,61.51135843,Intermediate
62,97,5,3,80,47.30015115,Intermediate
68,68,13,11,89,114.7513168,Beginner
52,80,20,5,68,84.50537097,Advanced
66,67,4,6,75,96.22537826,Professional
62,76,6,6,89,55.1035801,Beginner
36,68,10,1,82,83.82806091,Advanced
72,75,7,2,77,99.92335483,Professional
58,99,10,12,93,66.48948062,Intermediate
64,91,4,2,79,45.86545658,Intermediate
56,76,9,5,75,69.66759238,Professional
45,77,18,2,78,74.17451569,Advanced
66,97,12,11,87,92.08168611,Intermediate
56,81,16,2,76,50.93002359,Professional
69,88,11,2,75,80.44550915,Professional
65,73,12,9,89,100.1896437,Beginner
21,77,0,9,72,82.2463507,Advanced
60,77,16,3,75,48.39643361,Professional
72,60,8,4,77,117.8784998,Beginner
54,75,8,7,72,56.86589033,Professional
29,61,7,0,92,64.36545795,Advanced
77,70,7,6,79,110.8232559,Beginner
27,77,7,3,77,104.0431438,Advanced
66,65,3,4,67,92.8245935,Beginner
66,85,4,4,74,101.3691736,Professional
52,97,5,10,89,98.12264546,Intermediate
57,82,12,6,69,46.80372723,Professional
51,90,6,10,95,60.40807925,Intermediate
64,72,5,4,81,74.26593435,Beginner
79,96,11,0,70,58.20428724,Intermediate
55,85,20,9,60,84.50844528,Advanced
56,75,12,7,89,86.26843088,Beginner
30,66,9,0,90,78.8089909,Advanced
71,63,2,8,71,100.9435532,Professional
48,76,14,5,74,47.91787172,Professional
68,100,15,10,87,53.0216757,Intermediate
78,58,2,10,68,114.0071257,Professional
45,81,15,6,67,100.8846722,Advanced
59,91,4,5,80,88.75414513,Intermediate
41,62,16,5,96,66.89154879,Advanced
51,89,16,4,71,61.07827035,Professional
35,67,5,7,74,71.72322765,Advanced
72,95,6,0,69,80.94307795,Intermediate
70,69,9,9,89,85.17484565,Beginner
62,81,8,8,89,67.23948104,Beginner
89,63,2,9,84,81.49723509,Beginner
31,84,8,7,68,116.4759905,Advanced
70,75,11,4,74,80.1990558,Professional
70,99,8,4,74,87.4614221,Intermediate
74,69,2,0,72,81.96760586,Beginner
59,70,10,9,95,63.26006997,Beginner
66,83,15,1,76,59.37023285,Professional
75,94,8,1,70,71.17951066,Intermediate
65,67,7,3,81,86.87578284,Beginner
55,95,9,13,92,108.2204013,Advanced
84,50,5,8,69,100.9618052,Professional
64,60,8,7,73,79.07046878,Professional
34,80,6,11,62,107.8963686,Advanced
52,72,13,5,87,86.30938638,Beginner
67,74,2,2,81,51.09561608,Beginner
77,77,0,9,66,99.02937245,Professional
66,55,5,8,72,82.29191698,Professional
54,98,12,15,98,65.69849785,Intermediate
51,92,3,7,89,70.89403601,Intermediate
42,82,9,13,56,98.8404209,Advanced
66,80,6,5,84,64.63836986,Beginner
82,65,2,6,72,117.2232586,Professional
64,81,10,8,87,85.96870868,Beginner
71,63,3,7,72,95.41267512,Professional
43,76,10,11,62,86.54095494,Advanced
33,77,9,5,75,79.95698637,Advanced
57,64,11,5,87,85.98598815,Beginner
57,78,3,0,80,46.20104007,Beginner
63,78,9,7,88,74.16825444,Beginner
34,74,6,9,70,74.43966082,Advanced
71,100,9,3,72,73.983544,Intermediate
53,79,16,1,82,64.95444581,Professional
69,66,5,2,78,87.3037618,Beginner
57,74,7,6,75,75.92030552,Professional
96,67,1,9,82,68.48685901,Beginner
65,88,3,9,96,75.22670147,Beginner
31,67,7,2,83,86.12154897,Advanced
37,77,10,6,70,104.4771103,Advanced
55,57,5,10,71,77.59888037,Professional
53,93,4,6,84,90.03171079,Intermediate
69,76,5,7,85,69.14365848,Beginner
70,63,7,4,81,94.62506055,Beginner
41,76,5,15,57,65.15732404,Advanced
82,74,0,8,85,54.75614089,Beginner
34,80,11,5,74,87.53991818,Advanced
71,99,14,8,84,52.56701258,Intermediate
78,58,1,8,72,116.0703786,Professional
69,91,7,3,76,70.70671969,Intermediate
74,98,7,2,67,94.78973742,Intermediate
83,65,3,5,73,114.9185524,Professional
45,85,9,16,55,112.8382005,Advanced
42,74,15,2,77,83.6448073,Advanced
62,90,12,10,94,50.03562525,Intermediate
71,69,0,1,81,46.78359862,Beginner
66,69,11,7,84,105.3930757,Beginner
59,75,11,3,78,76.11941577,Professional
20,60,2,1,95,90.27115129,Professional
28,72,5,6,77,83.55228856,Advanced
57,98,0,4,76,109.2106747,Intermediate
77,97,8,1,69,72.73387137,Intermediate
60,77,4,2,83,51.09809186,Beginner
70,100,4,1,62,124.6316478,Advanced
51,81,10,5,90,54.36473341,Beginner
70,100,10,7,75,114.2071127,Intermediate
55,67,18,7,86,135.6226739,Beginner
54,66,7,9,71,62.80276132,Professional
49,95,3,10,89,114.8187266,Intermediate
68,81,8,6,67,62.04741207,Professional
80,71,1,4,78,72.08491979,Beginner
71,82,12,3,72,71.02077849,Professional
71,77,6,10,91,61.1151373,Beginner
64,96,4,5,76,112.7884183,Intermediate
71,98,13,9,83,66.29127742,Intermediate
55,87,8,3,78,84.29112908,Professional
59,99,7,6,85,55.48210958,Intermediate
52,97,8,11,92,70.25791653,Intermediate
51,74,7,8,71,61.49545453,Professional
23,63,6,2,96,65.68811884,Advanced
48,70,14,3,85,96.67509484,Beginner
21,57,0,2,90,74.4262317,Advanced
80,68,4,6,80,90.81275069,Beginner
54,57,3,9,76,95.15275928,Professional
74,65,0,8,71,110.8077007,Professional
23,73,3,5,82,64.88231192,Advanced
69,88,5,6,83,60.18664185,Beginner
61,80,11,2,80,78.34936092,Professional
19,62,2,1,96,71.55437804,Advanced
68,72,6,7,88,65.44773204,Beginner
39,90,2,9,100,50.03928323,Intermediate
23,65,0,5,82,66.5722467,Advanced
61,82,8,7,68,58.67340788,Professional
46,92,4,11,93,105.8255574,Intermediate
56,98,9,10,94,50.35597371,Intermediate
25,65,4,2,88,63.20505796,Advanced
55,59,14,1,77,132.6182352,Beginner
71,78,8,3,75,92.69098566,Professional
74,69,1,7,71,108.2816814,Professional
61,70,13,3,77,71.49573502,Professional
17,59,0,1,95,59.18085135,Advanced
73,56,0,9,72,112.3792366,Professional
63,70,12,10,93,86.49375251,Beginner
32,76,6,9,70,79.51776001,Advanced
72,71,9,9,86,99.16746501,Beginner
63,64,12,6,85,105.9830058,Beginner
57,83,20,2,71,91.49014487,Advanced
72,50,4,10,71,92.86379201,Professional
64,78,8,3,77,86.39665898,Professional
54,64,4,11,67,65.82089216,Professional
27,63,12,8,100,84.17952218,Advanced
14,75,3,8,74,104.7765649,Advanced
66,70,1,2,71,72.69851002,Beginner
42,79,8,13,61,71.13889043,Advanced
50,76,20,2,76,77.5300882,Advanced
79,92,11,1,70,54.6039004,Intermediate
64,100,5,5,75,111.775679,Intermediate
30,77,5,8,68,115.0190598,Advanced
68,72,5,6,73,92.42775433,Professional
43,74,10,5,78,57.15224327,Advanced
55,87,14,2,78,57.92160344,Professional
71,94,10,6,80,68.07710337,Intermediate
37,72,11,4,80,60.08595592,Advanced
74,100,7,2,65,105.3798519,Intermediate
84,99,5,4,55,125.5863774,Intermediate
49,75,8,8,71,61.46631911,Professional
64,96,4,1,76,50.91597415,Intermediate
60,69,7,3,84,72.15816199,Beginner
77,100,16,8,79,75.38254638,Intermediate
60,99,9,11,86,112.2681116,Intermediate
70,68,2,8,69,98.48704627,Professional
58,74,8,6,75,79.52431105,Professional
79,52,4,8,71,101.8284521,Professional
58,99,4,8,82,115.9829352,Intermediate
61,90,4,3,78,75.0412848,Intermediate
56,65,15,2,77,132.146238,Beginner
37,70,6,5,76,83.89909684,Advanced
53,78,13,8,92,79.10696838,Beginner
67,66,17,8,80,156.4878399,Beginner
33,82,11,5,73,92.71088654,Advanced
61,92,12,0,78,71.78427014,Professional
61,65,8,5,79,90.89543287,Professional
60,87,15,1,77,54.75305911,Professional
27,65,4,3,84,68.18050072,Advanced
50,75,14,6,73,50.63642519,Professional
80,95,6,0,59,121.3528328,Intermediate
41,76,12,6,69,90.20885885,Advanced
54,63,10,3,83,85.18712424,Professional
29,74,8,3,79,104.7499803,Advanced
71,73,5,7,69,78.28766182,Professional
56,94,8,3,77,80.97711369,Professional
78,96,7,2,65,117.6061377,Intermediate
30,73,6,5,77,88.5811794,Professional
72,68,5,4,80,81.78922453,Beginner
64,90,6,5,72,88.59942971,Professional
62,100,11,11,92,50.99476733,Intermediate
24,61,3,0,90,82.98159704,Advanced
75,54,1,12,66,104.4976546,Professional
72,70,1,8,69,97.41588902,Professional
22,65,1,2,83,110.4594038,Advanced
19,65,0,2,87,93.80249513,Advanced
66,77,9,5,80,102.6405929,Beginner
93,72,1,10,85,55.36950605,Beginner
73,58,4,8,72,100.6670034,Professional
75,50,0,10,71,106.7194358,Professional
29,76,4,8,70,101.1149616,Advanced
28,68,4,3,81,84.91850296,Advanced
58,71,8,5,85,80.63238469,Beginner
54,98,11,13,97,71.51222814,Intermediate
64,59,7,9,70,75.59046874,Professional
71,55,2,12,64,82.79402296,Professional
63,66,9,7,72,68.88976469,Professional
63,79,6,6,70,75.45056532,Professional
48,77,14,8,67,75.33953015,Advanced
52,84,10,17,55,113.6174921,Advanced
52,60,20,4,80,161.6127749,Beginner
22,66,2,2,87,70.35604721,Advanced
19,72,0,6,79,86.98267851,Advanced
76,78,4,5,71,100.665244,Professional
67,97,8,6,80,68.68220609,Intermediate
51,93,7,11,96,61.78861816,Intermediate
60,92,9,8,88,61.41331001,Intermediate
13,64,1,3,100,85.17726518,Advanced
58,100,8,11,84,130.8962112,Intermediate
45,86,13,4,74,52.56198875,Professional
67,82,13,1,77,66.23679095,Professional
56,96,7,10,89,87.61717657,Intermediate
74,64,3,8,70,97.78182282,Professional
61,75,4,3,86,46.9579166,Beginner
51,79,17,7,63,103.7207051,Advanced
73,85,11,0,80,97.18714672,Professional
66,94,12,9,88,59.86982184,Intermediate
44,77,11,8,70,49.75702879,Professional
34,72,7,6,73,97.20392388,Advanced
29,72,8,3,83,69.17182817,Advanced
62,90,6,4,84,54.65279429,Intermediate
56,72,10,5,88,77.11151713,Beginner
55,88,18,13,55,77.60670425,Advanced
31,74,8,3,81,81.97689734,Advanced
59,79,9,3,81,90.25739359,Beginner
53,96,1,4,80,83.63096774,Intermediate
60,73,11,4,76,67.74065353,Professional
66,75,9,7,85,93.03400515,Beginner
72,50,0,10,73,114.843923,Professional
44,68,20,9,90,158.5704981,Intermediate
67,67,5,7,70,79.64637514,Professional
71,59,0,10,68,102.4401994,Professional
94,98,18,3,67,60.06877754,Intermediate
24,58,10,8,100,46.41856176,Advanced
63,62,9,1,77,110.2222643,Beginner
45,91,3,5,86,86.70152955,Intermediate
22,76,2,6,74,112.2459391,Advanced
66,79,4,5,85,52.36418117,Beginner
69,100,4,1,68,84.2482764,Intermediate
80,80,2,9,92,78.79497478,Beginner
64,88,5,5,83,55.64762443,Beginner
65,76,5,7,70,85.08102356,Professional
38,79,14,3,74,104.9992716,Advanced
73,64,5,4,79,112.3441944,Professional
77,61,0,10,67,105.0863785,Professional
70,66,7,8,89,75.12137545,Beginner
56,63,10,0,77,105.2704424,Beginner
59,75,11,8,90,80.04700281,Beginner
30,76,3,10,68,81.834895,Advanced
27,71,7,1,83,98.45992634,Advanced
48,76,19,2,75,86.05959166,Advanced
74,75,8,2,78,99.24200923,Professional
27,68,1,8,77,65.97476514,Advanced
58,91,1,2,77,82.15300878,Intermediate
54,76,19,5,70,77.98556753,Advanced
79,65,2,5,81,76.52794386,Beginner
46,69,8,8,69,74.72370824,Advanced
59,83,16,0,80,58.90970498,Professional
57,89,15,0,79,64.10595685,Professional
69,64,1,7,64,73.75391757,Beginner
36,67,5,8,72,74.58366258,Advanced
70,94,14,10,87,69.92077949,Intermediate
59,62,12,4,77,71.98712107,Professional
84,68,1,6,81,74.48627017,Beginner
82,58,0,9,67,109.8766666,Professional
78,72,0,3,77,69.5551951,Beginner
34,67,10,0,83,101.1308779,Advanced
72,77,9,11,91,83.36069638,Beginner
42,79,12,7,66,101.4648818,Advanced
52,90,14,3,75,47.31387542,Professional
43,81,17,4,73,81.6721669,Advanced
68,95,5,0,71,65.42965752,Intermediate
27,58,3,0,90,76.30678201,Advanced
56,73,9,7,72,65.54081731,Professional
45,78,15,5,69,97.63332278,Advanced
57,92,2,2,80,61.13398727,Intermediate
58,93,11,10,91,60.60005323,Intermediate
78,73,1,1,73,82.33368726,Beginner
63,81,6,4,84,60.0710462,Beginner
21,75,4,4,83,72.52982942,Advanced
68,77,13,0,83,94.85448842,Professional
54,69,11,8,70,47.9629891,Professional
67,97,3,0,70,69.58587607,Intermediate
70,69,5,6,87,64.06619968,Beginner
51,74,14,5,76,52.89535029,Professional
65,50,3,11,71,92.61860983,Professional
71,100,10,7,74,124.9683858,Intermediate
60,100,10,11,90,76.71552752,Intermediate
59,96,11,15,100,47.17209916,Beginner
71,64,7,8,87,86.41889603,Beginner
44,90,7,14,100,68.93066472,Intermediate
33,61,8,0,90,63.46552161,Advanced
61,89,10,3,73,64.27607696,Professional
60,100,7,7,78,118.8799607,Intermediate
75,76,1,6,84,50.81616838,Professional
67,62,3,10,68,89.37770575,Professional
89,64,1,3,75,76.27924562,Beginner
56,90,2,2,82,45.3724616,Intermediate
68,81,4,4,75,100.6700568,Professional
50,92,2,7,89,68.32504239,Intermediate
66,66,6,7,73,92.17211418,Professional
41,76,15,3,78,70.39451143,Advanced
70,66,7,9,90,78.29876877,Beginner
36,70,8,4,74,105.4191304,Advanced
37,66,9,3,81,72.15136365,Advanced
51,90,3,11,90,125.6467485,Intermediate
63,82,8,2,79,91.16712471,Professional
60,74,10,7,88,78.68375679,Beginner
64,71,9,7,88,79.87602192,Beginner
72,87,1,10,94,70.63189458,Beginner
86,99,13,0,65,46.72181546,Intermediate
54,94,3,7,83,107.9328435,Intermediate
62,71,14,6,81,127.3685503,Beginner
67,83,5,3,74,81.62926651,Beginner
10,67,2,0,91,114.535421,Advanced
34,77,8,8,71,67.69208331,Advanced
71,85,9,13,93,71.38415331,Beginner
88,50,2,13,62,117.6926466,Professional
69,93,5,0,72,52.46577723,Intermediate
88,100,11,0,55,122.4474111,Intermediate
37,67,10,3,82,62.10347577,Advanced
59,100,11,14,92,100.1386137,Intermediate
39,81,12,6,68,105.8322133,Advanced
67,100,4,3,68,126.0955343,Intermediate
27,66,1,6,76,91.04741373,Advanced
59,97,5,9,79,148.0190149,Intermediate
63,66,14,3,77,67.41563496,Professional
68,75,8,4,75,83.72309919,Professional
62,67,12,6,86,102.1765261,Beginner
74,100,8,5,69,112.0853614,Intermediate
27,59,6,1,95,71.62051338,Advanced
61,75,9,5,83,85.4004192,Beginner
61,84,11,14,100,60.03792431,Beginner
34,81,8,9,67,85.41664461,Advanced
36,61,14,3,98,47.16062569,Beginner
62,78,6,4,85,57.69009533,Beginner
58,69,11,6,74,63.19568547,Professional
70,74,11,10,86,109.4125541,Beginner
66,98,7,5,79,67.21896501,Intermediate
22,59,1,0,91,85.82618309,Advanced
68,98,10,8,81,92.9190515,Beginner
64,75,12,2,77,67.97744481,Professional
70,70,6,7,68,71.1209926,Professional
29,67,12,4,96,80.09982228,Advanced
33,75,11,1,78,116.4088847,Advanced
63,100,13,10,89,59.2085531,Intermediate
18,69,2,1,88,82.53261052,Advanced
41,76,17,0,82,80.33594468,Advanced
38,76,16,1,84,96.24529379,Beginner
55,80,14,2,78,59.31822905,Professional
71,74,10,4,74,79.80771174,Professional
68,91,10,3,81,62.09272948,Intermediate
57,82,15,2,79,63.44502789,Professional
28,77,0,13,58,124.7222408,Advanced
50,81,11,9,98,46.53138426,Beginner
78,68,3,5,73,110.9972932,Professional
63,74,0,0,82,54.79684318,Beginner
35,82,8,9,65,104.4042737,Advanced
66,66,10,8,88,97.69392022,Beginner
73,96,6,0,70,55.13014481,Intermediate
17,70,1,6,79,90.84487004,Advanced
61,76,14,3,76,59.73518843,Professional
36,78,7,10,63,102.2756552,Advanced
67,76,9,4,74,77.38888999,Professional
69,75,3,5,84,55.99273184,Beginner
75,87,9,0,80,103.2406073,Professional
28,65,11,0,91,60.07925258,Advanced
27,73,3,6,74,101.9933295,Advanced
61,94,7,11,86,123.9350441,Intermediate
74,99,9,2,70,74.28266148,Intermediate
50,74,11,1,80,89.15718411,Beginner
76,68,2,6,72,109.4942889,Professional
76,73,5,9,88,71.65447893,Beginner
46,82,17,4,73,67.12523764,Professional
59,76,8,7,71,66.41369303,Professional
48,85,9,8,68,47.50511637,Professional
67,77,6,8,65,70.56276102,Professional
54,91,0,3,83,49.91706575,Intermediate
84,78,2,6,83,49.94693516,Beginner
68,63,5,1,70,107.2002794,Beginner
59,98,8,8,88,49.06033331,Intermediate
26,76,1,15,61,79.88325597,Advanced
17,76,5,14,66,76.15544365,Advanced
76,100,11,6,71,116.4708941,Intermediate
54,66,17,6,84,129.1548115,Beginner
30,56,7,1,99,63.98881763,Advanced
65,87,3,8,91,55.5714362,Beginner
77,58,3,9,67,88.58978838,Professional
82,82,3,12,89,64.85968794,Beginner
65,74,10,2,78,79.79377974,Professional
75,95,14,10,80,100.682361,Intermediate
62,68,6,1,78,84.01772605,Beginner
62,85,2,3,84,55.48269891,Beginner
36,58,11,3,94,68.83843231,Advanced
68,81,0,2,82,61.41031989,Beginner
67,93,7,3,72,80.87120464,Professional
69,77,2,1,76,65.86729661,Beginner
33,69,3,7,76,74.55658231,Advanced
59,70,8,7,72,72.99897532,Professional
72,97,10,4,74,75.01432837,Intermediate
48,78,9,14,55,91.74128482,Advanced
75,74,9,2,77,97.6536592,Professional
78,76,4,3,75,109.080759,Professional
65,61,2,9,70,84.65459793,Professional
69,77,3,6,85,53.68492446,Beginner
57,93,2,5,85,62.94659157,Intermediate
75,97,11,4,73,81.20308348,Intermediate
62,81,18,0,78,54.22909119,Professional
63,72,8,6,72,70.88816072,Professional
17,68,1,6,81,82.94835678,Advanced
61,85,5,5,73,82.73121427,Professional
68,73,10,9,88,97.29947001,Beginner
75,61,2,7,72,101.0330504,Professional
65,71,8,5,83,87.05317376,Beginner
39,70,11,4,80,55.45790301,Advanced
80,78,3,10,88,66.45540134,Beginner
65,94,7,5,82,54.21489811,Intermediate
70,96,6,1,70,84.90203537,Intermediate
80,100,13,4,72,66.93327324,Intermediate
45,85,13,9,98,50.56358206,Beginner
70,82,10,3,72,72.28189236,Professional
59,85,16,2,74,47.09314011,Professional
71,80,4,7,87,53.67807185,Beginner
75,59,5,7,73,100.304516,Professional
60,69,10,7,70,53.06317039,Professional
62,66,8,5,85,83.6475066,Beginner
70,64,7,5,76,97.76685434,Professional
51,91,11,13,100,58.06946279,Intermediate
65,99,10,7,84,51.92687325,Intermediate
75,90,9,2,72,84.51434032,Professional
65,97,6,6,76,107.1165806,Intermediate
87,58,0,2,71,103.9005715,Beginner
20,68,2,7,77,96.25794564,Advanced
35,64,11,1,93,84.06826951,Advanced
60,62,6,8,74,84.40969559,Professional
53,91,12,2,76,58.98976881,Professional
65,62,10,4,82,106.4253084,Beginner
51,83,15,1,81,66.4842747,Professional
72,100,6,2,65,113.4024876,Intermediate
101,93,13,7,55,45.80849444,Intermediate
86,97,7,3,55,116.5046841,Intermediate
87,79,6,1,82,127.8501996,Professional
25,71,1,8,77,67.11179438,Advanced
66,60,9,8,70,63.37756504,Professional
52,91,20,1,74,69.82708611,Professional
57,68,13,8,92,87.61432426,Beginner
27,75,3,9,73,70.84898073,Advanced
67,77,5,8,91,46.54455139,Beginner
26,60,6,2,97,66.14044875,Advanced
27,69,11,3,95,75.69864288,Advanced
75,100,11,6,73,93.68836877,Intermediate
15,60,3,3,88,81.18605645,Advanced
68,92,9,5,77,93.68877642,Intermediate
47,72,12,8,68,79.51673566,Advanced
53,95,6,10,92,74.8134726,Intermediate
52,96,13,2,75,50.58577307,Professional
50,64,9,8,74,60.96525709,Professional
24,73,5,3,80,104.8685518,Advanced
58,75,5,10,66,66.60185362,Professional
71,68,0,1,77,62.50092584,Beginner
70,100,16,13,88,77.51897436,Intermediate
23,67,0,8,79,54.30473732,Advanced
25,62,6,1,95,67.44846591,Advanced
55,78,13,8,92,80.23239932,Beginner
28,75,7,5,79,74.45999705,Advanced
84,100,5,5,55,77.91046101,Intermediate
68,74,5,3,79,78.25064645,Beginner
52,70,18,8,90,116.1206398,Beginner
63,100,11,11,85,105.3068255,Intermediate
53,74,12,5,77,63.46806399,Professional
40,75,12,6,72,79.71419855,Advanced
78,99,11,3,71,78.80258928,Intermediate
58,80,18,1,84,60.05346242,Professional
69,79,8,8,86,83.26722694,Beginner
68,100,7,3,72,92.97707419,Intermediate
59,90,10,11,94,53.2543431,Intermediate
74,97,8,4,77,55.54729909,Intermediate
71,85,7,11,90,67.94567106,Professional
18,70,0,6,81,76.83511389,Advanced
58,85,19,12,55,67.309775,Advanced
62,85,9,3,75,73.65568814,Professional
26,67,5,3,88,55.10605568,Advanced
75,75,8,9,84,99.86489339,Beginner
51,74,18,5,69,88.5761349,Advanced
49,74,6,10,68,55.00147057,Professional
72,79,2,6,86,47.67820085,Beginner
62,92,12,13,90,109.4626078,Intermediate
68,68,13,3,77,80.76433574,Professional
71,72,5,8,88,65.12785461,Beginner
74,59,9,0,63,162.1820119,Beginner
84,64,1,7,70,115.5575588,Professional
83,65,4,10,87,79.41578321,Beginner
34,80,6,11,64,86.24991553,Advanced
59,100,9,5,66,45.97970543,Professional
32,75,7,8,73,69.92533629,Advanced
80,76,0,6,84,45.72059171,Beginner
50,91,5,10,96,54.03742212,Intermediate
77,93,8,1,70,66.04649097,Intermediate
24,66,1,4,82,80.70156772,Advanced
67,74,6,8,67,75.71997901,Professional
65,67,7,2,80,85.69587407,Beginner
67,73,8,2,78,94.31013702,Professional
25,70,2,5,77,101.149778,Advanced
45,90,13,14,55,77.93017916,Advanced
64,77,6,7,69,77.48070305,Professional
44,87,12,12,55,103.2396321,Advanced
56,84,11,6,71,52.27628451,Professional
30,74,8,3,79,89.26098279,Advanced
65,97,7,8,80,98.62236722,Intermediate
56,75,6,0,73,89.85907761,Beginner
64,83,12,10,88,93.96130851,Beginner
50,97,17,3,71,66.67383882,Professional
71,100,9,5,75,88.84288723,Intermediate
63,54,3,11,69,80.68986436,Professional
74,69,1,3,80,45.61793506,Beginner
72,62,5,3,78,94.0698791,Beginner
42,80,1,11,100,50.91575631,Intermediate
47,91,3,10,96,64.40910983,Intermediate
27,74,0,11,67,87.21463977,Advanced
29,68,11,2,94,74.78098036,Advanced
48,78,10,2,84,72.59147597,Beginner
53,73,11,5,88,78.33658622,Beginner
69,50,11,6,75,75.50308537,Professional
37,77,7,11,64,84.56571469,Advanced
64,68,6,6,72,76.49634368,Professional
37,81,1,6,99,58.8699153,Intermediate
73,74,8,5,72,83.89177742,Professional
32,79,13,2,81,78.3450324,Advanced
39,76,10,8,72,53.77781434,Advanced
29,64,7,0,90,80.29870354,Advanced
71,66,7,5,81,100.5141531,Beginner
59,100,10,14,91,108.837141,Intermediate
63,61,14,7,86,121.5242162,Beginner
79,90,9,1,70,62.57483775,Intermediate
32,69,7,3,79,94.00664874,Advanced
25,76,3,7,73,89.49615314,Advanced
54,80,10,6,91,58.68657069,Beginner
29,76,8,5,79,71.33220853,Advanced
63,77,10,10,92,74.66057021,Beginner
61,91,7,5,87,67.63316758,Intermediate
69,92,9,6,80,76.22530148,Intermediate
67,100,10,10,80,113.9470425,Intermediate
58,73,8,1,80,86.09510455,Beginner
62,70,7,6,73,78.52511411,Professional
71,70,11,6,78,132.6873118,Beginner
26,71,6,3,84,69.10876084,Advanced
28,78,4,9,67,111.5552929,Advanced
73,75,6,6,70,83.75166022,Professional
45,77,14,7,70,69.20828623,Advanced
42,72,13,4,78,65.56174001,Advanced
83,67,2,7,69,107.1569641,Professional
55,100,10,14,93,101.6779973,Intermediate
55,71,13,3,78,63.71780953,Professional
60,81,2,0,79,45.02689783,Beginner
52,76,14,5,75,49.21294381,Professional
55,69,16,8,89,115.4032394,Beginner
50,57,14,6,78,59.42587055,Professional
73,100,12,9,75,120.9944394,Intermediate
18,73,1,8,77,80.9791183,Beginner
65,96,6,4,77,82.88036081,Intermediate
81,100,12,6,66,132.5621233,Intermediate
53,93,7,11,93,76.29254561,Intermediate
61,74,12,4,75,66.58562776,Professional
56,89,14,1,77,57.75627159,Professional
72,97,6,3,70,90.73927755,Intermediate
65,84,9,3,77,90.13840156,Professional
21,75,3,5,81,77.06993149,Advanced
56,72,3,12,63,58.92318244,Professional
65,100,6,6,74,129.7431033,Intermediate
77,93,12,4,77,45.02279022,Intermediate
69,61,8,7,71,73.59823222,Professional
39,85,9,12,55,142.1119602,Advanced
64,76,10,4,74,72.64083482,Professional
76,98,10,5,73,80.53396054,Intermediate
79,100,12,6,69,112.4299273,Intermediate
58,98,8,9,86,88.62974982,Intermediate
59,67,4,10,69,77.90799253,Professional
49,98,4,10,89,103.0166438,Intermediate
58,64,7,0,79,87.19040597,Beginner
66,60,1,11,68,92.19114742,Professional
45,76,12,8,66,81.75890644,Advanced
54,69,14,4,82,113.0603379,Beginner
40,73,11,7,74,61.97529996,Advanced
48,94,2,7,88,82.09539571,Intermediate
73,63,8,0,68,138.6670869,Beginner
54,87,2,4,83,74.1180725,Intermediate
70,76,11,3,75,86.01130584,Professional
33,74,4,9,66,109.0069154,Advanced
64,70,13,3,78,73.25228896,Professional
23,70,2,3,79,119.2260504,Advanced
74,70,2,10,64,87.15200342,Professional
56,76,14,2,81,68.0000069,Professional
60,80,12,6,84,100.0197219,Beginner
62,67,13,5,81,123.1599096,Beginner
66,50,7,9,71,74.17513131,Professional
42,82,11,11,61,85.5234679,Advanced
64,70,1,9,70,91.08725337,Professional
54,91,4,6,87,65.5928055,Advanced
67,69,9,6,83,94.69812975,Beginner
75,68,3,5,81,73.42489011,Beginner
46,76,10,12,62,68.34209489,Advanced
73,100,6,3,66,117.5261039,Intermediate
35,63,9,1,87,62.20534448,Advanced
75,98,14,8,81,75.75521871,Intermediate
38,72,9,6,71,92.53831259,Advanced
57,89,3,5,82,79.88243434,Intermediate
74,100,8,3,68,105.3286258,Intermediate
55,65,10,0,76,99.71939507,Beginner
69,68,9,4,79,108.0237972,Beginner
61,73,3,10,66,75.86620314,Professional
24,74,2,7,73,104.7536501,Advanced
67,66,7,1,75,102.1789013,Beginner
35,73,12,2,83,66.24736328,Advanced
74,72,9,3,75,88.55853331,Professional
60,61,11,6,74,65.02566092,Professional
46,91,20,6,65,94.95368291,Advanced
74,73,8,3,76,94.95777432,Professional
56,76,13,8,91,85.31498903,Beginner
71,80,2,6,86,46.49388122,Beginner
61,92,2,1,70,110.948921,Intermediate
70,95,7,3,73,91.79008798,Intermediate
33,80,6,10,65,91.55155111,Advanced
65,83,3,7,90,60.02538412,Beginner
39,70,8,6,72,101.7355338,Advanced
60,90,16,1,83,73.32820765,Beginner
60,100,5,7,79,112.1939713,Intermediate
23,69,4,0,86,100.2483881,Advanced
74,73,8,5,73,93.70533719,Professional
44,71,14,8,69,68.42134891,Professional
31,76,8,5,75,96.34629817,Advanced
83,70,1,9,86,61.79302062,Beginner
73,74,4,6,70,90.60320747,Professional
63,76,8,4,82,81.07557692,Beginner
82,73,2,11,89,62.28286041,Beginner
49,81,15,9,61,99.45504661,Advanced
74,70,8,9,85,96.68532985,Beginner
65,71,7,7,70,72.49620019,Professional
58,100,9,12,87,114.4079711,Intermediate
59,93,5,3,80,58.01827789,Intermediate
40,79,9,10,64,84.91112016,Advanced
12,62,5,3,87,93.22993791,Advanced
79,95,7,3,64,46.66256929,Professional
50,88,18,0,80,47.5836074,Professional
78,74,4,10,89,62.34836387,Beginner
74,75,5,11,93,53.98334337,Beginner
27,74,1,9,69,103.5403083,Advanced
74,68,2,2,77,73.93718978,Beginner
66,100,8,6,78,85.43882661,Intermediate
68,80,9,6,68,66.08817434,Professional
34,66,6,3,79,90.13676247,Advanced
68,100,7,6,75,102.7213085,Intermediate
62,76,9,8,91,72.35977303,Beginner
68,100,15,12,86,91.33890394,Intermediate
80,50,1,7,75,127.4114584,Professional
75,87,10,0,80,96.69534796,Professional
43,95,7,16,100,74.03629001,Intermediate
54,82,12,5,84,90.69727256,Beginner
64,64,8,7,72,70.41909738,Professional
62,96,8,8,86,62.15492077,Intermediate
67,95,10,6,80,76.63321628,Intermediate
45,75,11,8,64,109.9286267,Advanced
64,73,8,7,88,74.56086118,Beginner
55,95,7,11,91,88.08321692,Professional
58,100,2,4,74,121.6759899,Intermediate
57,97,4,6,86,47.67286354,Intermediate
73,75,9,2,77,91.42441026,Professional
59,80,12,11,97,66.00587485,Beginner
36,77,10,6,74,70.26585595,Advanced
69,93,6,0,74,54.67663436,Intermediate
52,72,12,4,86,88.36377087,Beginner
85,87,5,2,74,106.4863658,Professional
42,72,10,7,69,81.13663318,Advanced
62,62,5,8,72,88.59646571,Intermediate
57,100,9,10,90,68.08195763,Intermediate
77,94,9,1,70,56.91921156,Intermediate
33,70,10,2,87,50.53084702,Advanced
32,65,8,0,87,82.10159104,Advanced
31,68,11,2,79,92.82623038,Advanced
44,69,11,8,74,50.39683034,Advanced
59,91,7,7,89,52.83833859,Intermediate
69,65,6,6,74,96.02798595,Professional
31,73,5,6,73,93.90750734,Advanced
89,63,4,8,79,109.5946213,Beginner
73,64,7,7,85,88.65608259,Beginner
19,64,3,0,93,80.64964328,Advanced
51,69,12,6,75,52.634044,Professional
67,79,6,5,73,88.08025458,Professional
28,68,1,8,74,85.07547869,Advanced
30,76,4,8,70,97.23758884,Advanced
65,62,0,10,70,105.2533122,Professional
39,80,9,9,61,123.7528653,Advanced
45,90,5,13,100,79.46080288,Intermediate
70,71,8,9,89,80.47735877,Beginner
62,83,9,4,75,77.22678596,Professional
36,73,7,7,70,101.8958057,Advanced
62,70,3,9,70,87.78577245,Professional
55,100,8,14,86,150.9652769,Intermediate
57,81,12,3,76,59.7734616,Professional
76,94,9,4,69,105.7957536,Intermediate
63,95,3,2,76,67.90873681,Intermediate
68,100,4,3,69,112.8572641,Intermediate
73,75,4,5,80,81.8833186,Beginner
77,52,0,9,72,115.2131765,Professional
49,77,16,10,60,84.09964893,Advanced
62,73,3,3,85,46.60613306,Beginner
58,62,14,1,75,139.2250633,Beginner
44,77,11,12,64,52.51921942,Advanced
56,55,1,10,76,107.0475779,Professional
80,99,8,1,62,68.56856678,Intermediate
77,70,7,8,82,103.6514065,Beginner
67,73,9,4,76,82.85787067,Professional
68,98,6,3,73,94.24030897,Intermediate
64,94,9,7,87,48.89339037,Intermediate
36,89,11,10,62,93.70100088,Advanced
69,97,0,3,62,86.79832971,Intermediate
80,96,7,0,59,109.0413228,Intermediate
76,68,4,6,83,76.24061973,Beginner
59,69,7,5,85,76.09945594,Beginner
58,95,6,8,82,108.4178537,Intermediate
21,64,3,8,79,59.79328901,Advanced
89,68,0,6,71,129.3291114,Beginner
28,76,6,6,77,72.19983599,Advanced
56,75,11,5,86,84.56949099,Beginner
27,73,6,4,80,80.80465503,Advanced
60,94,2,2,76,85.54234998,Intermediate
23,69,2,4,82,84.9339864,Advanced
41,77,15,3,75,84.93613276,Advanced
56,75,13,3,78,60.08944258,Professional
70,94,9,5,79,71.34791368,Intermediate
47,86,20,1,79,54.61781043,Professional
30,75,6,5,74,110.3838636,Advanced
63,93,6,10,92,45.57110203,Beginner
48,94,7,10,91,90.12179349,Intermediate
86,96,13,0,63,66.02013578,Intermediate
60,98,9,10,88,74.84294528,Intermediate
51,81,16,11,61,58.62035608,Advanced
75,70,9,8,82,111.5247866,Beginner
50,100,11,16,100,77.77450246,Intermediate
17,75,2,9,73,89.70773128,Advanced
82,87,8,3,70,88.73940614,Professional
63,72,11,4,79,115.1353357,Beginner
61,99,7,6,83,66.39808965,Intermediate
58,69,7,0,76,88.80060409,Beginner
69,80,4,11,97,62.58849948,Beginner
31,75,9,3,79,89.26713557,Advanced
71,96,10,8,76,111.1512989,Intermediate
75,97,13,8,79,91.88893226,Intermediate
51,74,7,3,91,51.93273593,Beginner
60,97,10,11,94,50.70168428,Intermediate
39,90,18,1,82,48.49868397,Professional
36,93,3,12,100,67.31819139,Intermediate
23,66,1,4,82,92.94560106,Intermediate
28,60,4,0,88,81.68876486,Advanced
96,73,3,2,74,128.4377994,Professional
82,68,3,7,69,106.7609209,Professional
79,50,3,12,67,122.4278938,Professional
72,98,12,8,78,98.77159194,Intermediate
75,56,11,3,78,93.58581643,Professional
44,69,11,6,74,70.19899106,Advanced
88,100,13,3,61,114.1437259,Intermediate
68,74,5,7,89,56.04606958,Beginner
82,97,0,7,55,123.4907106,Intermediate
82,79,0,6,81,53.53301892,Beginner
51,92,0,4,82,88.42397912,Intermediate
59,82,11,4,75,68.7416243,Professional
38,80,13,5,72,89.56906811,Advanced
73,100,12,5,73,95.05624972,Intermediate
64,97,6,8,79,113.6689545,Intermediate
67,95,0,3,64,76.21634238,Intermediate
53,98,4,10,90,83.35854112,Intermediate
66,76,6,3,79,80.7917611,Beginner
58,67,16,10,93,107.2962293,Beginner
40,68,10,5,76,68.69966942,Advanced
58,73,12,4,82,104.4109106,Beginner
70,61,3,10,67,83.28902466,Professional
65,94,5,4,80,62.12876086,Intermediate
79,66,2,4,79,79.69582941,Beginner
81,100,10,1,65,75.96142487,Intermediate
17,54,0,2,99,77.65419094,Advanced
80,95,9,0,62,106.2328528,Intermediate
73,75,7,13,96,64.24637447,Beginner
63,78,10,11,96,63.19294934,Beginner
68,62,8,4,81,102.8948745,Beginner
63,62,9,6,76,86.97637574,Professional
29,85,2,15,56,98.85492027,Advanced
51,88,2,4,89,55.82782366,Intermediate
22,68,1,7,76,90.45797625,Advanced
79,100,16,9,77,92.06286655,Intermediate
56,80,11,5,85,86.27721008,Beginner
78,68,6,4,74,101.3462683,Professional
58,75,9,7,69,53.01698932,Professional
57,74,14,7,88,103.0924777,Beginner
35,83,7,12,61,90.92360052,Advanced
81,100,14,8,72,119.4024975,Intermediate
63,71,7,6,72,76.76641349,Professional
60,96,5,5,82,71.52040862,Intermediate
75,54,2,9,70,100.1257736,Professional
72,74,9,9,87,92.53780245,Beginner
61,86,20,11,56,65.64052067,Advanced
85,99,10,1,59,124.871825,Intermediate
48,98,6,9,95,48.49376256,Intermediate
26,68,3,4,82,70.53101265,Advanced
35,66,13,2,94,51.45095407,Advanced
32,74,9,4,80,74.98779432,Advanced
61,83,10,10,93,62.50607635,Beginner
69,89,11,5,82,51.19692774,Intermediate
70,87,12,1,75,76.68907906,Professional
30,81,1,14,56,116.6809238,Advanced
50,82,15,10,95,77.70255134,Beginner
73,66,10,6,79,128.5490905,Beginner
15,60,2,1,92,77.28458915,Advanced
79,100,11,5,68,112.3055626,Intermediate
59,66,7,8,72,71.36682249,Professional
34,72,12,0,83,84.10044877,Advanced
82,81,7,2,75,103.903011,Professional
27,70,6,2,82,93.80715806,Advanced
69,59,5,8,71,84.80409085,Professional
69,73,5,4,81,81.16056567,Beginner
58,55,7,11,69,73.90624525,Professional
77,76,12,1,78,92.30111949,Professional
25,72,2,7,77,71.97393946,Advanced
80,81,0,5,81,49.84278269,Beginner
26,64,5,0,90,71.03704979,Advanced
61,98,7,7,80,110.6346329,Intermediate
67,78,3,8,67,79.91715114,Professional
65,71,11,8,87,98.5726195,Beginner
70,79,10,5,70,69.24458901,Professional
23,61,4,0,96,47.44058261,Advanced
33,72,7,5,74,93.64722584,Advanced
23,64,0,1,90,82.5023299,Advanced
22,66,1,7,78,77.65697786,Advanced
67,59,12,5,77,77.99088227,Professional
37,79,11,6,72,91.22284122,Advanced
57,65,14,5,75,53.27056977,Professional
90,97,9,6,56,55.78285343,Intermediate
68,95,10,6,83,45.31823325,Intermediate
10,58,2,3,100,80.07818187,Advanced
60,68,13,8,89,103.2627627,Beginner
59,98,5,7,81,103.0735041,Intermediate
58,99,4,9,80,134.4236821,Intermediate
50,86,6,2,86,45.32386555,Beginner
26,74,3,7,74,89.32811949,Advanced
18,75,2,10,73,81.19158821,Advanced
59,75,5,2,82,57.64085554,Beginner
74,80,1,6,70,103.444629,Professional
76,63,6,5,79,102.7887282,Beginner
84,69,9,0,83,124.2742615,Professional
65,63,2,10,68,85.22060255,Professional
35,61,14,5,98,69.04968815,Advanced
38,67,9,3,81,67.41544969,Advanced
34,66,12,1,88,93.68294962,Beginner
74,98,12,9,83,84.07345038,Intermediate
56,70,9,7,73,66.61696584,Professional
69,98,9,6,75,110.8749761,Intermediate
56,85,6,4,86,50.10739043,Beginner
67,79,7,5,70,72.05662206,Advanced
44,76,17,5,73,70.82496904,Advanced
47,69,14,3,75,80.31015323,Advanced
67,60,7,7,74,85.38000697,Professional
26,68,6,0,86,99.39039936,Advanced
80,51,2,8,69,93.88734088,Professional
83,97,10,1,66,68.58898938,Intermediate
80,67,2,5,81,75.17817972,Beginner
38,73,7,8,67,108.1098789,Advanced
72,100,8,3,71,82.25366299,Intermediate
96,97,10,2,55,121.4085155,Intermediate
45,91,3,11,97,71.23894764,Intermediate
64,92,9,3,73,67.72354168,Professional
79,85,3,16,100,62.71828629,Beginner
71,70,9,5,71,74.06734115,Professional
66,98,8,6,77,98.66043226,Intermediate
24,73,3,4,78,107.655981,Advanced
74,71,3,6,79,83.13698985,Beginner
83,95,10,0,61,95.98485378,Intermediate
29,71,6,8,75,56.33498486,Advanced
51,78,14,9,94,80.14416627,Beginner
65,50,3,11,70,91.32261871,Professional
17,60,1,3,91,50.73109551,Advanced
44,59,12,8,76,54.16742367,Professional
44,70,17,0,85,66.44250438,Advanced
82,67,2,8,69,96.13519826,Professional
62,79,9,5,71,65.0325136,Professional
72,75,8,12,93,71.67367542,Beginner
64,65,12,4,76,64.06040783,Professional
53,70,9,7,73,61.0861848,Professional
56,100,9,12,87,107.9850983,Intermediate
54,90,3,5,90,59.9386764,Intermediate
60,78,4,9,67,72.45475096,Professional
62,85,8,5,87,56.38495852,Intermediate
68,92,8,3,75,74.89200504,Intermediate
64,77,12,12,95,84.17996744,Beginner
56,73,3,10,67,68.16970455,Professional
40,78,13,3,70,124.8749489,Advanced
21,65,2,1,91,59.88804296,Advanced
22,75,3,13,65,86.41775044,Advanced
67,70,9,9,90,83.25716509,Beginner
68,98,8,7,76,120.8535596,Intermediate
36,77,10,6,74,75.2284981,Advanced
55,91,4,6,91,67.59547432,Intermediate
46,76,17,4,75,73.37601309,Advanced
63,70,6,8,71,81.49519255,Professional
33,83,2,15,55,123.2452522,Advanced
71,65,12,9,84,125.9850228,Beginner
59,67,10,4,84,94.21654786,Beginner
69,61,1,11,67,91.91963362,Professional
52,88,7,9,96,56.05162535,Intermediate
65,96,14,13,94,53.8672989,Intermediate
68,71,10,3,78,85.84068701,Professional
83,100,16,8,69,140.4638202,Intermediate
69,80,10,9,87,90.45454279,Advanced
64,55,7,5,80,101.1189674,Professional
63,72,6,2,81,74.5910538,Beginner
68,93,6,3,76,66.65368534,Intermediate
75,74,13,0,83,101.7964792,Professional
36,77,10,6,71,93.79524481,Advanced
70,77,6,8,87,70.99171272,Beginner
72,72,2,7,71,104.1188942,Professional
39,79,12,5,71,102.3332821,Advanced
61,67,12,4,77,71.11176683,Professional
73,65,7,5,80,102.2727394,Beginner
51,100,9,15,93,121.4138113,Intermediate
60,92,3,4,63,89.36995415,Intermediate
20,77,1,11,69,85.00799704,Advanced
83,75,3,5,70,105.4506302,Professional
81,68,9,11,85,113.4837883,Beginner
32,62,12,3,100,62.2747313,Advanced
74,71,4,5,78,92.03302939,Beginner
38,82,10,10,64,87.09643185,Advanced
70,95,10,5,76,77.90782505,Intermediate
68,93,8,3,78,45.96389182,Intermediate
49,85,11,5,75,61.20764359,Professional
84,71,0,4,77,71.00234385,Beginner
46,91,11,8,97,52.21011789,Beginner
30,62,5,2,87,56.31831566,Advanced
57,81,15,2,75,57.49450773,Professional
69,99,15,9,85,63.8972617,Intermediate
82,62,5,8,84,91.27695065,Beginner
82,100,12,5,66,121.0515378,Intermediate
62,61,5,5,65,107.9675663,Beginner
47,97,8,14,100,72.47195324,Intermediate
60,99,4,6,77,106.2672126,Intermediate
66,90,3,7,67,84.01094516,Professional
51,66,6,11,68,61.35796222,Professional
79,65,1,5,83,62.28987957,Beginner
71,95,9,3,75,56.88410473,Intermediate
59,94,2,3,81,52.75196004,Intermediate
50,83,17,1,80,46.06753421,Professional
68,99,3,2,68,109.1207855,Intermediate
67,71,13,4,74,67.61103705,Professional
64,72,5,0,77,75.17879118,Beginner
73,74,4,7,85,64.73510997,Beginner
59,89,1,0,76,71.90138915,Intermediate
59,90,2,1,80,51.11315076,Intermediate
54,96,20,13,55,80.19504301,Advanced
72,74,5,7,88,56.81950833,Beginner
30,68,3,7,76,65.20010091,Advanced
51,50,4,11,71,75.97645198,Professional
25,58,6,4,96,110.829341,Advanced
70,62,7,6,73,88.28915543,Professional
57,70,14,5,85,109.8942297,Beginner
71,59,6,8,71,86.70140307,Professional
83,61,1,9,67,119.1531862,Professional
68,96,14,10,88,63.07693392,Intermediate
58,70,9,5,77,79.36622728,Professional
69,71,8,5,73,84.45928223,Professional
49,64,13,0,79,110.9277582,Beginner
64,79,8,6,84,84.01496148,Beginner
10,68,8,7,86,64.63613873,Advanced
64,96,1,0,70,88.34221433,Intermediate
29,72,5,5,74,110.8167417,Advanced
90,95,15,1,63,77.73758459,Intermediate
21,61,4,1,97,68.75763388,Advanced
54,63,8,8,73,64.86379583,Professional
52,58,6,11,68,60.90039773,Professional
63,74,13,10,91,97.73130115,Intermediate
69,57,5,8,73,94.16805945,Professional
83,50,4,2,72,125.6854169,Beginner
43,73,13,5,74,66.94196793,Advanced
44,87,17,7,67,81.84174531,Advanced
69,98,7,6,76,96.46899472,Intermediate
14,62,1,0,92,87.72120022,Advanced
72,80,6,3,74,89.38984418,Professional
31,70,5,6,75,94.34019391,Advanced
70,84,5,12,96,55.15854943,Beginner
69,70,3,0,72,83.42049938,Beginner
62,62,10,3,80,108.2226053,Beginner
78,98,8,1,62,108.9518382,Intermediate
66,77,4,2,79,67.68871862,Beginner
67,79,16,0,82,73.57782416,Professional
52,59,17,7,90,117.958436,Beginner
85,77,5,5,81,64.39318412,Beginner
70,77,10,4,74,79.33996689,Professional
40,70,8,9,72,46.92598486,Advanced
65,78,5,6,86,59.24367766,Beginner
39,71,9,6,75,69.06501388,Advanced
45,81,16,2,78,48.00702708,Professional
77,61,5,4,78,104.8097858,Beginner
63,67,14,9,88,118.3920709,Beginner
16,69,2,1,90,117.0332552,Advanced
73,96,11,4,77,59.14772051,Intermediate
13,70,2,5,85,64.32526548,Advanced
21,70,6,1,86,86.49125821,Advanced
14,59,6,5,87,63.95661531,Advanced
76,68,6,6,81,99.66117146,Beginner
65,83,1,4,84,55.04429732,Beginner
60,77,14,1,80,76.41338709,Professional
46,71,13,5,69,104.2612876,Advanced
70,98,2,1,62,99.61640377,Intermediate
60,60,11,1,76,121.8560664,Beginner
33,69,4,6,72,111.5328045,Advanced
62,93,7,6,82,78.88269134,Intermediate
27,64,4,3,85,69.22034528,Advanced
58,69,11,0,75,118.1807297,Beginner
73,65,6,6,73,92.48163623,Professional
63,91,11,4,71,62.54714573,Professional
72,66,8,9,88,89.5834515,Beginner
78,62,1,1,76,77.35970043,Beginner
35,78,10,5,72,106.4200431,Advanced
60,75,15,9,87,114.9383007,Beginner
68,64,8,5,77,93.65918692,Professional
69,82,7,7,68,69.30084832,Professional
75,76,11,2,73,68.51880781,Professional
66,90,3,4,73,103.3456546,Professional
62,94,12,11,92,67.2785594,Intermediate
44,68,13,3,78,70.82348132,Advanced
59,78,9,6,87,75.02547407,Beginner
76,100,2,1,55,148.779594,Intermediate
85,66,1,5,77,85.73869705,Beginner
68,63,9,6,84,97.46951574,Beginner
64,96,9,9,84,85.33959777,Intermediate
67,77,6,4,76,100.9858709,Professional
25,65,4,2,88,57.73536608,Advanced
22,69,4,2,88,66.82942134,Advanced
62,97,0,0,66,109.6626321,Intermediate
76,64,0,9,69,110.3140265,Professional
63,94,0,1,71,93.25015334,Intermediate
28,71,8,3,80,77.4492254,Advanced
85,55,2,6,75,124.434468,Professional
71,68,8,5,80,105.3155308,Beginner
61,84,5,8,93,55.45381477,Beginner
88,91,10,6,55,62.01446453,Professional
54,91,7,9,92,64.60885223,Intermediate
72,92,16,12,95,55.59095926,Intermediate
64,81,8,10,93,56.69593732,Beginner
49,79,19,4,71,88.03411312,Advanced
50,69,17,7,91,108.9726786,Beginner
77,100,6,1,58,147.8222326,Intermediate
70,78,10,12,91,89.62430507,Beginner
55,98,6,9,85,110.112168,Intermediate
35,78,7,8,67,100.7087114,Advanced
59,65,11,5,77,73.86293404,Professional
10,66,6,4,88,85.3110008,Advanced
58,70,12,2,78,120.1794092,Beginner
35,78,6,11,66,62.98735796,Advanced
79,61,0,8,70,116.9622281,Professional
53,76,10,5,89,62.8839255,Beginner
60,80,7,4,85,61.03509339,Beginner
61,68,12,5,75,66.25207738,Professional
26,69,4,5,83,55.76938159,Advanced
59,100,7,8,85,71.30268316,Intermediate
63,92,10,9,87,71.75169861,Intermediate
62,54,8,8,73,83.80302956,Professional
58,95,11,2,74,61.91064619,Professional
62,79,8,8,91,61.19015741,Beginner
11,66,3,2,89,90.32755611,Advanced
71,77,6,4,75,96.71413323,Professional
91,100,9,3,55,95.11364222,Intermediate
24,67,0,7,76,84.84815083,Advanced
70,94,13,8,84,60.43691804,Intermediate
42,82,15,7,96,63.69124752,Beginner
60,77,10,6,86,83.05151014,Beginner
64,74,12,7,84,110.3833983,Beginner
23,75,5,3,80,93.03645916,Advanced
70,97,8,4,76,76.37082617,Intermediate
61,78,11,8,90,83.86512983,Beginner
63,70,8,2,78,100.402618,Beginner
28,76,1,11,67,81.31009657,Advanced
65,75,5,0,71,96.65268887,Beginner
88,75,7,2,77,64.02585369,Beginner
55,79,16,12,56,81.04394586,Advanced
64,60,0,12,67,88.45146054,Professional
63,80,13,3,74,59.62060493,Professional
82,100,7,1,58,99.25892215,Intermediate
74,100,10,6,74,85.91910228,Intermediate
57,69,6,0,78,74.35583535,Beginner
78,71,9,4,72,82.6162318,Professional
56,91,8,9,95,56.56479391,Intermediate
34,69,7,4,76,98.95709809,Advanced
20,67,2,1,89,80.49848339,Advanced
54,65,14,6,89,99.56028294,Beginner
69,93,9,4,78,60.678366,Intermediate
40,95,9,18,100,49.00416372,Intermediate
68,63,7,5,77,95.0687323,Professional
62,100,9,9,84,83.33574973,Intermediate
56,62,9,6,76,75.0194237,Professional
42,69,12,5,77,60.89106483,Advanced
57,81,9,5,74,69.45426037,Professional
68,55,5,8,74,95.52109039,Professional
44,84,14,7,93,72.25210547,Beginner
66,73,8,4,80,96.22967353,Beginner
19,71,0,6,83,55.41355811,Advanced
60,96,9,8,88,62.44432823,Intermediate
57,86,19,1,84,66.76226538,Professional
57,70,8,7,73,74.15644241,Professional
79,61,3,7,71,107.5299506,Professional
65,100,6,3,77,47.72093121,Intermediate
64,62,10,4,82,100.5401603,Beginner
51,80,12,4,85,83.05226306,Beginner
24,64,0,6,81,61.22783261,Advanced
66,82,7,5,72,83.2610535,Professional
32,73,5,6,70,112.8156149,Advanced
71,65,7,4,77,95.2204489,Professional
44,79,12,8,63,121.0069157,Advanced
26,65,0,8,75,78.21007467,Advanced
62,76,10,6,72,64.0980349,Professional
53,93,14,18,100,64.09148469,Intermediate
31,67,0,11,71,54.96030061,Advanced
61,88,2,5,89,70.55758739,Beginner
22,57,3,1,100,49.42151582,Advanced
50,96,7,12,100,100.9107216,Beginner
69,98,11,8,81,93.83416229,Intermediate
61,88,15,0,82,66.4791392,Professional
67,76,4,5,86,53.35740145,Beginner
81,99,9,1,66,87.5981593,Intermediate
34,68,5,6,75,83.77949307,Advanced
46,93,7,13,100,56.72138702,Intermediate
42,82,11,10,61,88.16085883,Advanced
61,71,11,6,83,109.9055827,Beginner
65,72,4,9,67,78.73785686,Professional
30,71,6,3,78,104.0901818,Advanced
102,94,8,12,55,51.56421095,Advanced
27,74,7,3,82,77.84014091,Advanced
33,67,10,0,88,61.00538229,Advanced
19,66,5,3,95,100.5123925,Advanced
83,99,15,4,71,70.75520793,Intermediate
76,69,2,0,74,52.86091845,Beginner
70,98,18,16,93,86.55216838,Intermediate
72,87,14,0,79,82.3967084,Professional
65,100,3,2,69,106.577179,Intermediate
66,88,14,0,77,66.06781567,Professional
63,77,13,1,80,76.01301046,Professional
63,70,5,12,67,114.4746975,Professional
61,96,3,2,78,55.85858998,Intermediate
83,50,2,6,78,136.6931352,Professional
82,50,4,10,71,140.90099,Professional
59,92,1,3,81,54.62707401,Intermediate
77,57,1,8,70,113.5122704,Professional
69,67,2,13,61,88.37781091,Professional
71,73,1,4,84,45.80970532,Beginner
79,68,1,9,66,102.218235,Professional
67,93,11,4,66,49.34622069,Professional
68,99,8,6,79,77.89919022,Intermediate
60,77,8,7,91,58.23744543,Beginner
54,90,2,7,86,85.89998258,Intermediate
33,73,5,8,72,82.71695485,Advanced
17,57,2,1,94,59.94870802,Advanced
47,75,12,10,65,57.50636497,Advanced
56,78,19,8,63,69.12413163,Advanced
84,66,1,4,77,79.76514097,Beginner
70,72,8,7,86,87.0794593,Beginner
68,79,4,5,83,67.24255249,Beginner
50,87,14,15,55,69.17187384,Advanced
53,75,11,5,87,77.67166378,Beginner
72,67,5,7,87,73.11685046,Beginner
56,93,1,3,79,78.73305403,Intermediate
87,62,0,9,67,116.1388057,Professional
30,85,7,10,65,102.1741411,Advanced
71,99,11,4,74,79.30092693,Intermediate
26,78,8,5,74,96.2311074,Advanced
66,96,11,7,86,45.9624675,Intermediate
44,88,8,18,55,104.4938305,Advanced
70,84,0,6,89,73.23700294,Beginner
104,100,10,6,55,150.4324794,Intermediate
57,95,10,9,92,49.45075194,Intermediate
63,88,4,1,71,83.75741155,Intermediate
30,67,3,7,76,72.78545184,Advanced
57,76,11,6,88,84.73149,Beginner
87,100,9,1,56,99.57569813,Intermediate
68,94,8,4,76,66.04690128,Intermediate
76,58,3,0,72,100.8643012,Beginner
71,50,2,11,69,98.40068451,Professional
53,79,19,7,67,74.04076594,Advanced
22,70,3,11,70,80.7437919,Advanced
62,70,11,8,90,86.09270321,Beginner
77,66,11,2,78,88.94119009,Professional
72,100,11,6,74,101.5281903,Intermediate
51,90,10,13,100,48.32946081,Intermediate
66,64,8,6,73,81.31221286,Professional
55,65,16,5,83,128.8047769,Beginner
81,79,0,5,70,112.9259215,Professional
52,94,0,3,78,99.53588965,Intermediate
56,85,4,3,88,77.4070687,Intermediate
90,98,10,2,55,106.5101254,Intermediate
76,78,4,9,87,65.72088967,Beginner
77,94,8,0,69,64.37748837,Intermediate
43,75,19,9,96,95.05333533,Beginner
43,77,11,7,70,80.50923295,Advanced
27,69,1,9,73,76.77912607,Advanced
73,72,7,5,72,82.64030959,Professional
72,98,7,3,69,103.0705893,Intermediate
55,76,6,4,91,53.20909618,Beginner
80,69,5,8,82,97.83065575,Beginner
48,85,2,3,92,80.32241196,Intermediate
72,71,3,7,88,56.70931455,Beginner
66,76,8,6,83,88.66940291,Beginner
61,70,8,3,80,86.50747779,Beginner
45,95,3,9,96,53.91289708,Intermediate
80,72,3,3,74,97.46592559,Beginner
27,62,1,4,82,77.96108219,Advanced
65,63,0,12,65,93.77252875,Professional
59,91,13,3,74,60.98297426,Professional
45,91,12,15,55,97.97699413,Advanced
80,92,9,1,70,62.07187903,Intermediate
74,78,3,5,71,93.29893804,Professional
34,76,5,11,66,79.55964552,Advanced
58,67,6,11,64,54.83521918,Professional
67,94,6,2,75,68.93058107,Intermediate
64,70,9,6,73,76.60511827,Professional
48,78,13,5,75,52.42468229,Professional
66,100,11,10,82,104.241185,Intermediate
13,56,4,0,94,89.00305665,Intermediate
14,62,1,1,92,67.81103349,Advanced
21,66,5,0,94,65.25579647,Advanced
62,89,11,8,92,58.60980003,Intermediate
30,63,5,3,85,67.40727776,Advanced
35,75,9,5,74,87.83445482,Advanced
68,74,9,8,86,87.46300974,Beginner
88,100,16,3,63,107.5762455,Intermediate
73,75,3,6,84,62.47465715,Beginner
51,73,5,7,77,87.60437458,Professional
89,65,0,7,68,119.8648493,Professional
70,71,4,5,74,96.23926517,Professional
68,57,2,11,67,88.59593486,Professional
32,67,7,4,82,63.7353196,Advanced
60,73,20,1,77,58.73722195,Advanced
75,100,8,4,67,113.8704503,Intermediate
71,71,7,4,76,96.13375864,Professional
87,87,2,2,73,122.599328,Professional
22,72,1,4,77,122.6677898,Advanced
79,76,5,12,91,70.41454132,Beginner
70,72,1,0,76,69.24049446,Beginner
60,90,7,7,84,83.01963481,Intermediate
36,80,8,10,65,91.17142679,Advanced
49,89,5,3,71,68.24630984,Intermediate
26,73,2,7,71,123.9288097,Advanced
13,66,2,4,88,66.82313494,Advanced
87,100,10,0,59,98.69248769,Intermediate
64,95,9,5,79,64.00620762,Intermediate
65,81,3,7,91,55.24503687,Beginner
67,73,7,8,90,66.86884689,Beginner
28,75,9,2,83,84.95891151,Advanced
71,71,5,7,88,64.35121975,Beginner
41,74,10,8,70,62.61149261,Advanced
16,64,1,4,90,50.20571183,Advanced
66,68,11,9,89,99.93326264,Beginner
66,75,3,7,73,100.2949965,Professional
77,61,0,8,71,118.6106201,Professional
38,76,14,4,74,81.7654756,Advanced
71,72,1,2,78,61.49842879,Beginner
56,73,5,8,72,82.40694983,Professional
69,99,2,1,62,101.3847851,Intermediate
40,61,7,5,78,75.52148382,Advanced
62,96,8,6,84,53.12588771,Intermediate
83,99,11,2,63,106.7433046,Intermediate
72,70,4,7,70,91.87149164,Professional
73,77,15,0,78,70.12404954,Professional
62,94,7,6,82,83.41617644,Intermediate
39,79,12,6,71,80.90221901,Advanced
59,92,3,3,81,63.07870132,Intermediate
66,71,2,10,66,80.29401786,Professional
40,87,10,13,58,80.23602503,Advanced
54,86,5,8,94,54.61857619,Intermediate
47,96,6,11,96,72.96035244,Intermediate
31,59,1,6,82,48.93171355,Advanced
67,72,8,8,88,81.61196171,Beginner
64,95,6,4,78,69.43050266,Intermediate
32,79,6,11,63,84.82047532,Advanced
60,57,11,7,74,60.29922984,Professional
36,81,10,8,68,82.75080773,Advanced
40,84,8,14,55,85.56669224,Advanced
57,72,5,7,72,77.79629602,Professional
61,82,8,4,75,78.68098228,Professional
74,78,2,6,84,57.99563658,Beginner
54,92,9,11,98,45.0897184,Intermediate
67,100,6,4,72,96.74796873,Intermediate
31,69,6,3,77,123.2849122,Advanced
61,71,10,5,85,91.74322711,Beginner
61,72,8,2,77,97.86160552,Beginner
85,70,0,7,82,65.98668258,Beginner
77,63,3,7,71,103.4215436,Professional
42,92,1,4,81,104.0135154,Intermediate
59,80,13,1,80,73.56967574,Professional
64,74,10,5,74,74.99167588,Professional
59,65,7,6,75,77.65571475,Professional
64,97,9,6,82,71.4608651,Intermediate
51,92,3,11,89,116.3941082,Intermediate
70,63,4,0,74,94.54476525,Beginner
65,91,3,0,74,46.1058761,Intermediate
28,70,5,4,76,106.1892227,Advanced
51,96,2,7,86,89.72842037,Intermediate
62,87,20,6,61,98.2249604,Advanced
66,85,5,5,71,84.66181646,Professional
11,58,2,2,100,79.52321343,Advanced
35,69,12,0,85,88.51917585,Advanced
59,68,7,6,76,79.39874911,Professional
66,83,6,6,69,75.99525913,Professional
64,100,7,7,79,95.708125,Intermediate
64,64,11,7,87,101.4593617,Beginner
77,99,13,7,76,82.54944643,Intermediate
64,100,4,5,74,107.4135864,Intermediate
43,77,14,6,70,91.16301134,Advanced
33,72,8,3,77,97.755624,Advanced
55,80,10,6,89,70.52266397,Intermediate
65,94,8,7,84,63.17118525,Intermediate
65,92,5,2,77,64.01872699,Intermediate
39,58,6,4,81,67.99619763,Advanced
41,68,16,1,88,64.30241796,Advanced
43,99,3,11,93,109.2238472,Intermediate
71,93,3,1,66,80.85600185,Intermediate
61,73,8,4,77,84.690284,Professional
29,73,8,3,83,68.16799053,Advanced
31,70,4,7,74,80.75263954,Advanced
31,79,4,12,65,75.12436409,Advanced
74,70,5,8,87,74.14110849,Beginner
77,95,10,1,70,60.05218782,Intermediate
64,83,14,3,75,66.35961687,Professional
86,100,9,0,55,133.5467937,Intermediate
60,96,1,2,80,60.62608994,Intermediate
81,61,6,6,80,108.9427329,Beginner
19,70,4,12,72,61.29517218,Advanced
37,70,12,2,83,67.42424031,Advanced
29,71,20,1,79,136.9312384,Beginner
24,56,1,1,92,61.52592879,Advanced
81,78,0,8,86,47.04274134,Beginner
69,98,7,1,73,51.57136343,Intermediate
63,72,7,6,74,84.36388229,Professional
28,74,6,4,77,104.8506752,Advanced
66,79,8,6,81,97.60851419,Beginner
44,69,17,1,84,101.013099,Advanced
53,92,7,8,95,62.51782305,Beginner
70,86,9,4,71,75.82565909,Professional
64,63,10,4,78,83.42043831,Professional
77,75,0,3,80,52.29018487,Beginner
43,92,1,9,95,66.72842611,Intermediate
78,99,6,1,61,83.89781347,Intermediate
22,69,3,12,72,64.16687966,Advanced
63,81,12,3,76,66.69566281,Professional
76,75,12,1,77,82.08663947,Professional
63,53,3,11,70,88.64853637,Professional
31,77,7,4,82,70.9473251,Advanced
60,93,9,9,88,71.81485839,Intermediate
64,93,20,15,55,126.5763832,Advanced
20,70,4,1,89,79.6551456,Advanced
63,99,7,8,82,94.5017806,Intermediate
49,76,19,8,90,121.8647323,Beginner
54,81,14,8,90,91.83718796,Beginner
62,73,4,8,68,75.18991461,Professional
47,75,14,8,70,57.09551141,Advanced
80,71,0,3,78,59.43415151,Beginner
85,97,12,4,66,101.9053319,Intermediate
61,73,13,4,76,65.88263148,Professional
46,74,17,6,73,59.6673623,Professional
53,85,8,2,83,64.65154318,Beginner
74,100,7,1,65,96.22689208,Intermediate
67,76,10,12,95,73.62827132,Beginner
34,79,7,11,67,67.76880368,Advanced
69,100,9,9,74,140.9204234,Intermediate
93,100,12,0,55,135.5687955,Intermediate
84,86,0,10,87,47.66019265,Beginner
75,74,3,9,89,56.21540146,Beginner
73,96,8,3,72,88.18174098,Intermediate
73,96,10,5,77,63.09448028,Advanced
50,83,17,9,62,82.04092566,Advanced
66,93,10,0,78,83.68845284,Advanced
74,68,7,10,90,81.44524286,Beginner
70,95,11,7,81,83.02296278,Intermediate
60,79,6,3,83,57.85491723,Beginner
70,83,4,5,82,63.70755878,Beginner
83,61,2,10,67,121.8050402,Professional
38,80,11,11,59,93.87023817,Advanced
31,66,4,4,78,96.87161316,Advanced
43,77,16,3,76,81.71719988,Advanced
62,97,8,8,85,73.17949096,Intermediate
66,84,8,4,73,77.9484981,Professional
21,64,1,1,88,86.16241875,Advanced
75,54,4,8,70,92.38128953,Professional
74,76,10,3,74,84.87925036,Professional
49,70,20,0,84,58.89741232,Advanced
77,72,0,2,76,66.48122552,Intermediate
43,67,12,3,78,83.55891632,Advanced
74,79,6,8,84,86.37068398,Beginner
84,75,5,5,70,99.29704726,Professional
59,76,10,7,69,58.06427379,Professional
57,93,2,7,83,97.34868319,Intermediate
54,91,5,6,82,80.40227103,Intermediate
61,95,5,3,81,48.98540616,Intermediate
25,72,2,8,77,60.43653714,Advanced
57,66,15,4,80,130.736085,Beginner
67,58,5,7,74,95.00165449,Professional
53,59,20,5,82,152.0444617,Beginner
74,55,0,9,72,115.0030556,Professional
38,95,3,13,100,63.06610564,Intermediate
60,90,11,10,97,67.4171225,Intermediate
31,75,4,9,68,96.46687124,Advanced
73,93,6,1,73,56.14144573,Intermediate
54,69,11,3,82,82.39926983,Professional
62,68,7,7,72,78.80766726,Professional
39,67,13,0,84,77.07591458,Advanced
67,98,6,2,75,53.22565632,Intermediate
75,52,7,7,73,95.38852027,Professional
40,91,10,3,93,61.41758462,Beginner
51,78,20,13,94,145.9229383,Beginner
68,72,5,2,77,83.32517341,Beginner
70,64,3,1,77,77.13863163,Beginner
66,71,10,6,84,99.83552507,Beginner
64,94,4,3,74,89.81791793,Intermediate
67,99,5,3,73,89.37373012,Intermediate
66,84,11,13,95,73.66452827,Beginner
85,74,1,3,75,130.3024261,Professional
16,61,4,5,84,81.34474275,Advanced
76,96,9,1,70,67.07339234,Intermediate
77,70,3,4,76,112.7269434,Professional
77,71,1,3,77,74.21553729,Beginner
51,97,2,10,88,114.9846459,Intermediate
67,70,8,5,75,86.98983039,Professional
71,71,9,6,79,112.7190072,Beginner
74,76,1,6,85,48.94590485,Beginner
67,78,6,8,90,56.13956858,Beginner
69,98,11,7,80,79.79029067,Intermediate
50,72,16,7,91,96.29042492,Beginner
85,93,10,0,62,74.66496502,Intermediate
67,73,5,3,79,83.81494084,Beginner
50,95,7,12,94,91.60735118,Intermediate
24,72,5,3,84,70.71337384,Advanced
51,92,9,12,100,58.3808432,Advanced
62,94,12,11,93,50.49318317,Intermediate
69,58,11,5,75,75.62819129,Professional
68,81,3,6,72,96.6338713,Professional
27,75,3,8,72,93.31329752,Advanced
66,67,10,6,71,65.29312574,Professional
70,70,5,9,67,75.44547835,Professional
95,64,2,8,66,136.1557313,Professional
47,86,13,12,55,106.9924073,Advanced
41,80,12,8,65,93.63232434,Advanced
37,79,12,4,74,103.4337181,Advanced
85,93,8,3,58,83.34918273,Intermediate
63,96,10,9,85,89.96714436,Beginner
53,92,4,9,89,86.82248174,Intermediate
32,77,9,6,76,72.12521912,Advanced
48,80,13,9,66,70.98529937,Advanced
43,85,9,14,55,104.3364915,Advanced
63,88,5,5,73,87.33182472,Professional
23,63,2,2,87,69.59116211,Advanced
71,79,8,4,73,88.02966199,Professional
72,73,6,10,91,67.07333434,Beginner
46,89,1,7,93,49.93522592,Intermediate
41,71,15,7,74,53.19779635,Professional
31,67,6,5,82,46.72867562,Advanced
59,92,7,13,92,102.8958872,Intermediate
80,100,6,1,55,128.7949064,Intermediate
28,69,5,4,84,57.00411017,Advanced
57,65,4,11,68,72.17505414,Professional
71,66,0,8,71,109.2378124,Professional
51,85,13,4,73,46.2550702,Professional
71,68,3,6,72,99.03985587,Professional
83,71,14,2,75,76.1748645,Professional
85,66,0,4,77,141.3792414,Professional
54,92,9,10,96,49.8779004,Intermediate
55,83,16,13,55,85.90181946,Advanced
16,76,1,5,80,89.5990521,Advanced
68,71,10,3,78,90.41942678,Professional
62,71,10,7,89,80.1985432,Beginner
60,70,9,3,82,89.84176038,Beginner
64,81,7,6,69,72.79238515,Professional
27,67,4,2,82,99.95343886,Advanced
42,82,10,12,59,79.78592873,Advanced
55,92,11,4,72,55.63320635,Professional
59,78,10,6,71,55.80173964,Professional
48,81,9,4,91,45.07873017,Beginner
36,84,11,9,68,76.48467902,Advanced
50,99,3,8,88,89.75496604,Intermediate
62,72,4,0,76,73.09409322,Beginner
42,79,7,14,55,101.9642609,Advanced
51,96,9,13,98,68.07481922,Intermediate
63,95,20,14,55,93.40457458,Advanced
36,74,5,11,65,75.36456998,Advanced
64,93,15,1,80,70.1388583,Professional
38,73,12,4,78,68.62582531,Advanced
49,92,18,1,77,53.87019556,Professional
74,62,7,7,71,89.92669353,Advanced
49,99,0,8,84,111.6328594,Intermediate
63,64,9,2,78,108.1320563,Beginner
76,75,6,8,84,85.84606678,Beginner
60,70,5,6,76,96.6788968,Professional
48,83,10,7,95,46.12450009,Beginner
69,88,14,0,80,75.47019942,Professional
60,97,6,7,82,86.21820977,Intermediate
83,61,3,4,75,101.0284659,Beginner
40,65,13,0,87,61.85028154,Advanced
53,66,15,6,88,107.0844103,Beginner
77,100,11,2,70,62.68294182,Intermediate
53,91,15,15,55,105.3537084,Advanced
54,93,11,12,97,56.78786023,Intermediate
34,69,4,9,73,54.7271135,Professional
32,74,8,4,77,87.62989929,Advanced
66,97,9,7,78,110.7013137,Intermediate
79,73,1,6,71,111.8567692,Professional
62,95,9,8,88,60.84994864,Intermediate
86,78,2,7,83,47.4562615,Beginner
74,69,0,0,75,56.04581036,Beginner
67,69,6,6,74,90.43846849,Professional
40,87,10,13,57,82.36955153,Advanced
74,71,10,8,83,114.7956751,Beginner
29,75,7,4,77,97.54553413,Advanced
59,92,6,8,83,111.0865114,Intermediate
65,56,6,2,72,100.9343455,Beginner
60,93,20,4,86,59.84989861,Professional
60,76,16,1,80,57.11591265,Professional
66,51,3,11,70,89.41644053,Professional
76,68,2,6,84,61.15543709,Beginner
54,91,3,5,85,66.52798862,Intermediate
88,100,16,5,66,111.2618002,Intermediate
43,78,11,9,66,79.19029943,Advanced
73,74,1,6,87,46.19972639,Beginner
83,100,10,1,63,87.87736695,Intermediate
55,94,2,4,80,87.39955055,Intermediate
55,75,10,1,80,89.04098313,Beginner
55,78,12,6,70,46.00609484,Professional
57,63,3,12,66,73.62223109,Professional
64,68,6,2,79,85.71755817,Beginner
77,77,1,4,81,48.67131844,Beginner
68,74,12,10,89,99.8525189,Beginner
72,83,12,3,76,77.56200866,Professional
74,57,8,7,70,82.9907285,Professional
77,76,3,4,84,70.32399472,Beginner
61,96,4,6,79,96.49255228,Intermediate
65,78,20,4,69,53.9682179,Advanced
63,92,6,5,79,84.36410013,Intermediate
56,75,3,9,70,80.72992472,Professional
46,71,17,5,86,111.9543059,Beginner
70,60,8,3,81,109.3993716,Professional
42,73,19,1,87,73.68078004,Advanced
34,74,9,5,77,70.81623583,Advanced
72,80,2,0,78,57.24345218,Beginner
62,59,10,2,68,137.0710366,Beginner
65,79,8,9,90,69.77344475,Beginner
70,94,8,4,76,69.67520009,Intermediate
75,75,0,2,77,59.46016288,Beginner
74,94,12,7,76,106.1737382,Intermediate
47,93,17,15,100,63.27786895,Beginner
60,85,12,2,76,68.86814126,Professional
79,50,5,8,70,92.04722156,Professional
51,73,11,4,79,67.54515096,Professional
49,76,17,7,90,101.9983377,Beginner
76,66,7,7,68,81.91335717,Professional
67,83,9,15,100,48.16068458,Beginner
25,68,8,1,93,79.21452103,Advanced
71,69,9,6,81,110.6827009,Beginner
52,100,4,9,86,105.0118393,Intermediate
68,78,5,7,88,54.24458736,Beginner
67,81,7,11,95,54.50751062,Beginner
70,55,4,8,72,99.80190521,Professional
67,74,0,8,70,101.2715914,Professional
65,84,5,5,73,95.5159473,Professional
30,73,5,5,72,124.0670545,Advanced
69,100,7,5,71,123.8062429,Intermediate
36,76,8,8,69,95.21920577,Advanced
56,59,0,13,66,85.82536926,Professional
50,86,13,12,100,49.86067352,Beginner
66,76,11,3,75,74.79228164,Professional
49,91,1,6,87,76.73326989,Intermediate
72,50,3,10,70,96.97185271,Beginner
33,66,5,6,78,58.45218167,Advanced
73,74,10,3,74,77.09679876,Professional
66,64,14,9,88,119.4020182,Beginner
73,61,4,1,76,88.64210428,Beginner
81,95,15,7,74,95.11038233,Intermediate
49,93,1,7,89,70.12017982,Intermediate
65,75,12,11,91,94.63275362,Beginner
80,100,7,0,59,118.1947373,Intermediate
69,95,14,9,87,56.86092278,Professional
49,70,14,8,73,53.95576556,Advanced
51,94,2,7,88,82.17056848,Beginner
44,58,16,0,78,122.0645607,Beginner
52,80,7,6,74,76.34388947,Professional
68,69,11,9,87,100.7933288,Beginner
49,91,3,8,93,50.5090006,Intermediate
27,74,4,10,71,63.32060921,Advanced
52,81,5,1,86,57.95268494,Beginner
73,93,7,2,70,97.38677336,Intermediate
76,100,7,2,61,130.6180087,Intermediate
51,93,5,7,92,45.30693062,Intermediate
52,86,8,5,89,51.03033379,Beginner
61,71,8,7,70,69.35639812,Professional
72,71,3,8,69,92.50606283,Professional
72,74,9,10,89,86.38758642,Beginner
43,87,13,5,72,58.37517576,Professional
65,70,10,7,71,61.49326765,Professional
75,81,6,2,78,111.3675697,Professional
53,83,11,5,86,79.70069835,Beginner
64,76,6,5,85,66.32117813,Beginner
24,73,3,5,79,86.90466925,Advanced
41,91,2,12,100,67.82613702,Intermediate
64,65,11,4,81,110.9352594,Beginner
29,83,3,13,61,86.78637134,Advanced
61,68,17,3,77,54.52220189,Professional
79,73,0,6,83,45.32990061,Beginner
69,87,1,6,90,83.11281522,Beginner
80,68,0,2,78,61.33146783,Beginner
48,77,14,8,68,61.73906599,Advanced
61,88,7,3,84,62.70417149,Intermediate
40,83,14,7,68,85.24162247,Advanced
52,100,14,18,100,46.33349602,Intermediate
54,95,7,9,92,56.61421587,Intermediate
44,79,12,10,63,76.72669251,Advanced
75,57,3,9,69,93.77368752,Professional
69,80,3,2,80,121.5253149,Professional
32,77,11,5,76,80.43130075,Advanced
57,73,16,5,81,130.5584632,Beginner
80,77,0,3,75,122.9204334,Professional
75,99,13,6,77,74.4846409,Intermediate
71,69,5,3,78,101.3307869,Professional
74,77,2,7,86,53.22930435,Beginner
53,97,1,6,85,77.64120252,Intermediate
75,95,13,9,81,85.66115417,Intermediate
57,92,4,6,82,91.83588992,Intermediate
52,83,7,3,87,47.77971715,Beginner
61,87,10,4,73,61.08377523,Professional
19,64,4,3,95,102.2339691,Advanced
74,98,8,2,65,122.4357433,Intermediate
62,92,8,5,86,56.31221201,Intermediate
57,85,11,10,95,62.97583457,Beginner
55,68,14,5,86,107.9536284,Beginner
56,87,20,1,80,64.10544178,Professional
59,100,8,9,82,108.5764167,Intermediate
56,96,7,9,89,69.55544072,Intermediate
44,74,18,1,82,68.01603357,Advanced
65,72,7,8,69,72.60830605,Professional
80,100,14,7,66,140.8650181,Intermediate
76,61,1,10,65,92.8932961,Professional
82,68,6,9,82,106.154491,Beginner
31,75,9,3,81,76.97995901,Advanced
42,79,10,9,63,93.98471222,Advanced
41,89,12,11,56,116.2995414,Advanced
62,91,1,0,74,55.06062626,Intermediate
64,80,6,4,82,74.74624192,Beginner
47,83,14,10,60,92.09609175,Advanced
77,100,11,4,72,82.76313736,Intermediate
61,100,6,7,81,89.14466935,Intermediate
68,99,4,1,68,90.43872452,Intermediate
77,78,8,2,77,105.6676659,Professional
63,58,1,13,64,71.57712634,Professional
59,76,8,8,94,47.71629298,Beginner
17,68,0,1,96,48.13805406,Advanced
55,68,5,10,70,74.17470214,Professional
66,73,11,3,77,76.88016934,Professional
27,69,2,5,77,97.31595782,Advanced
69,100,9,8,77,115.160287,Intermediate
55,65,12,3,84,98.20913333,Beginner
38,83,10,10,64,88.82420815,Advanced
49,86,0,4,89,49.95958742,Intermediate
67,97,11,10,83,95.99407489,Intermediate
14,67,3,9,74,89.59448197,Advanced
66,90,5,2,75,75.90033602,Intermediate
28,72,5,3,78,111.0091544,Advanced
19,68,0,6,86,49.55902279,Advanced
71,74,5,7,85,71.98931067,Beginner
66,96,9,6,81,70.97998935,Intermediate
52,72,16,4,76,47.91763639,Professional
50,87,17,9,58,105.4937581,Advanced
87,100,6,3,55,132.1210361,Intermediate
63,66,8,7,72,76.3151884,Professional
22,68,3,3,86,71.0820665,Advanced
69,74,8,8,88,79.26504547,Beginner
41,82,11,9,62,97.57908058,Advanced
62,62,9,4,85,86.55131914,Intermediate
73,76,4,6,69,88.16115085,Professional
73,65,7,5,72,82.1927922,Professional
45,67,10,6,72,76.41610554,Advanced
32,84,7,10,65,89.46471292,Advanced
58,61,8,7,74,72.90416825,Professional
72,93,4,0,69,54.8552105,Intermediate
51,80,20,4,72,78.37597305,Advanced
48,80,14,8,61,118.0477624,Advanced
59,75,6,7,73,80.04066365,Professional
57,94,5,6,90,65.27140197,Intermediate
67,88,8,4,82,45.41259355,Intermediate
65,73,12,8,85,112.1573057,Advanced
57,85,8,11,100,61.36223059,Beginner
65,62,6,1,77,92.52751894,Beginner
72,66,11,13,94,93.31290636,Beginner
46,85,16,7,65,99.67994665,Advanced
60,69,11,3,79,76.65380465,Professional
63,73,6,1,78,80.31828665,Beginner
47,73,13,3,82,65.22046591,Professional
81,56,1,11,66,111.8662551,Professional
56,60,14,5,76,56.78608437,Professional
67,91,12,6,83,46.45123016,Intermediate
69,94,8,3,77,55.24197795,Intermediate
35,81,8,10,66,76.828712,Advanced
34,60,10,1,94,45.95726487,Advanced
39,78,16,5,71,84.75685928,Advanced
43,78,14,7,72,57.81096684,Advanced
64,72,10,6,85,93.5279723,Beginner
33,67,8,3,83,68.56273826,Advanced
73,76,7,3,76,96.81175167,Professional
28,86,2,20,55,102.4586114,Advanced
59,99,12,11,89,91.2108249,Intermediate
71,68,4,7,70,88.86009223,Professional
79,74,4,5,73,113.5829285,Professional
60,73,13,2,81,75.42038473,Professional
76,71,1,8,68,107.2980299,Professional
77,71,2,2,69,61.64692465,Beginner
54,79,13,9,94,77.52165625,Beginner
69,59,8,8,70,76.916702,Professional
65,94,7,4,79,71.56038663,Intermediate
58,89,8,6,88,59.79326611,Beginner
79,67,0,10,64,98.77956342,Professional
93,97,10,4,55,63.72787752,Intermediate
68,100,13,10,86,80.97907354,Intermediate
36,78,4,13,60,84.25274378,Advanced
71,100,10,7,73,129.2708813,Intermediate
71,75,6,5,74,85.90536644,Professional
32,73,2,7,75,83.53755895,Advanced
32,68,9,0,86,82.68545774,Advanced
72,81,3,2,75,77.57237529,Beginner
80,96,13,4,71,83.21415398,Intermediate
63,69,10,7,70,65.98591132,Professional
66,100,10,9,82,90.31295191,Intermediate
26,66,9,1,95,60.233724,Advanced
75,63,6,3,76,107.644853,Beginner
40,75,10,7,70,81.1701327,Advanced
61,99,8,8,84,74.61555837,Intermediate
62,64,11,5,74,71.96179718,Professional
69,65,0,1,75,62.25046081,Beginner
61,70,12,6,84,109.7809785,Beginner
49,83,7,0,83,47.14113412,Beginner
45,98,14,5,69,68.16729336,Professional
24,61,8,4,100,51.42574909,Advanced
30,67,8,2,88,47.83170987,Advanced
50,95,7,12,98,56.150854,Intermediate
43,70,12,7,74,51.00531361,Advanced
23,67,2,5,84,53.01340843,Advanced
23,75,5,4,81,86.89119087,Advanced
18,72,0,5,78,119.0407732,Advanced
15,74,3,1,86,89.87505775,Advanced
74,67,5,5,76,109.0905824,Professional
25,72,3,5,77,103.2408521,Advanced
64,69,6,1,77,85.2749694,Beginner
20,66,1,2,86,91.83807917,Advanced
63,78,6,1,76,84.16135248,Beginner
68,62,7,7,73,84.26780396,Professional
17,73,6,0,93,50.15367699,Advanced
31,71,5,6,76,83.8834041,Advanced
62,78,8,4,77,87.44762845,Professional
64,84,20,13,55,60.56607156,Advanced
73,65,4,4,80,81.70107503,Beginner
29,78,5,5,77,91.42464791,Advanced
70,98,8,6,78,78.09677836,Intermediate
66,63,11,5,75,76.37670229,Professional
60,89,9,10,93,64.65640018,Intermediate
66,82,8,11,94,57.50938557,Beginner
68,67,4,0,76,80.53220557,Beginner
72,99,9,4,73,88.6220288,Intermediate
58,68,14,8,89,108.7533215,Beginner
92,61,3,2,79,138.4847131,Professional
75,69,7,5,73,95.85685352,Professional
60,92,14,0,80,64.92945714,Professional
83,76,2,6,79,80.4080361,Beginner
76,75,9,4,72,84.46083711,Professional
59,95,9,9,90,62.64135513,Intermediate
79,52,3,0,70,108.6204699,Beginner
38,82,11,9,66,86.89398638,Advanced
70,65,2,9,68,90.19921653,Professional
61,83,15,11,90,111.6623102,Beginner
33,73,8,8,66,112.2399599,Advanced
56,64,8,7,75,72.68939858,Professional
55,72,11,2,81,100.5378229,Beginner
63,82,9,11,96,55.75903396,Beginner
65,59,7,11,63,56.15941509,Professional
41,77,12,6,69,101.2123413,Advanced
65,100,6,6,72,132.812289,Intermediate
59,69,10,8,92,72.68609386,Beginner
79,100,13,4,71,84.38624657,Intermediate
67,56,5,10,68,82.86068525,Professional
49,91,8,12,100,62.08167306,Intermediate
71,84,5,10,90,54.5374489,Beginner
63,89,7,4,86,64.88320757,Intermediate
69,96,6,3,72,87.02585635,Intermediate
87,63,2,5,73,118.2247512,Professional
52,93,5,10,91,88.19227896,Intermediate
49,81,6,5,91,52.7317892,Beginner
44,76,19,0,81,85.53578459,Advanced
66,61,2,8,72,94.42123139,Professional
77,100,5,1,66,92.87416915,Intermediate
73,52,5,8,73,100.3233937,Professional
35,67,9,2,84,58.64332682,Advanced
58,92,1,4,77,112.5969757,Intermediate
35,74,13,0,82,118.780369,Advanced
47,73,11,10,64,83.60335488,Advanced
79,98,15,5,75,63.41824893,Intermediate
64,72,10,5,74,70.13873593,Professional
70,64,0,11,67,90.00334508,Professional
59,75,9,4,79,87.62248522,Professional
52,65,7,11,68,60.7950504,Professional
62,64,4,4,86,51.28173394,Beginner
39,79,8,11,61,94.33860926,Advanced
51,74,15,8,91,96.62070839,Beginner
37,75,7,9,67,96.23658337,Advanced
73,100,1,1,58,123.1755661,Intermediate
49,70,20,4,88,90.28016094,Advanced
52,95,5,11,90,105.1759954,Intermediate
62,67,11,5,84,101.3018953,Beginner
89,67,4,10,83,97.88896115,Beginner
67,76,4,10,95,51.31703498,Beginner
71,97,8,3,73,77.25132097,Intermediate
28,66,5,2,87,69.80589581,Advanced
46,93,1,6,85,96.46892202,Intermediate
74,61,12,9,84,127.8076255,Beginner
42,83,16,5,68,101.8162264,Advanced
66,78,11,2,77,75.15821685,Professional
59,92,7,6,86,59.08757623,Intermediate
77,78,5,5,70,99.02842851,Professional
72,74,2,1,79,60.81808189,Beginner
57,89,17,0,80,59.01296306,Professional
59,93,3,4,80,73.3372025,Intermediate
40,79,13,5,73,76.95133491,Advanced
63,70,13,7,84,117.4486793,Beginner
68,76,0,2,84,60.0534702,Beginner
64,89,14,0,79,73.88069293,Professional
74,67,8,5,73,84.26263573,Professional
56,95,6,8,91,48.72437322,Intermediate
48,68,19,0,85,62.55302779,Advanced
22,61,5,2,98,69.82757498,Advanced
22,57,4,2,100,56.32521175,Advanced
56,69,20,1,77,75.18930563,Advanced
74,86,5,4,72,96.72738939,Professional
28,62,7,0,92,63.59186414,Advanced
19,63,2,5,84,46.60142381,Advanced
68,96,7,1,78,97.94301021,Professional
62,96,7,5,82,50.57355056,Intermediate
47,76,10,1,84,67.31244342,Beginner
48,77,17,5,72,69.07521296,Advanced
77,80,2,8,86,52.90218069,Beginner
69,65,7,5,74,88.13968202,Professional
57,99,10,10,91,59.01110456,Intermediate
52,78,13,5,87,92.47773226,Beginner
59,90,3,2,82,50.40324229,Intermediate
66,74,6,2,79,82.52440775,Beginner
61,82,10,3,77,78.986097,Professional
40,66,9,5,78,59.2395313,Advanced
66,71,6,5,84,73.69887834,Beginner
12,61,5,5,90,55.58146095,Advanced
66,69,2,8,70,93.46802869,Professional
60,69,11,6,88,88.88096157,Beginner
37,64,6,6,76,79.39203049,Advanced
10,65,9,4,87,97.19226603,Beginner
84,67,2,3,72,100.7175534,Beginner
63,68,10,6,73,72.44177527,Professional
53,100,9,15,95,104.1851978,Intermediate
61,67,7,0,76,92.69208872,Beginner
60,89,13,0,81,71.0678983,Professional
34,92,0,13,100,86.81013001,Intermediate
38,70,14,0,85,86.50953689,Advanced
71,96,11,7,81,66.90895283,Intermediate
46,91,14,14,55,87.76142864,Advanced
50,80,15,8,92,85.42261354,Beginner
54,96,6,10,91,75.18884027,Intermediate
38,72,14,0,83,81.96178805,Advanced
51,71,12,4,86,90.3204394,Beginner
10,71,4,4,82,110.0640311,Advanced
89,67,0,10,88,53.53811109,Beginner
92,100,8,5,55,91.10639725,Intermediate
86,63,8,3,75,101.0309508,Professional
24,57,3,0,95,66.70138727,Advanced
21,60,2,6,84,57.41527313,Advanced
50,61,16,0,76,136.9365465,Beginner
17,59,4,5,87,58.93887256,Advanced
73,93,8,5,76,76.66654701,Intermediate
29,76,3,10,68,88.87099967,Advanced
68,95,8,5,79,70.43786093,Intermediate
55,60,11,6,78,73.56844806,Professional
74,76,3,2,82,73.32429535,Beginner
75,70,2,9,67,103.6711665,Professional
64,63,10,2,77,115.1562841,Beginner
11,67,1,0,92,97.6093034,Advanced
38,63,11,0,86,77.15857571,Advanced
45,90,7,14,100,48.97119833,Intermediate
55,87,10,10,97,50.98892,Intermediate
54,95,11,12,98,47.31226022,Intermediate
55,71,20,10,88,144.1010669,Beginner
67,79,3,7,71,94.49023936,Professional
79,65,0,7,73,122.8272147,Professional
71,100,12,7,78,93.59718795,Intermediate
47,100,4,12,90,114.8979643,Intermediate
77,66,1,4,83,51.34593048,Beginner
78,68,0,9,68,115.6112911,Professional
69,79,5,7,88,55.7831036,Beginner
67,73,8,5,82,93.93330979,Beginner
66,67,10,6,72,71.61955855,Professional
42,77,11,7,65,110.2146374,Advanced
60,69,14,8,88,107.661381,Beginner
61,65,3,9,71,88.48544639,Professional
71,89,5,10,90,55.80869416,Beginner
75,71,8,7,81,106.7407431,Beginner
63,50,1,13,68,95.35147232,Professional
66,62,1,11,69,88.57071284,Professional
15,71,0,2,87,85.66773995,Advanced
55,79,7,4,88,48.08694114,Beginner
10,58,5,2,94,66.74962505,Advanced
42,79,8,13,58,82.89244896,Advanced
58,91,10,3,76,75.18527485,Professional
66,95,15,11,93,45.47326437,Intermediate
70,100,10,9,78,115.7257908,Intermediate
48,74,13,2,82,94.82719019,Beginner
71,74,7,3,77,102.4220709,Professional
51,95,2,8,85,104.5848482,Intermediate
69,70,4,8,68,78.40645154,Professional
45,84,9,15,55,106.2693033,Advanced
79,50,8,5,76,102.2898146,Professional
60,82,8,8,66,54.35631179,Professional
71,64,10,5,78,123.9113827,Beginner
67,93,3,2,65,64.75527047,Intermediate
59,66,7,6,75,80.8555058,Professional
23,65,2,2,87,81.32360449,Advanced
85,79,4,7,85,67.52947273,Beginner
78,93,1,5,55,105.8626922,Intermediate
33,69,7,5,79,66.23924179,Advanced
54,56,5,11,71,70.29465218,Professional
85,71,4,3,74,113.903418,Professional
76,67,3,3,78,86.68461755,Beginner
91,68,3,8,84,45.62027367,Beginner
36,67,9,3,81,76.34976394,Advanced
46,77,11,9,62,102.8623474,Advanced
42,68,13,3,77,85.82734789,Advanced
64,57,14,3,75,153.3240254,Beginner
72,73,2,7,71,100.5535861,Professional
61,50,12,5,80,79.40799995,Professional
46,76,15,5,70,94.99697899,Advanced
80,100,19,9,80,61.26421286,Intermediate
65,54,5,10,71,86.3311171,Professional
49,84,14,13,55,87.11080558,Advanced
63,85,10,6,66,47.85386915,Professional
72,100,10,7,73,116.5895317,Intermediate
87,95,5,4,55,98.6378887,Intermediate
25,67,3,3,83,94.18169377,Advanced
44,84,9,7,71,50.42835641,Professional
80,70,4,7,66,85.32363664,Professional
59,69,5,8,71,80.01258571,Professional
66,65,4,8,72,92.27662714,Professional
19,74,2,10,70,92.58153546,Advanced
74,93,11,0,79,92.00409524,Professional
64,92,8,7,87,46.66502113,Intermediate
54,100,12,0,78,68.65924286,Professional
61,63,16,7,85,133.4968288,Beginner
89,95,13,2,59,67.29489174,Intermediate
56,73,13,3,79,114.0763693,Beginner
22,75,4,4,81,80.79744812,Advanced
54,76,3,11,66,68.09623306,Professional
43,90,0,7,89,70.28126669,Intermediate
60,73,11,8,91,82.01095392,Beginner
77,100,12,5,73,82.09264656,Intermediate
43,89,5,9,100,89.12534835,Intermediate
72,79,6,11,92,59.58450408,Beginner
30,71,2,9,70,85.51072221,Advanced
65,91,11,8,89,45.45908361,Intermediate
53,96,8,12,97,57.32899349,Intermediate
45,77,15,5,70,86.12123049,Advanced
77,93,7,1,66,97.09095201,Intermediate
76,93,8,0,67,79.62758252,Intermediate
10,55,5,0,98,65.56992562,Advanced
72,72,10,4,73,75.76913252,Professional
23,57,0,1,90,81.36228434,Advanced
63,78,6,5,85,66.70994654,Beginner
41,67,9,4,76,89.86098319,Advanced
47,87,15,2,80,55.7328697,Professional
74,100,5,0,62,111.3723559,Intermediate
36,92,0,12,100,86.9410406,Beginner
63,73,8,6,72,77.0559803,Professional
74,100,10,6,74,83.91047972,Intermediate
25,78,2,10,69,84.07262097,Advanced
71,96,6,1,72,64.83791291,Intermediate
51,58,3,12,70,79.33075251,Professional
66,77,3,3,83,50.00977957,Beginner
49,100,0,6,81,108.3316068,Intermediate
70,100,6,3,70,99.21214052,Advanced
36,85,12,7,68,91.15083296,Advanced
80,70,1,5,81,68.67840507,Beginner
39,80,8,13,62,57.00589469,Advanced
59,81,10,7,68,53.00638433,Professional
56,99,9,13,92,95.70310805,Intermediate
48,94,5,11,96,67.89201083,Intermediate
65,74,9,6,85,88.50325859,Beginner
33,62,10,1,92,70.97006819,Advanced
58,77,10,6,86,82.25614216,Beginner
84,100,13,2,63,100.8973062,Intermediate
57,84,12,2,79,72.7301597,Professional
71,100,11,8,78,100.423938,Intermediate
48,93,2,9,95,62.3537777,Intermediate
61,68,10,5,76,78.10700676,Professional
60,59,4,14,67,106.8001013,Professional
34,72,10,2,79,100.9361835,Advanced
56,68,18,4,72,72.69807031,Advanced
70,82,15,0,78,76.48434558,Professional
61,81,6,7,91,47.42731831,Beginner
71,66,7,5,73,81.90484055,Professional
56,76,7,5,76,79.04935846,Professional
13,68,4,7,81,82.89723901,Advanced
46,82,16,7,66,86.85793107,Advanced
61,89,12,10,96,73.9136202,Intermediate
76,62,3,4,79,84.96640996,Beginner
55,84,11,7,90,70.62053297,Beginner
89,100,11,1,57,120.3411405,Intermediate
68,72,9,7,84,93.74177838,Beginner
57,54,1,13,68,83.99902169,Advanced
63,96,4,6,77,111.5720961,Intermediate
49,76,11,8,69,48.11423735,Professional
69,99,12,9,82,92.63651914,Intermediate
81,100,11,2,66,88.88277056,Intermediate
60,72,6,4,86,59.28110319,Beginner
87,71,5,9,84,90.49589226,Beginner
69,92,6,3,73,83.26178964,Intermediate
61,78,8,9,94,57.94183482,Beginner
39,76,13,4,76,67.26175514,Advanced
65,71,6,2,79,81.132716,Beginner
84,83,2,11,92,72.54977486,Beginner
60,74,9,4,83,88.00000162,Beginner
69,100,6,1,62,118.3251724,Intermediate
68,91,10,5,78,83.7035506,Intermediate
62,100,9,10,84,100.6912339,Intermediate
70,83,8,4,72,83.6715642,Professional
27,76,10,0,86,89.63858174,Advanced
73,100,8,0,62,84.91659637,Intermediate
34,70,7,5,76,87.14619305,Advanced
69,100,7,3,67,113.6273474,Intermediate
66,89,8,6,82,76.94254503,Intermediate
75,66,7,8,84,99.73578911,Beginner
53,93,10,5,71,46.83888045,Professional
55,76,0,12,66,86.5180015,Professional
78,58,6,5,82,100.358453,Beginner
79,56,4,2,74,105.9190532,Beginner
25,72,3,5,78,87.30903589,Advanced
61,69,8,6,75,80.76850445,Professional
62,60,15,6,82,135.9642052,Beginner
24,68,2,4,82,77.19881807,Advanced
68,66,4,11,62,64.06172918,Professional
69,61,9,4,78,90.34926438,Professional
56,99,9,9,91,50.44613999,Intermediate
36,72,9,5,79,55.46418417,Advanced
69,78,6,6,70,77.99195533,Professional
83,55,5,6,72,106.2406476,Professional
64,90,11,2,76,75.48888096,Professional
11,60,2,0,96,79.43640467,Advanced
10,66,2,3,84,111.8336995,Advanced
60,70,12,8,90,89.27968147,Beginner
73,92,7,3,74,82.96677533,Intermediate
66,73,9,11,95,69.99006272,Beginner
60,74,5,8,70,76.68283686,Professional
63,92,10,8,83,88.29258264,Intermediate
69,95,6,3,71,116.0791894,Intermediate
73,58,1,0,74,78.47038837,Beginner
36,69,14,0,90,56.08444026,Advanced
49,78,10,5,92,56.02930724,Beginner
64,63,10,1,75,124.2458616,Beginner
46,83,8,16,55,102.4839495,Advanced
71,65,1,9,69,100.7891567,Beginner
75,77,6,9,85,79.43642981,Beginner
56,68,7,0,80,70.98283557,Beginner
71,78,3,9,91,46.34382933,Beginner
34,78,9,7,73,74.59835113,Advanced
64,64,10,3,80,108.4967126,Beginner
28,69,4,6,79,70.08573769,Advanced
62,72,12,8,89,97.12638391,Beginner
35,75,4,11,61,109.1948915,Advanced
80,98,4,1,58,106.6201554,Intermediate
75,70,4,7,85,71.26923564,Beginner
10,56,6,2,99,113.0682019,Advanced
71,73,9,12,94,79.93383344,Beginner
31,70,2,9,68,105.6436988,Advanced
48,74,8,14,55,102.0771376,Advanced
26,73,3,6,75,91.1691539,Advanced
70,69,2,9,66,85.75349844,Professional
20,68,2,1,85,100.7550743,Advanced
68,70,7,5,75,87.77944158,Professional
90,70,4,11,88,82.20861098,Beginner
65,62,6,6,76,93.53042119,Professional
76,99,13,6,73,98.90914485,Intermediate
53,71,17,5,84,126.5456971,Beginner
53,77,12,7,90,75.45142505,Beginner
60,74,2,7,74,99.71764223,Professional
62,62,13,8,90,107.4757528,Beginner
47,100,0,9,85,125.5903504,Intermediate
31,81,2,14,59,91.49948885,Advanced
49,84,5,9,98,60.12692777,Intermediate
85,90,9,3,62,47.75946742,Intermediate
59,100,11,13,89,106.4085642,Intermediate
35,75,5,11,65,87.74446747,Advanced
82,63,1,6,71,126.4799906,Professional
67,67,2,7,73,104.4064407,Professional
22,68,2,4,87,47.10041404,Advanced
50,70,10,0,76,102.6355903,Beginner
31,75,7,6,74,87.19471088,Advanced
35,68,10,2,83,75.33235864,Advanced
26,67,6,0,90,71.04807537,Advanced
20,66,0,4,85,70.24930647,Advanced
70,81,13,1,76,70.05819947,Professional
37,79,6,12,61,85.47669487,Advanced
65,58,7,8,72,78.62947807,Professional
59,90,3,3,81,64.58389183,Intermediate
59,86,20,9,58,84.29604134,Advanced
70,96,8,2,74,88.57744179,Professional
59,86,7,5,72,73.27526568,Professional
65,95,3,4,57,119.8489884,Intermediate
53,78,11,5,75,60.04662859,Professional
37,75,9,7,72,72.23909607,Advanced
35,69,7,4,77,89.32234641,Advanced
70,61,10,1,72,137.7840766,Beginner
55,97,4,7,84,85.09905943,Intermediate
72,86,0,6,69,111.3977275,Professional
42,75,9,9,64,103.1684236,Advanced
71,63,1,9,68,93.13431119,Professional
75,73,1,2,76,69.85191981,Beginner
68,51,4,9,71,87.52704648,Intermediate
43,97,7,17,100,77.24656489,Intermediate
53,92,11,14,100,61.07383266,Intermediate
61,98,7,9,85,85.91098198,Intermediate
81,79,2,6,68,100.0626127,Professional
57,93,6,8,88,71.60014279,Intermediate
67,70,7,7,88,70.89384241,Beginner
55,94,7,9,91,69.95119813,Intermediate
41,86,2,10,99,58.30651755,Intermediate
57,91,7,6,70,72.32383022,Professional
52,97,6,11,95,56.95392102,Intermediate
24,66,4,2,88,63.49539251,Advanced
62,75,11,8,89,87.14716954,Beginner
69,78,0,5,84,53.86075108,Beginner
65,77,1,2,83,51.77339988,Beginner
46,82,9,1,85,58.66269724,Beginner
28,70,6,2,83,76.89577679,Advanced
68,83,8,2,77,93.86970289,Professional
74,69,9,5,73,85.8897815,Professional
44,75,16,3,78,63.72888115,Advanced
64,88,7,3,82,48.43804161,Intermediate
60,82,7,7,91,45.0631167,Beginner
63,99,5,7,76,130.8564374,Intermediate
15,63,1,1,95,87.55582941,Advanced
32,83,7,10,65,96.16122573,Advanced
68,60,7,0,71,117.1105366,Beginner
22,77,1,8,73,82.40145017,Advanced
73,95,9,0,71,54.23297474,Intermediate
58,73,12,5,85,101.192688,Beginner
74,75,9,11,88,97.5918239,Beginner
28,70,4,7,73,92.85044462,Advanced
56,91,10,13,100,48.32697704,Beginner
68,74,7,4,79,92.15013065,Beginner
76,96,11,2,73,54.80064886,Intermediate
63,97,3,1,71,97.1697197,Intermediate
63,71,5,4,87,53.85287458,Beginner
55,71,11,3,83,89.09902557,Beginner
52,96,11,12,100,51.57999209,Beginner
31,62,6,1,89,59.72560645,Advanced
74,100,3,2,57,112.2863365,Intermediate
74,77,3,7,86,55.17108868,Beginner
56,87,0,1,79,65.91724626,Intermediate
33,75,7,7,72,91.4246015,Advanced
66,96,9,7,77,122.6434731,Intermediate
53,58,14,2,71,139.6796049,Beginner
59,76,14,3,76,52.90440083,Professional
50,91,8,11,99,45.57459136,Intermediate
25,72,7,0,86,92.2237717,Advanced
47,75,7,9,71,58.22983229,Professional
65,67,8,5,77,88.78496134,Professional
74,82,13,0,80,86.65434826,Professional
76,97,10,4,71,88.61280373,Intermediate
68,76,6,8,89,60.63381017,Beginner
83,96,11,0,64,60.73681599,Intermediate
67,93,2,11,97,79.91168775,Beginner
31,80,8,5,72,110.0522218,Advanced
23,60,0,2,87,79.69267449,Advanced
74,99,12,8,77,104.7721621,Intermediate
62,75,8,1,80,79.3371016,Beginner
74,100,13,8,81,62.37947246,Intermediate
68,69,0,8,73,117.2041282,Professional
65,88,9,5,87,64.83211974,Intermediate
16,65,3,3,99,77.52861123,Advanced
73,88,4,12,96,55.0632143,Beginner
54,95,6,7,92,54.40972197,Intermediate
80,100,13,7,69,116.3263198,Beginner
11,76,4,10,69,122.3535416,Advanced
56,67,15,3,78,130.5088865,Beginner
70,77,3,8,90,48.73427507,Beginner
68,71,7,7,87,76.36317778,Beginner
76,97,5,0,63,99.68086614,Intermediate
50,89,9,12,100,51.95992953,Intermediate
42,87,18,9,96,85.60762585,Beginner
60,82,5,4,85,49.70753297,Beginner
45,67,14,3,79,64.20339082,Advanced
60,100,8,9,83,103.439057,Intermediate
74,85,2,13,98,68.24346438,Beginner
84,59,1,1,72,82.38559226,Beginner
61,70,13,9,91,95.34618219,Beginner
37,77,7,11,66,71.8162913,Advanced
61,100,7,8,82,100.9669608,Intermediate
69,57,9,4,81,108.8909375,Beginner
59,98,8,8,86,75.2227522,Intermediate
67,98,4,3,70,117.4775025,Beginner
60,77,7,5,74,80.04356546,Professional
57,61,15,5,84,121.7604229,Beginner
67,96,6,4,75,84.50413532,Intermediate
36,75,6,11,64,88.68577544,Advanced
48,92,0,4,87,59.2305755,Intermediate
67,99,12,9,83,89.1440995,Intermediate
70,81,10,2,77,88.10520758,Professional
72,70,1,4,84,45.29914429,Beginner
75,80,4,10,89,55.95673352,Beginner
65,71,6,7,70,77.63187639,Professional
64,98,4,1,71,88.82543202,Intermediate
77,100,12,7,69,134.6062744,Intermediate
67,69,4,1,79,70.81117655,Beginner
59,90,6,5,85,48.04975773,Intermediate
59,56,11,1,71,133.3084337,Beginner
62,82,12,9,88,92.53951943,Beginner
74,82,1,7,67,95.75995446,Professional
73,93,11,5,79,62.20232036,Intermediate
62,96,11,10,87,91.00453239,Intermediate
50,67,14,2,81,112.6966329,Beginner
68,93,9,6,82,62.24949899,Intermediate
62,74,14,2,78,68.22895333,Professional
22,76,1,10,68,103.1207471,Advanced
57,85,17,13,55,90.66802483,Advanced
42,73,13,5,77,45.38274313,Advanced
60,66,11,1,72,142.0456324,Beginner
58,90,8,13,100,60.84444755,Beginner
70,100,11,6,76,85.09189994,Intermediate
55,94,2,5,81,96.09215631,Intermediate
40,89,4,12,100,54.49067409,Intermediate
79,68,0,2,75,68.98857944,Beginner
66,60,2,13,65,95.00223009,Professional
67,60,10,4,81,111.6048104,Beginner
86,71,0,7,81,66.32757567,Beginner
43,95,4,11,99,59.27210705,Intermediate
69,95,4,2,67,119.2929507,Intermediate
73,95,2,2,60,96.3275425,Intermediate
70,100,12,10,78,114.367181,Intermediate
21,72,1,8,72,107.5859291,Advanced
54,92,15,18,55,102.704663,Advanced
84,56,6,4,78,119.3757394,Professional
84,98,7,2,55,112.7581077,Intermediate
37,85,9,10,60,111.9234239,Advanced
76,68,9,7,81,116.0024697,Beginner
62,68,9,3,80,98.21071572,Beginner
81,100,10,5,64,133.3893302,Intermediate
65,73,12,9,88,101.0206583,Beginner
94,79,6,0,75,122.6461154,Professional
63,76,8,6,71,69.32685963,Professional
71,98,6,2,66,126.332836,Intermediate
19,72,0,8,75,76.88086792,Advanced
87,73,4,4,71,116.6170886,Professional
55,61,18,5,82,146.6611444,Beginner
73,50,0,13,64,99.40641133,Professional
40,87,16,3,78,49.67291596,Professional
67,84,6,8,88,61.08462923,Beginner
73,61,6,0,69,119.295583,Beginner
70,79,6,2,73,102.5289731,Beginner
59,67,12,8,68,45.95629344,Professional
63,95,11,8,88,59.96904946,Intermediate
55,95,4,6,85,74.79127182,Intermediate
68,81,8,9,88,76.53962108,Beginner
31,77,6,7,71,91.90595157,Advanced
70,97,8,3,72,92.44031802,Intermediate
37,67,5,8,72,74.2067083,Advanced
31,92,3,19,100,86.63048963,Intermediate
61,75,8,2,78,89.76767416,Beginner
59,65,6,0,81,68.73659689,Beginner
71,58,7,1,74,116.5580513,Beginner
34,79,9,6,69,108.977601,Advanced
77,99,7,0,62,104.6264461,Intermediate
64,74,11,1,82,92.35827671,Professional
51,76,14,9,95,75.44258312,Beginner
73,96,9,2,74,47.28599134,Intermediate
63,73,10,5,83,99.76776126,Beginner
55,94,6,9,88,84.70941312,Intermediate
65,96,13,11,89,76.76635911,Intermediate
60,77,20,0,80,46.73216573,Professional
62,51,3,12,68,78.5043444,Professional
85,99,2,6,55,106.0860703,Intermediate
72,75,1,2,80,51.68755337,Beginner
65,78,15,4,72,54.93081692,Professional
62,84,2,6,91,69.25726683,Beginner
85,70,2,9,85,71.70392979,Beginner
60,100,12,2,71,52.68678999,Professional
65,100,2,4,75,105.9571907,Intermediate
34,80,7,10,64,100.130662,Advanced
63,72,6,7,72,77.31558126,Professional
38,85,12,7,66,111.4438588,Advanced
72,84,3,9,91,47.65578047,Beginner
79,67,3,7,71,107.4632966,Professional
61,62,16,4,77,152.5255803,Beginner
87,58,0,1,71,93.02632533,Beginner
69,97,9,7,77,112.4650197,Intermediate
69,74,10,7,83,107.8239154,Beginner
66,70,6,5,86,72.52874433,Beginner
32,73,2,13,66,67.61796214,Advanced
63,78,10,11,91,83.75895358,Beginner
68,59,10,6,83,112.5783237,Beginner
67,96,5,3,73,91.80516605,Intermediate
73,97,7,1,68,86.67289888,Intermediate
68,72,2,5,77,117.1170759,Professional
23,66,3,0,87,94.89793017,Advanced
58,68,7,4,85,72.05665824,Beginner
56,63,9,7,74,68.3819418,Professional
73,58,0,11,66,101.6127945,Professional
46,74,20,0,84,59.54127348,Advanced
84,100,14,2,66,79.64394581,Intermediate
38,65,9,3,80,81.97641979,Advanced
68,100,5,2,71,78.89739541,Intermediate
62,97,9,6,78,84.65944251,Intermediate
74,99,2,0,57,139.5618912,Intermediate
38,77,6,13,62,69.39035037,Advanced
36,69,6,7,74,72.89812287,Advanced
43,80,9,13,56,97.18296199,Advanced
80,57,8,1,70,136.7531406,Beginner
63,71,10,5,75,80.29893623,Professional
59,77,4,0,80,53.22164427,Beginner
36,92,2,11,100,48.40653934,Intermediate
77,100,9,4,65,130.4319832,Intermediate
65,74,12,12,95,82.98791867,Beginner
75,80,3,9,88,52.1108782,Beginner
10,69,9,8,77,107.0453069,Advanced
68,70,8,4,75,83.17750407,Professional
34,66,5,7,75,74.0206232,Advanced
78,54,2,11,68,116.9532797,Professional
70,75,5,5,83,76.26908155,Beginner
78,97,8,0,63,86.14556529,Intermediate
69,96,10,6,83,51.92829577,Intermediate
30,85,7,9,66,101.8341658,Advanced
56,93,6,9,88,96.93922772,Intermediate
80,97,13,4,73,72.37357917,Intermediate
47,85,2,6,100,101.7676068,Intermediate
82,70,2,8,85,68.79285613,Beginner
63,80,12,3,76,67.67517145,Professional
32,70,7,4,78,89.50480596,Advanced
15,62,2,2,89,89.16794834,Advanced
55,83,10,6,71,58.3253635,Professional
28,67,4,4,81,83.155834,Advanced
61,74,11,5,82,101.6209668,Beginner
71,71,2,9,68,97.8028128,Professional
35,77,6,11,65,80.27326794,Advanced
69,93,6,3,77,55.08347475,Intermediate
87,100,12,2,62,101.9591901,Intermediate
67,68,10,6,72,70.71763005,Professional
92,64,6,12,84,117.8413798,Beginner
65,86,9,4,71,70.07251166,Professional
62,76,3,7,73,90.7066139,Professional
58,61,15,4,80,134.9750532,Beginner
72,99,5,1,64,115.4836845,Intermediate
63,78,14,1,80,74.76456973,Professional
20,63,0,4,86,73.14765465,Advanced
75,67,8,7,83,100.1540859,Beginner
49,86,15,12,57,77.13731098,Advanced
53,88,20,8,61,78.42873867,Advanced
64,99,7,7,78,111.2165935,Intermediate
34,63,8,1,85,82.21118365,Advanced
71,64,6,3,78,101.442469,Beginner
87,94,11,3,63,66.6052027,Intermediate
69,63,7,4,79,102.0241663,Beginner
59,92,7,8,87,79.03017385,Intermediate
77,76,9,12,89,96.94269423,Beginner
43,72,10,8,69,80.69435527,Advanced
75,83,7,4,71,85.85206277,Professional
32,72,9,3,83,56.93381471,Advanced
17,66,3,2,90,50.27751995,Advanced
66,76,3,3,83,53.01515219,Beginner
69,75,9,11,92,81.9932298,Beginner
30,75,7,6,76,68.25150514,Advanced
70,93,13,11,85,97.83997497,Intermediate
22,59,3,0,96,62.36908896,Advanced
67,93,0,2,64,91.34147581,Intermediate
72,78,0,5,86,62.98666593,Beginner
45,81,13,9,62,89.35510236,Advanced
44,71,18,7,92,106.1000376,Beginner
53,86,6,6,73,76.90990818,Professional
55,88,13,12,100,75.16450892,Intermediate
71,81,0,4,83,51.11151761,Beginner
60,55,16,0,69,176.1785952,Beginner
19,70,0,7,82,49.78931166,Advanced
39,77,9,9,65,85.92977715,Advanced
44,85,8,8,69,46.6371991,Professional
62,100,1,0,68,101.4535591,Intermediate
67,67,5,6,74,91.31824392,Professional
71,71,9,5,72,79.16463521,Professional
59,54,15,3,79,141.9214246,Professional
51,52,7,11,71,60.15494514,Professional
64,71,8,5,84,80.72933873,Beginner
79,61,3,8,69,99.26267561,Professional
73,95,6,2,70,94.98819672,Intermediate
52,99,19,3,85,57.26397628,Professional
92,67,2,7,69,134.4276669,Professional
32,73,0,13,60,103.7703267,Advanced
76,98,7,1,67,82.73795793,Intermediate
73,100,9,4,71,98.0655301,Advanced
85,98,10,0,61,94.78620016,Intermediate
47,67,13,0,79,106.4063615,Beginner
22,60,8,7,100,61.84019717,Advanced
51,80,17,9,64,68.40416528,Advanced
67,69,15,13,94,115.0467372,Beginner
32,82,2,16,57,76.2365394,Advanced
91,100,12,1,55,93.74665218,Intermediate
70,64,7,4,80,100.3009696,Beginner
61,97,9,10,86,86.13818057,Intermediate
63,59,8,8,72,73.36618873,Professional
82,58,2,6,74,121.905771,Professional
31,78,9,4,78,77.89162273,Advanced
51,77,17,6,69,70.5263959,Advanced
49,87,18,8,60,113.5003663,Advanced
29,60,4,3,88,54.12259065,Advanced
34,75,7,8,69,98.25021309,Advanced
47,76,20,1,85,71.31389293,Advanced
75,76,5,9,87,70.75466546,Beginner
55,63,6,2,70,100.7024909,Beginner
49,94,1,3,77,124.6735284,Intermediate
58,80,3,8,71,87.87241292,Professional
10,68,6,1,94,79.93070341,Advanced
43,86,12,6,72,51.53984494,Professional
66,60,12,5,82,115.0786839,Beginner
70,95,10,5,77,76.38385693,Intermediate
61,92,4,3,82,47.19504562,Intermediate
71,91,7,2,73,68.26079067,Intermediate
70,81,11,2,74,72.72185725,Professional
62,100,5,5,74,119.7577231,Intermediate
66,98,5,1,72,75.562061,Intermediate
59,80,12,4,74,66.03947296,Professional
70,89,2,12,99,80.77169883,Beginner
27,69,5,3,84,60.26202371,Advanced
36,62,12,1,93,46.44226144,Advanced
45,80,14,9,66,65.01837905,Advanced
67,58,7,9,69,75.93959217,Professional
63,74,8,5,85,77.72208213,Beginner
31,66,10,0,93,51.79969048,Advanced
55,84,16,2,77,46.38563503,Professional
58,95,11,12,95,58.08981132,Intermediate
76,69,6,6,81,95.56750446,Beginner
67,50,3,9,75,104.6845291,Professional
54,76,17,8,87,121.6874618,Beginner
66,98,19,0,75,45.3861186,Professional
59,77,14,12,96,84.11457357,Beginner
28,82,4,10,64,103.8050734,Advanced
82,96,9,1,63,97.34975945,Intermediate
64,100,7,7,79,87.73231702,Intermediate
69,64,3,8,70,90.46266976,Professional
27,66,6,0,89,73.6812656,Advanced
68,82,9,3,74,77.74189066,Professional
73,75,4,8,89,56.15719249,Beginner
65,77,2,1,80,46.84404342,Beginner
22,70,2,3,82,94.43234518,Advanced
45,86,14,11,60,77.64513604,Advanced
64,79,1,9,68,88.21071172,Professional
70,96,4,1,67,104.6197495,Intermediate
65,96,11,7,86,46.90846917,Intermediate
65,100,6,7,76,113.7476321,Intermediate
49,68,17,5,75,53.47897727,Professional
26,79,2,9,67,105.7967526,Advanced
79,100,10,3,67,90.21328299,Intermediate
60,83,16,1,77,54.44836313,Professional
34,78,16,2,85,100.9356526,Advanced
51,74,12,3,84,89.3659975,Beginner
64,96,12,10,91,51.49347602,Intermediate
67,61,9,8,69,62.84712646,Professional
57,77,13,6,86,100.2589104,Beginner
83,100,17,7,73,85.12887532,Intermediate
70,68,10,6,80,117.7657284,Beginner
36,70,11,1,82,93.55988064,Advanced
34,81,3,15,55,100.1870391,Advanced
55,96,19,3,86,62.03725639,Professional
92,50,8,10,81,145.5006313,Beginner
38,79,14,4,76,82.26704521,Advanced
38,65,9,2,81,83.47275147,Advanced
75,87,11,0,78,92.33951992,Professional
49,92,8,13,100,47.45780928,Intermediate
73,80,3,1,79,68.35442945,Beginner
58,90,12,14,99,63.86265007,Intermediate
40,68,8,7,73,67.36010144,Advanced
60,74,9,4,84,80.50969103,Beginner
65,92,11,3,72,66.84417083,Professional
74,100,12,5,76,68.9408172,Intermediate
61,82,14,0,83,79.67896256,Professional
74,89,8,0,74,65.069509,Intermediate
33,82,11,5,74,85.52070371,Advanced
79,56,8,5,74,94.44422864,Professional
75,81,6,14,98,49.0997588,Beginner
44,80,14,9,70,46.59524887,Advanced
72,94,7,0,69,59.82030823,Intermediate
67,67,6,7,71,77.2277504,Professional
73,100,15,11,81,102.2919435,Intermediate
43,85,10,13,55,99.54127657,Advanced
69,72,8,4,75,91.84750769,Professional
70,78,5,10,92,50.19730712,Beginner
70,68,4,4,82,70.76609936,Beginner
65,65,6,2,80,83.46396316,Beginner
46,73,12,7,74,55.32444066,Professional
64,71,7,0,72,99.30119422,Beginner
28,65,3,4,82,72.8556698,Advanced
77,76,9,0,81,109.8494619,Professional
53,74,11,2,82,86.62077757,Beginner
56,65,9,7,75,71.8027181,Professional
60,94,5,3,86,77.05886763,Intermediate
63,68,6,6,75,91.0809521,Professional
59,75,4,7,72,86.90716743,Professional
37,78,14,2,79,90.02328937,Advanced
36,68,8,4,77,91.66982181,Advanced
42,78,14,4,72,97.62094535,Advanced
39,72,10,5,73,92.80223269,Advanced
26,62,7,2,96,66.95386901,Advanced
79,81,13,1,82,96.74477087,Professional
31,68,6,4,81,74.957607,Advanced
29,76,3,10,70,69.76543221,Advanced
29,70,3,6,77,72.79060904,Advanced
21,72,0,7,78,81.09987663,Advanced
23,76,0,11,68,90.2200545,Advanced
65,96,2,1,67,111.2854034,Intermediate
32,76,7,6,72,99.5520145,Advanced
69,93,7,5,76,92.88760681,Intermediate
84,54,10,7,75,157.2073173,Beginner
88,100,13,1,58,108.7203506,Intermediate
80,73,5,3,75,111.3224023,Professional
53,62,14,0,75,131.1099069,Beginner
20,66,2,0,89,96.07904091,Advanced
46,71,13,5,72,91.98794137,Advanced
68,100,5,4,69,125.3446424,Intermediate
52,64,15,4,86,110.9104827,Beginner
55,97,7,7,84,74.2867871,Intermediate
49,89,5,10,96,60.00936554,Intermediate
51,82,17,0,82,52.81243569,Professional
75,76,2,7,85,57.56600138,Beginner
82,100,18,10,77,101.022045,Intermediate
69,75,8,8,86,84.48982105,Beginner
70,100,17,15,91,87.43044625,Intermediate
55,66,8,7,75,77.07507139,Professional
75,98,7,1,65,99.72061334,Intermediate
72,98,11,6,75,100.4715205,Intermediate
63,80,8,10,92,60.47243072,Beginner
88,72,3,12,87,78.45353953,Beginner
42,93,3,13,96,99.23963114,Intermediate
71,75,9,14,98,69.23522105,Beginner
15,65,0,0,93,73.34037049,Advanced
64,100,8,7,77,113.8413488,Intermediate
18,61,1,4,88,57.32360533,Advanced
57,69,20,4,73,68.09140659,Advanced
58,71,11,8,92,77.84336067,Beginner
72,68,2,1,77,68.99432534,Beginner
30,75,5,8,72,83.09080555,Advanced
48,73,10,7,73,55.39755906,Advanced
70,74,12,4,71,62.29641321,Professional
74,62,4,4,81,81.00279357,Beginner
63,60,8,7,73,76.05809154,Professional
43,74,12,6,71,86.07100323,Advanced
63,79,10,9,90,75.49652084,Beginner
33,70,6,6,75,82.42203197,Advanced
80,62,0,9,66,104.4655703,Professional
58,63,6,9,71,75.08294631,Professional
59,69,5,8,72,79.1276405,Professional
77,74,2,10,92,48.33762647,Beginner
63,71,10,6,86,87.21297711,Beginner
68,96,11,8,85,45.48040568,Intermediate
63,83,9,12,97,52.55205934,Beginner
71,81,12,1,77,80.59468256,Professional
81,93,11,4,73,77.9066424,Intermediate
75,99,3,2,59,93.28195581,Intermediate
59,60,12,0,75,125.5119223,Beginner
82,70,0,3,77,135.5088391,Professional
57,86,9,11,98,46.98902226,Beginner
55,87,2,3,81,70.91751788,Intermediate
51,67,8,10,67,45.13174093,Professional
72,99,9,4,70,103.0454227,Intermediate
35,74,10,5,77,72.07328338,Advanced
57,69,10,2,80,99.82772421,Beginner
61,74,0,9,72,105.9815953,Professional
69,94,6,3,74,83.00120005,Intermediate
81,71,7,10,83,104.4580373,Beginner
52,68,12,3,84,96.22902346,Beginner
49,72,11,2,84,80.97973925,Beginner
45,89,11,16,55,81.06978368,Advanced
30,65,0,8,73,96.04987982,Advanced
75,68,9,10,87,100.4646542,Beginner
68,68,6,4,78,96.64062032,Professional
38,82,9,10,61,108.1128782,Advanced
73,94,6,2,73,79.58731067,Intermediate
69,61,12,7,69,57.3497614,Professional
42,63,15,1,89,65.57942318,Advanced
65,75,10,9,90,84.90296252,Beginner
65,77,8,5,72,79.96126055,Professional
84,50,4,14,65,127.5306452,Professional
46,72,18,0,80,110.1641058,Advanced
62,77,6,6,71,75.18245012,Professional
76,75,7,8,83,96.19944938,Beginner
62,71,6,9,67,64.24259465,Professional
61,63,4,8,74,96.08254235,Professional
21,78,0,10,65,125.5622879,Advanced
68,98,2,6,59,70.44589439,Intermediate
82,100,7,0,55,131.0501085,Intermediate
60,86,7,10,96,52.86533727,Beginner
63,69,5,7,70,84.3179179,Professional
43,71,8,10,67,72.36772756,Advanced
61,66,8,6,75,79.39816668,Professional
15,58,4,3,90,62.70080617,Advanced
60,79,4,7,71,83.20408268,Professional
68,80,12,3,72,68.97821616,Professional
61,50,5,9,73,84.50800542,Professional
45,66,8,0,80,73.82798561,Beginner
27,65,6,0,89,78.32644901,Advanced
69,74,6,5,83,76.20803002,Beginner
65,92,14,11,92,52.42087588,Intermediate
67,100,7,6,80,66.86645826,Intermediate
59,97,13,14,99,48.80993518,Intermediate
75,93,10,3,73,62.31565886,Intermediate
66,76,5,3,81,67.46834436,Beginner
55,66,11,1,72,117.3867047,Intermediate
46,85,13,11,57,101.220998,Advanced
37,67,10,2,81,85.79431706,Advanced
61,71,9,8,91,72.38238994,Beginner
82,68,2,8,67,101.4817569,Professional
59,70,12,9,92,81.56056483,Beginner
58,73,10,8,93,65.30307653,Beginner
60,75,12,3,77,69.96702785,Professional
60,59,1,7,67,77.52707353,Beginner
39,81,12,0,86,59.96925126,Beginner
38,71,9,7,75,61.81198858,Advanced
71,53,13,3,77,143.6715989,Intermediate
61,96,10,9,91,47.5013144,Intermediate
36,97,2,9,93,101.6530894,Intermediate
65,77,7,7,87,66.80874601,Beginner
71,73,6,6,71,80.35375139,Professional
44,95,0,9,92,81.71631043,Intermediate
70,71,7,6,82,93.16150573,Beginner
70,62,11,5,74,73.932857,Professional
72,61,3,0,74,83.76681511,Beginner
76,67,8,7,81,109.0237342,Beginner
42,74,8,11,66,64.27584489,Advanced
54,82,18,9,62,69.21321453,Advanced
75,100,10,2,67,89.72807964,Intermediate
31,73,6,7,76,68.12891452,Advanced
49,81,19,2,79,49.65793621,Professional
57,67,10,3,82,91.54497735,Beginner
32,72,7,5,77,82.0377357,Advanced
81,95,9,0,64,74.38872835,Intermediate
24,66,2,9,72,88.70179851,Advanced
75,69,9,10,88,98.60939965,Beginner
39,80,9,7,70,83.32228933,Advanced
51,66,14,3,83,110.3760718,Professional
48,78,10,7,71,54.05216029,Professional
22,74,3,9,70,80.65345293,Advanced
63,75,8,6,72,75.62279902,Professional
50,83,14,12,55,116.486195,Advanced
67,70,8,5,81,97.84807404,Beginner
29,65,4,4,85,48.0939918,Advanced
67,81,1,5,75,104.5439507,Professional
64,74,8,4,81,88.00831266,Beginner
33,82,10,7,72,79.47982219,Advanced
70,67,3,2,78,78.98598339,Beginner
59,72,13,9,92,93.54099456,Beginner
47,75,12,2,84,85.01665194,Beginner
70,100,11,7,81,63.03815894,Intermediate
93,98,11,2,55,94.49674219,Intermediate
69,66,6,8,70,84.7387185,Professional
82,58,1,10,68,121.432653,Professional
67,58,7,7,74,83.98276961,Professional
78,99,5,3,56,98.26872255,Intermediate
72,78,4,5,82,71.96314068,Advanced
49,100,1,4,76,130.4440275,Intermediate
55,93,9,11,97,45.83512928,Intermediate
26,77,6,5,78,85.80215065,Advanced
26,72,2,8,75,71.9287263,Advanced
55,86,9,9,95,46.95769324,Beginner
60,98,17,1,79,53.20206337,Professional
15,57,2,2,91,64.02324613,Advanced
51,67,16,4,83,123.757452,Beginner
32,75,8,6,75,82.34350933,Advanced
55,89,9,10,95,47.25247485,Intermediate
81,77,1,8,88,63.87597703,Beginner
82,53,8,5,75,143.4569269,Beginner
34,82,12,4,74,93.94256003,Advanced
28,78,3,10,65,111.5456954,Advanced
51,64,17,5,85,122.4892718,Beginner
68,79,0,1,79,47.0531863,Beginner
20,66,0,4,85,66.8534313,Advanced
80,100,12,6,76,77.20717922,Intermediate
39,76,12,5,75,70.4232749,Advanced
59,79,10,3,78,80.98524833,Professional
71,65,6,8,68,78.02293929,Professional
69,68,7,6,84,84.76162906,Beginner
65,63,11,5,83,112.5309322,Beginner
67,81,9,11,91,80.10336361,Beginner
45,75,13,8,68,75.38364791,Advanced
75,100,7,1,68,94.66493523,Intermediate
45,73,20,3,88,73.90291226,Advanced
41,92,2,11,100,56.41812092,Intermediate
27,76,3,9,73,60.5617202,Advanced
30,68,3,5,76,109.1567641,Advanced
35,71,5,9,70,75.45682413,Advanced
69,73,7,8,86,81.1755493,Beginner
52,57,14,7,77,60.32713813,Professional
76,79,6,13,94,62.17475814,Beginner
67,63,9,6,71,66.58414333,Professional
76,93,6,1,69,54.81113565,Intermediate
67,78,3,6,87,47.53829493,Beginner
66,89,14,0,78,66.8582042,Professional
19,63,2,2,95,92.60427174,Advanced
73,74,8,3,75,87.29360997,Professional
44,79,14,7,67,91.14467635,Advanced
56,72,12,4,76,65.77227162,Professional
36,62,12,2,93,63.70855279,Advanced
43,77,16,5,72,62.29049116,Professional
59,100,7,11,83,138.2409653,Intermediate
31,64,1,9,75,62.02820362,Advanced
75,67,5,9,90,70.2477785,Beginner
72,51,1,12,69,113.1537949,Professional
74,97,10,3,64,126.1429879,Intermediate
69,73,0,7,71,106.182226,Professional
50,92,0,2,84,50.77397602,Intermediate
83,97,7,4,55,85.0710041,Intermediate
42,73,9,8,67,85.36386959,Advanced
22,70,2,3,83,83.73560871,Advanced
66,64,5,9,70,77.84152329,Professional
54,93,5,10,91,77.36485414,Intermediate
58,73,14,9,90,97.74748078,Beginner
77,77,0,7,88,54.96424642,Beginner
49,70,19,2,80,53.93156703,Professional
70,99,5,1,62,129.7303753,Intermediate
65,76,1,3,86,59.17520628,Beginner
54,69,15,5,84,115.1574149,Beginner
67,76,8,8,88,74.70447746,Beginner
46,63,12,3,78,78.55699443,Advanced
49,73,12,1,73,115.2466192,Beginner
40,92,8,16,55,138.4503843,Advanced
39,78,14,3,75,92.0484369,Advanced
75,79,7,4,74,97.37992959,Professional
52,71,9,4,77,76.25226657,Professional
77,100,10,3,70,76.66765386,Intermediate
84,66,1,7,70,128.1413973,Professional
44,97,5,10,95,49.06268651,Intermediate
68,81,8,3,76,86.38030288,Professional
81,96,5,4,55,91.58643292,Intermediate
53,86,15,13,55,104.9194205,Advanced
50,92,4,10,91,92.82094628,Intermediate
55,95,1,5,79,102.2686677,Intermediate
75,62,6,8,86,91.01858012,Beginner
57,89,10,11,97,47.27633268,Beginner
65,67,10,5,74,72.81569293,Professional
66,71,8,4,77,89.72079386,Professional
32,68,8,2,83,80.00888917,Advanced
13,74,4,8,74,113.3369873,Advanced
47,76,17,5,75,51.47366109,Advanced
58,81,11,6,87,80.28579613,Beginner
37,80,10,10,68,59.00155642,Advanced
71,68,2,4,84,57.48992428,Beginner
79,61,1,8,70,107.8701426,Professional
60,88,10,2,76,72.80882939,Professional
60,81,15,3,75,52.12732206,Professional
44,100,13,1,80,65.9994444,Professional
55,71,10,0,78,99.87045192,Beginner
67,100,14,11,85,88.81279305,Intermediate
57,70,14,10,94,93.0470081,Beginner
67,85,12,2,75,69.91592766,Professional
24,82,2,8,68,116.4265395,Advanced
51,98,0,8,83,122.8143154,Intermediate
44,78,13,8,68,68.32244233,Advanced
69,100,7,3,75,62.97338192,Intermediate
63,98,14,13,93,76.54440637,Intermediate
72,94,12,8,80,84.61085637,Intermediate
67,78,5,8,91,50.42011055,Beginner
72,68,3,3,80,73.04358417,Beginner
19,79,0,9,72,92.68402349,Advanced
59,89,4,2,83,60.79957521,Intermediate
53,74,10,7,90,70.28284035,Beginner
63,93,8,8,85,81.67042878,Intermediate
48,94,6,13,97,95.01930395,Intermediate
74,73,9,11,89,91.35913243,Beginner
69,63,2,1,72,80.68847058,Beginner
71,55,3,9,71,95.97101193,Professional
73,66,7,5,79,103.9350691,Beginner
66,76,7,5,83,81.75556742,Beginner
83,100,13,5,69,95.56422025,Intermediate
79,81,7,14,93,73.9039994,Beginner
72,67,3,3,79,72.66733401,Beginner
11,68,3,4,88,63.79761253,Advanced
67,95,13,8,87,53.6328841,Intermediate
53,93,8,12,95,84.00637474,Intermediate
71,98,13,11,83,103.7667557,Intermediate
53,99,12,1,77,63.38062236,Professional
57,68,5,1,76,73.59776262,Beginner
37,73,9,5,73,101.7171733,Advanced
19,67,2,2,87,79.2597393,Advanced
29,69,5,5,80,61.96842873,Advanced
75,100,4,1,60,139.6770188,Intermediate
36,74,6,8,67,107.7345377,Advanced
36,78,4,9,68,97.98458005,Advanced
62,72,6,5,78,101.4335622,Professional
64,95,9,7,87,50.77655635,Intermediate
24,62,2,1,88,77.43435298,Advanced
67,84,4,9,92,51.20467173,Intermediate
53,94,3,6,87,64.63643907,Intermediate
55,93,1,1,75,84.51555093,Intermediate
62,83,6,7,68,71.24081387,Professional
55,100,4,8,82,106.1045808,Intermediate
22,69,1,5,79,99.50665857,Advanced
44,85,12,14,57,67.49281031,Advanced
66,77,8,2,76,100.5364285,Beginner
48,84,16,9,60,101.8947015,Advanced
62,81,4,6,89,54.69862096,Beginner
60,99,7,8,85,76.97440838,Intermediate
27,69,1,8,76,69.42107506,Advanced
39,77,11,7,70,79.24151939,Advanced
29,72,3,9,72,73.03539166,Advanced
67,58,3,8,73,98.55392575,Professional
34,70,5,9,70,68.50932147,Advanced
67,94,14,12,92,62.42612378,Intermediate
75,100,10,6,71,113.4354202,Intermediate
51,70,9,0,81,75.83540706,Beginner
78,75,11,3,72,76.09798655,Professional
46,80,17,6,73,51.49496215,Advanced
53,75,4,9,70,74.88530953,Professional
68,61,4,9,69,86.16588355,Professional
47,89,18,9,62,70.41905151,Advanced
63,81,5,5,86,54.02534637,Beginner
59,52,8,10,71,67.16158178,Professional
55,69,3,11,66,71.00236628,Professional
64,93,8,5,84,46.89803157,Intermediate
66,76,8,7,86,76.10369637,Beginner
26,64,1,5,81,78.65698868,Advanced
68,82,13,1,77,78.304232,Professional
70,95,12,8,82,78.57117681,Intermediate
73,100,9,3,70,82.02249548,Intermediate
56,64,12,1,78,114.4974943,Beginner
57,62,7,9,71,69.03553037,Professional
35,62,9,0,89,56.0460466,Advanced
61,75,9,4,83,83.46302179,Beginner
55,73,11,4,77,65.04079895,Professional
65,92,10,4,86,73.6825074,Intermediate
82,52,1,11,67,113.4383442,Professional
29,61,6,0,91,59.79572236,Advanced
71,59,3,9,69,98.40391731,Professional
32,64,10,0,89,75.10140467,Advanced
46,86,12,14,55,91.1304738,Advanced
35,66,4,8,74,66.42865701,Advanced
77,64,3,7,71,102.4980863,Professional
56,93,5,6,87,56.2414506,Intermediate
59,94,10,3,74,68.94794435,Professional
61,76,8,5,86,71.77256021,Beginner
58,81,13,3,74,53.16097854,Professional
53,73,13,8,68,50.97171979,Professional
70,91,4,2,71,55.29808735,Intermediate
39,74,10,6,71,90.5510758,Advanced
27,66,2,4,81,77.79261648,Advanced
69,69,5,2,78,85.80110331,Beginner
52,60,15,4,84,121.5023526,Beginner
47,95,6,13,97,88.85825002,Intermediate
73,50,11,1,71,153.9166275,Beginner
10,61,2,2,100,81.83747079,Advanced
43,80,14,7,69,74.26634905,Advanced
35,65,12,1,90,71.04585983,Advanced
62,65,5,0,77,75.82001193,Beginner
68,98,2,0,63,122.1465461,Intermediate
63,52,14,4,80,140.9862624,Beginner
78,99,14,7,77,69.06178785,Intermediate
50,87,15,13,100,61.32407453,Beginner
71,72,7,4,74,91.43640144,Professional
69,90,3,13,100,82.10891572,Beginner
40,73,11,6,72,80.139909,Advanced
72,91,12,0,75,76.56926879,Professional
66,99,7,5,74,104.119462,Intermediate
80,100,12,4,65,111.6798138,Intermediate
52,96,3,6,86,73.99832746,Intermediate
31,71,4,8,72,90.11856408,Advanced
60,100,7,10,82,111.7392579,Intermediate
72,95,6,1,67,60.67923533,Intermediate
27,74,2,9,72,77.80109423,Advanced
66,81,5,2,84,66.24959754,Intermediate
63,68,7,1,78,85.10168305,Beginner
49,80,11,7,69,48.40632381,Professional
81,61,7,6,76,130.9915584,Beginner
28,73,0,11,65,96.67305082,Advanced
46,60,20,4,83,153.7663931,Beginner
64,81,7,4,80,85.68336306,Beginner
38,68,14,0,89,52.27351887,Advanced
66,92,9,5,82,60.89853184,Intermediate
56,67,10,2,82,94.12495267,Beginner
70,59,8,6,84,101.1283205,Beginner
63,70,17,13,93,123.9473098,Beginner
42,67,14,0,84,83.52282166,Advanced
76,72,1,6,86,45.78835933,Beginner
58,75,11,6,87,84.51301952,Beginner
60,86,15,0,81,67.59044993,Professional
31,63,9,2,94,73.40858695,Advanced
75,98,13,8,77,90.53994638,Intermediate
34,78,13,5,76,70.1249702,Advanced
67,78,5,4,81,70.66249069,Beginner
21,66,9,7,100,104.2244462,Advanced
60,64,9,3,83,83.67802445,Beginner
75,89,11,1,79,82.50798995,Intermediate
68,92,10,5,84,56.00741015,Intermediate
28,70,2,8,75,70.53020897,Advanced
80,68,9,2,78,106.181282,Professional
59,67,13,7,89,89.61904384,Beginner
59,60,13,3,81,116.7430989,Beginner
72,100,6,2,67,101.3477469,Intermediate
65,62,1,11,71,115.2400159,Professional
81,78,3,10,87,68.28696555,Beginner
64,70,6,2,79,80.30328905,Beginner
79,94,10,1,68,78.26502347,Intermediate
77,81,0,5,83,53.47239383,Beginner
78,67,3,3,76,88.12956697,Beginner
39,80,6,15,57,71.6687419,Advanced
81,81,3,16,99,52.26816062,Beginner
43,67,12,2,79,86.47916604,Advanced
56,95,0,3,76,101.6715481,Intermediate
67,69,12,1,83,91.04184212,Professional
64,84,4,4,83,52.89681135,Beginner
66,60,15,6,80,148.572721,Beginner
39,74,9,8,71,72.20279878,Advanced
58,95,7,7,89,51.82975156,Intermediate
61,94,6,7,80,115.8298776,Intermediate
79,63,0,2,77,67.86245947,Beginner
19,66,0,5,83,76.73976661,Advanced
22,67,1,5,83,66.46243212,Advanced
57,76,10,6,73,68.6848603,Professional
46,100,7,17,99,130.9182634,Intermediate
59,85,12,3,74,59.28385687,Professional
82,66,7,4,74,99.43732409,Professional
53,76,18,5,68,89.77584452,Advanced
61,51,1,11,70,84.95988312,Professional
51,83,9,5,74,59.81061201,Professional
67,100,6,6,76,115.0054454,Intermediate
85,96,7,1,57,106.4784852,Intermediate
53,81,14,3,77,55.34046452,Professional
61,95,6,6,82,82.16920066,Intermediate
35,70,13,1,84,60.92242988,Advanced
53,99,12,1,76,55.02153978,Professional
50,97,6,12,98,50.52948216,Intermediate
77,100,11,4,71,86.48833706,Intermediate
61,98,11,12,89,97.95327257,Intermediate
88,58,3,6,76,111.5022699,Beginner
82,100,6,1,55,114.0326475,Intermediate
85,73,0,5,77,72.1307426,Beginner
62,90,5,5,84,55.48704776,Intermediate
51,83,15,11,98,72.63951748,Beginner
63,69,8,6,73,81.50461036,Professional
74,75,4,7,85,68.83612658,Beginner
72,88,0,10,96,87.66043564,Intermediate
58,94,9,10,95,51.70863488,Intermediate
59,69,12,7,89,92.77685654,Beginner
65,95,5,2,71,90.77142874,Intermediate
28,64,0,9,73,77.01445538,Advanced
21,63,0,4,86,66.39502142,Advanced
57,92,11,12,95,61.80918878,Intermediate
51,80,5,8,70,63.47472165,Professional
69,74,1,6,74,105.6539876,Professional
59,81,10,3,76,68.96398075,Professional
50,87,17,11,56,105.9519786,Advanced
37,76,13,2,78,102.9371381,Advanced
67,71,10,8,86,98.12362045,Beginner
64,72,9,7,88,83.98564192,Beginner
63,77,5,8,70,80.93501217,Professional
59,68,8,2,81,86.21264863,Beginner
18,63,2,2,88,71.64846578,Advanced
57,71,7,1,79,81.34864441,Beginner
15,72,2,1,88,92.63682889,Advanced
82,82,0,8,85,45.98264639,Beginner
69,78,14,1,77,69.44346789,Professional
56,80,5,2,86,48.84800694,Beginner
64,68,7,5,84,78.42096566,Beginner
71,69,3,6,72,100.9704928,Professional
34,72,6,8,71,81.65803234,Advanced
84,100,9,1,60,107.9996021,Intermediate
39,55,6,2,87,51.11533594,Advanced
56,64,18,6,85,138.386724,Beginner
81,71,1,4,75,127.3547952,Professional
68,69,8,0,69,122.7540104,Beginner
53,92,2,6,82,102.3655332,Intermediate
82,73,5,11,87,84.25740949,Beginner
47,74,10,11,59,93.71286674,Advanced
21,70,2,4,83,71.88280221,Advanced
66,78,9,12,97,59.91425448,Beginner
25,87,5,9,66,114.4590831,Advanced
26,80,2,10,67,89.93858548,Advanced
29,69,8,1,85,81.29633622,Advanced
54,71,13,6,89,87.63444912,Beginner
60,76,13,12,97,81.1069515,Beginner
69,80,7,2,76,93.48943801,Professional
24,71,2,10,67,113.634791,Advanced
72,75,13,0,81,87.66179083,Professional
42,71,14,2,78,86.62774559,Advanced
74,69,1,1,76,72.51766947,Beginner
61,93,5,1,80,66.09404692,Intermediate
67,67,1,12,64,91.65447013,Professional
34,65,10,0,87,78.87178112,Advanced
64,92,12,2,73,61.94100716,Professional
41,88,11,4,93,53.32444538,Beginner
69,80,2,4,76,111.7798564,Professional
36,92,0,12,100,77.40790458,Intermediate
78,72,2,6,72,112.6950638,Professional
66,95,11,7,83,62.6889219,Intermediate
68,62,10,4,78,93.72368025,Professional
32,76,7,8,72,76.15172505,Advanced
34,66,9,1,86,64.05168562,Advanced
69,58,7,1,76,111.1462411,Beginner
39,87,3,10,100,62.52282406,Intermediate
67,62,7,0,75,105.734594,Beginner
54,95,6,8,89,68.73166445,Intermediate
58,76,8,8,68,62.23345675,Professional
73,63,7,1,69,129.8129268,Beginner
58,82,14,2,79,66.01087124,Professional
59,73,9,7,91,66.14697362,Beginner
40,81,12,8,66,88.79524008,Advanced
23,64,0,6,79,83.02512236,Advanced
41,74,10,8,73,56.76332276,Advanced
71,69,6,4,81,85.64625215,Beginner
68,75,8,6,72,81.42985911,Professional
69,100,11,9,73,151.0551251,Intermediate
80,100,15,8,70,138.2002949,Intermediate
81,98,8,0,61,108.6020684,Intermediate
29,72,4,6,74,99.58563708,Advanced
62,78,9,5,71,65.56888645,Professional
40,98,1,11,96,89.79420872,Intermediate
72,90,3,2,68,49.65371094,Intermediate
56,81,20,4,69,84.30909684,Advanced
63,81,10,4,74,71.9069112,Professional
86,50,0,8,73,130.72952,Professional
65,83,7,4,74,77.27210064,Professional
23,73,4,3,82,82.9857473,Advanced
30,74,2,11,66,94.15764607,Advanced
80,50,8,13,64,126.1030931,Professional
28,69,4,3,80,98.50679105,Advanced
69,62,6,5,77,104.3226775,Professional
41,76,10,8,68,77.56487766,Beginner
62,63,10,7,73,70.93320839,Professional
74,70,0,0,74,62.11088906,Advanced
48,74,15,6,90,89.77395137,Beginner
58,86,7,5,73,74.52439665,Professional
77,100,9,3,64,134.1632185,Intermediate
68,99,4,0,67,84.22287067,Professional
49,71,17,6,88,115.1465904,Beginner
69,99,4,2,67,120.7479678,Intermediate
40,76,10,7,69,89.48354205,Advanced
72,100,11,6,78,67.58736456,Intermediate
49,97,3,8,91,63.34804495,Intermediate
57,77,15,4,74,47.50445574,Professional
73,71,8,5,77,112.5119348,Beginner
66,95,14,11,92,48.44741419,Intermediate
51,86,17,0,81,51.3652727,Professional
35,74,9,6,74,78.75891854,Advanced
12,65,0,0,95,65.57669079,Advanced
66,75,8,5,82,87.421246,Beginner
69,60,12,5,80,129.8018524,Beginner
66,71,10,4,76,84.2017722,Professional
58,98,11,15,94,96.71496892,Intermediate
65,93,5,3,74,95.38691217,Intermediate
74,72,8,5,70,73.58470975,Intermediate
73,99,8,5,71,114.6831862,Intermediate
26,75,3,7,72,104.8051172,Advanced
65,84,4,0,76,51.4005467,Intermediate
78,86,0,8,85,45.78618553,Beginner
36,61,11,1,92,62.96532037,Advanced
54,58,19,5,81,155.1133482,Beginner
32,72,2,9,72,71.21236398,Advanced
85,67,2,10,88,71.52657729,Beginner
10,64,6,0,97,79.93994605,Advanced
51,65,9,8,73,63.18429219,Professional
74,100,8,2,70,78.61563023,Intermediate
89,97,11,0,58,103.9566675,Intermediate
12,66,6,6,80,110.6292745,Advanced
76,72,2,2,75,79.18904628,Beginner
57,91,7,9,91,62.37917352,Intermediate
20,62,2,6,83,58.50936982,Advanced
47,69,11,0,81,86.51545436,Beginner
32,64,8,0,88,75.66456994,Advanced
70,69,7,6,73,91.02159378,Professional
55,69,8,10,67,56.71175074,Professional
33,75,10,2,81,83.95897604,Advanced
43,90,15,4,75,57.04519158,Professional
31,82,6,10,65,101.8266307,Advanced
27,75,5,10,72,51.02153875,Advanced
57,97,10,13,97,60.86125299,Intermediate
71,100,10,8,76,112.7585187,Intermediate
62,74,2,0,79,48.10216867,Beginner
62,96,5,4,79,74.30259907,Intermediate
66,97,8,6,77,100.2100881,Intermediate
53,95,8,12,94,88.53786221,Intermediate
59,100,9,11,88,92.44198392,Intermediate
60,86,14,4,72,53.10903121,Professional
65,60,4,7,76,100.1831202,Professional
45,81,18,4,72,84.26738065,Advanced
29,67,2,6,76,92.22248509,Advanced
34,90,0,9,100,77.20129206,Intermediate
53,82,19,9,64,64.89280404,Advanced
66,94,8,4,78,66.81757305,Intermediate
63,61,15,5,80,142.1858468,Beginner
77,82,9,3,72,84.92079627,Professional
59,78,19,10,61,58.20647692,Advanced
30,70,6,3,80,97.59237082,Advanced
72,77,14,2,75,69.11821626,Professional
77,99,13,8,76,101.165213,Intermediate
69,78,7,9,89,70.94673131,Beginner
75,78,8,17,100,60.42992954,Beginner
32,80,6,11,66,77.29184783,Advanced
45,76,20,2,83,103.3601961,Advanced
55,77,10,1,82,80.26767232,Beginner
56,82,9,4,75,70.80707818,Professional
71,73,4,8,69,92.85252439,Professional
69,98,11,7,82,70.3650218,Intermediate
66,78,12,3,75,74.42265388,Professional
43,76,11,9,66,77.28993388,Advanced
81,78,1,12,95,54.73505129,Beginner
69,67,9,5,81,109.8952547,Beginner
67,73,12,4,75,78.10854168,Professional
82,100,16,6,75,66.32445083,Intermediate
49,76,10,1,82,72.96818586,Beginner
76,70,3,6,72,104.7235152,Professional
66,71,1,8,70,97.24395679,Professional
71,100,7,2,69,89.44263981,Intermediate
61,76,9,2,78,94.8451508,Beginner
66,86,20,5,64,66.03206745,Advanced
55,81,18,10,58,82.99007271,Advanced
42,87,17,11,100,65.92551466,Beginner
61,88,12,2,76,70.25738183,Professional
58,96,4,5,79,99.62156155,Intermediate
66,63,9,4,81,106.868454,Beginner
56,91,9,11,95,62.71793721,Advanced
80,79,1,5,82,55.83276299,Beginner
34,80,5,12,60,96.6537995,Advanced
78,68,5,8,85,87.09665659,Beginner
31,77,2,12,62,106.3983392,Advanced
82,100,6,1,55,119.1405814,Intermediate
35,69,8,4,77,88.85542991,Advanced
28,71,8,1,86,70.01177493,Advanced
31,75,3,10,68,81.36531207,Advanced
55,61,10,1,74,108.0215775,Beginner
63,59,8,7,75,83.43843747,Professional
67,68,9,5,82,98.98984987,Beginner
71,68,7,9,89,79.41900404,Beginner
65,61,3,9,69,84.40767013,Professional
50,100,19,15,55,119.4361558,Advanced
65,83,1,6,73,111.5934208,Professional
78,100,7,0,68,62.06988433,Intermediate
76,98,10,1,72,45.55637456,Intermediate
31,72,7,6,76,67.51866751,Advanced
66,72,15,2,77,66.35545835,Professional
46,73,15,8,65,77.89112123,Advanced
37,62,10,0,88,79.58217836,Advanced
61,95,8,8,87,72.8800955,Intermediate
35,69,2,11,65,97.9948415,Advanced
65,86,13,0,80,79.28728423,Professional
69,50,2,12,68,93.68227875,Professional
73,84,11,1,76,83.38722728,Professional
47,73,15,6,72,69.66620801,Advanced
63,78,15,14,99,89.21702417,Beginner
16,68,4,7,76,106.134075,Advanced
66,84,15,2,74,57.98754285,Professional
77,79,4,5,72,105.5264753,Professional
70,95,5,2,68,113.4216146,Intermediate
23,68,0,6,79,73.27785931,Advanced
65,100,13,13,86,123.0681529,Intermediate
82,94,9,2,60,76.59774857,Intermediate
62,63,8,1,72,110.7636687,Beginner
66,96,6,4,80,53.57467644,Intermediate
37,80,12,5,77,61.29631989,Advanced
73,98,13,7,79,76.8651333,Intermediate
75,75,7,2,77,105.4387885,Professional
72,97,15,9,84,59.84644622,Intermediate
79,61,3,6,84,78.24687608,Beginner
68,78,6,9,92,56.95037768,Beginner
59,97,1,3,77,76.61813161,Intermediate
66,61,0,9,73,115.3043607,Professional
68,74,5,2,76,84.01226476,Beginner
45,91,4,10,99,52.5115393,Intermediate
39,75,5,13,60,83.1346997,Advanced
41,87,14,10,63,77.43472773,Advanced
30,71,4,7,74,78.99087129,Advanced
56,85,18,12,55,93.79785901,Advanced
67,78,4,4,82,63.27183302,Beginner
68,80,9,5,72,83.03974646,Professional
34,76,9,7,73,73.65813393,Advanced
69,80,2,4,82,53.14419428,Professional
61,74,3,8,72,90.35230541,Professional
64,91,9,7,85,58.00743185,Intermediate
57,71,15,5,82,124.4912971,Beginner
67,91,7,1,76,56.33438245,Professional
89,99,16,2,66,62.0497978,Intermediate
74,95,11,4,78,48.17616063,Intermediate
49,91,3,6,86,69.71333091,Professional
60,82,8,8,92,55.25822601,Beginner
62,87,10,14,100,54.60002322,Beginner
45,98,2,12,92,118.5514436,Intermediate
72,66,7,5,81,98.98468523,Beginner
68,66,10,5,74,76.00221432,Professional
74,63,3,6,74,108.6857275,Professional
62,68,8,4,84,79.08112035,Beginner
70,66,2,8,69,93.98389633,Professional
26,68,2,5,81,64.54402116,Advanced
86,96,8,1,57,100.2050356,Intermediate
33,70,3,5,82,59.81333656,Advanced
78,100,16,11,72,143.9934905,Intermediate
27,67,3,5,80,74.78882671,Advanced
61,89,5,3,83,56.01524632,Intermediate
11,54,3,2,100,83.06201969,Advanced
83,68,7,4,74,100.1422837,Professional
22,61,1,2,91,48.57084773,Advanced
67,65,8,8,70,74.9035548,Professional
53,91,7,10,95,49.7036031,Intermediate
73,56,2,12,66,107.7714291,Professional
73,68,3,1,76,80.41577817,Beginner
82,96,9,1,62,74.55997913,Intermediate
62,72,13,3,78,72.54314314,Professional
23,68,0,9,71,82.82160235,Advanced
43,66,15,0,86,73.23402526,Advanced
45,68,10,6,69,98.42053856,Advanced
63,95,10,7,87,50.07807479,Intermediate
27,73,8,2,84,74.53884057,Advanced
64,78,11,3,76,74.60169875,Professional
56,71,4,9,69,76.85441279,Professional
78,74,2,5,74,116.7298854,Professional
69,65,8,3,81,103.1391408,Professional
56,81,11,4,74,64.44209642,Professional
40,71,11,6,77,46.21766289,Advanced
28,68,6,1,85,86.98497798,Advanced
49,63,3,12,68,64.85399753,Professional
63,81,9,2,78,83.29402695,Beginner
67,58,11,0,68,146.0616667,Beginner
60,72,13,8,89,100.5974241,Beginner
61,93,10,10,89,75.9093995,Intermediate
75,50,4,14,64,116.6541294,Professional
87,100,11,0,57,111.3259715,Intermediate
25,55,7,3,96,90.03868723,Advanced
11,56,5,0,96,77.64188022,Advanced
79,100,12,3,72,58.95490316,Intermediate
64,97,6,7,78,118.6837334,Intermediate
63,64,11,5,75,67.57422746,Professional
65,68,0,12,62,78.54970833,Professional
61,77,9,7,89,73.51411054,Beginner
62,73,9,2,79,93.60469419,Beginner
65,98,9,7,82,71.03433551,Intermediate
70,93,3,0,68,95.21503532,Intermediate
42,99,8,20,100,119.6913807,Intermediate
61,73,13,10,93,94.09900527,Beginner
50,91,8,5,72,56.93928133,Professional
60,75,5,3,85,52.55816386,Intermediate
51,89,20,0,79,51.3711318,Professional
39,85,10,10,61,103.6346542,Advanced
24,55,2,0,96,66.42516393,Advanced
63,98,9,9,85,76.90353663,Intermediate
39,76,13,4,74,96.61731648,Advanced
71,98,10,5,78,58.07326455,Intermediate
27,71,6,2,81,95.92730048,Advanced
75,64,8,2,74,121.3979076,Beginner
61,74,5,1,79,69.47513445,Beginner
76,69,1,6,74,121.5975063,Professional
59,96,8,10,90,71.22623946,Intermediate
54,97,11,14,98,66.06136098,Intermediate
59,76,10,5,75,72.01611999,Professional
79,63,3,3,76,92.4643467,Beginner
59,62,0,14,62,74.15756756,Professional
47,83,14,5,74,52.18088409,Professional
71,100,12,7,76,95.20144711,Intermediate
53,90,5,8,91,61.38924546,Intermediate
39,73,6,11,66,72.16556349,Advanced
70,96,8,1,75,45.6515246,Intermediate
74,73,5,9,88,70.86034785,Beginner
68,80,6,8,89,59.8262121,Beginner
76,70,3,6,72,109.6321866,Professional
75,100,16,9,83,58.61664483,Intermediate
40,93,6,15,100,83.81524042,Intermediate
49,61,12,2,81,105.6939962,Beginner
60,88,12,2,77,65.3560277,Professional
45,77,9,1,86,50.82211727,Beginner
56,78,6,7,72,70.50815427,Professional
56,73,11,5,75,67.78705343,Professional
48,77,13,10,63,79.35818198,Advanced
65,98,9,7,78,106.5808185,Intermediate
27,67,4,3,83,70.55757275,Advanced
55,86,9,10,98,50.16279305,Beginner
63,98,1,1,69,112.0321495,Intermediate
74,87,8,17,100,54.85063649,Beginner
56,81,14,15,55,89.64649018,Advanced
30,71,5,5,75,94.91739836,Advanced
33,73,4,9,69,86.72432637,Advanced
71,100,6,2,68,104.5987591,Intermediate
65,72,6,0,75,94.08607634,Beginner
18,55,1,0,95,90.78358094,Advanced
81,57,2,0,70,108.0343614,Beginner
94,71,5,8,85,60.9109559,Beginner
85,56,0,0,69,101.0443055,Beginner
55,92,0,3,80,78.53639759,Advanced
53,94,1,5,84,68.42401673,Intermediate
47,90,1,9,92,85.16661096,Intermediate
60,78,15,10,89,112.7174089,Beginner
68,80,9,3,75,83.92887916,Professional
62,83,11,2,77,76.2232646,Professional
64,72,17,3,74,49.25164571,Professional
67,83,0,4,85,62.59834923,Beginner
39,71,11,4,76,87.61754752,Advanced
53,67,11,6,75,63.23217316,Professional
32,73,9,4,79,82.44406581,Advanced
83,71,5,13,90,81.30613813,Beginner
36,70,12,1,86,61.66152033,Advanced
36,61,12,1,93,46.28255101,Advanced
82,62,10,2,77,94.52526934,Professional
41,76,17,0,81,77.13244973,Advanced
70,100,5,3,69,107.0177051,Intermediate
34,69,9,3,83,62.24514558,Advanced
65,86,9,3,74,80.94203875,Professional
61,75,11,5,71,51.38546119,Professional
60,78,9,6,86,74.90849346,Beginner
65,80,10,3,76,73.93724231,Professional
31,78,2,13,62,85.29577789,Advanced
65,96,10,7,87,51.33906627,Intermediate
55,94,7,9,92,60.7764753,Intermediate
83,100,13,5,66,112.7393249,Intermediate
63,84,10,13,99,56.59136755,Beginner
94,100,16,1,58,65.97596599,Intermediate
54,83,11,5,72,49.78794562,Professional
63,53,2,11,69,86.8909285,Professional
60,70,15,9,89,114.9951379,Beginner
55,81,10,3,78,76.61946507,Professional
69,85,11,1,76,78.41504107,Professional
47,79,11,2,85,71.24314765,Beginner
59,98,12,15,95,90.540736,Intermediate
59,72,9,2,80,89.94892076,Beginner
60,73,10,7,89,80.2731251,Beginner
66,55,1,8,75,114.1517217,Professional
80,100,3,2,55,129.4871756,Intermediate
30,74,11,2,87,45.87240998,Advanced
66,96,0,3,63,78.9595344,Intermediate
62,72,14,7,85,115.4178156,Beginner
32,65,7,2,84,75.62247338,Advanced
44,70,16,0,80,91.19658216,Advanced
62,97,1,0,69,96.16083736,Intermediate
55,77,6,1,78,77.83253882,Beginner
59,96,11,10,91,66.31831366,Intermediate
68,65,0,9,70,104.3078457,Professional
70,70,10,9,88,98.98388988,Beginner
48,72,9,7,74,61.06561588,Professional
26,77,2,9,70,91.04355697,Advanced
64,61,0,14,60,76.86678624,Professional
45,71,13,6,75,52.84345682,Advanced
56,93,7,7,88,50.75949805,Intermediate
57,76,7,5,89,50.64182702,Beginner
67,71,10,11,94,76.67716154,Beginner
55,96,7,12,91,100.1701957,Intermediate
61,66,9,6,89,77.55881893,Beginner
13,75,6,11,70,97.17535684,Advanced
61,63,8,7,72,73.7490078,Professional
76,91,7,0,67,69.94308317,Intermediate
62,63,5,8,72,84.77134458,Professional
45,80,15,7,68,72.06761719,Advanced
67,100,9,8,79,97.35657704,Intermediate
86,100,14,1,64,65.09120159,Intermediate
64,79,17,0,79,59.93756142,Professional
39,60,6,5,78,71.15235357,Advanced
43,89,15,9,61,94.15085179,Advanced
67,100,9,7,78,98.07356487,Intermediate
81,65,5,6,79,103.2157039,Beginner
80,61,2,7,71,110.7675192,Professional
69,73,13,3,75,66.58005652,Professional
62,81,7,4,83,73.43953323,Beginner
62,54,9,10,67,53.76867077,Professional
55,93,6,8,89,63.83333437,Intermediate
69,67,12,9,87,114.7797175,Beginner
57,67,10,4,79,87.10920528,Professional
23,64,8,0,90,82.95274852,Advanced
69,100,7,0,75,86.46176358,Professional
58,73,11,8,68,48.60750564,Professional
52,76,15,5,74,48.72444663,Professional
67,97,4,0,67,93.2327034,Intermediate
63,74,7,7,71,76.16848903,Professional
60,94,7,7,85,79.30323849,Intermediate
32,64,10,4,78,74.69066931,Advanced
66,97,6,5,78,83.72093712,Intermediate
67,73,5,4,82,72.85170711,Beginner
54,82,9,5,88,56.1677217,Beginner
33,70,5,7,75,75.61200257,Advanced
53,89,5,3,88,64.64455051,Beginner
20,69,2,1,85,109.8789208,Advanced
34,63,9,1,89,47.49069814,Advanced
60,67,12,4,81,108.5054036,Beginner
81,78,14,0,77,85.77553947,Professional
67,56,10,3,78,122.5381568,Beginner
74,65,7,8,86,85.87021555,Beginner
47,74,15,6,73,59.70472077,Advanced
52,74,16,6,65,101.1602658,Advanced
72,96,7,3,71,92.55466694,Intermediate
77,70,3,8,88,60.60922748,Beginner
63,67,5,6,75,98.07526179,Professional
70,68,9,7,84,97.29525839,Beginner
67,62,8,3,79,103.5317418,Beginner
53,58,8,10,69,58.52216657,Professional
39,91,5,21,55,77.94137283,Advanced
62,95,7,6,84,64.22131706,Intermediate
56,66,13,7,91,88.91168457,Beginner
82,95,7,0,61,92.27199171,Professional
56,67,16,6,86,120.41702,Beginner
29,71,4,5,72,121.1264187,Advanced
57,74,20,5,68,90.91738478,Advanced
38,75,10,7,74,54.75906341,Advanced
81,96,8,3,61,57.33088244,Intermediate
73,63,5,8,68,86.92780644,Professional
20,75,0,8,74,92.11759933,Advanced
36,59,14,5,100,54.11411108,Advanced
73,67,5,4,79,91.24589449,Beginner
69,71,0,9,67,103.2963447,Professional
27,72,0,11,70,67.40815583,Advanced
58,97,4,6,84,71.69795869,Intermediate
47,91,11,13,100,67.06475192,Beginner
38,80,12,6,70,104.0871517,Advanced
51,89,17,22,100,47.40289458,Intermediate
80,64,2,2,75,90.74794985,Beginner
34,72,11,0,81,104.5503482,Advanced
64,81,4,5,74,95.86504793,Professional
35,65,16,5,99,58.15691742,Advanced
68,88,9,3,72,69.67687979,Professional
80,100,15,5,71,70.29225688,Intermediate
60,85,2,3,86,64.19535618,Beginner
70,58,13,11,90,121.3770545,Beginner
44,73,15,4,76,65.60499824,Advanced
64,67,5,1,80,76.34501261,Beginner
70,95,7,3,72,90.31428887,Intermediate
21,58,5,9,80,60.23212079,Advanced
53,67,15,4,83,117.1312406,Beginner
71,85,9,4,71,75.72171405,Professional
54,98,5,10,85,122.5780468,Intermediate
56,77,8,3,84,67.35523863,Beginner
57,99,8,10,86,109.3156661,Intermediate
45,100,10,20,100,120.8520225,Intermediate
66,77,14,2,76,62.43189988,Professional
52,88,9,12,100,46.40499844,Intermediate
64,59,5,9,70,83.72379767,Professional
72,95,6,0,68,73.88844101,Intermediate
69,60,0,11,68,97.92412137,Professional
36,68,5,8,74,66.86235254,Advanced
15,71,4,8,74,114.4939172,Advanced
76,68,8,0,84,124.911693,Professional
53,63,7,10,69,59.90811983,Intermediate
65,72,4,0,77,74.19869389,Beginner
42,76,9,10,65,81.01137266,Advanced
58,72,6,9,68,69.68008531,Professional
67,59,3,8,72,105.5822634,Professional
86,100,12,3,60,130.288589,Intermediate
60,84,3,3,81,61.04912208,Beginner
80,67,13,2,76,89.93965955,Professional
54,84,20,3,72,70.32098123,Advanced
57,75,9,3,78,76.40322266,Professional
47,80,15,7,66,85.28334911,Advanced
38,76,11,5,72,93.87903447,Advanced
63,76,6,7,70,75.72848512,Professional
45,66,10,6,74,76.83420948,Advanced
31,86,6,12,60,98.71646744,Advanced
30,59,8,1,97,56.19022124,Advanced
68,64,7,8,70,79.12915822,Professional
82,52,1,11,66,108.0862324,Professional
75,68,6,5,75,110.4500712,Professional
32,72,2,10,68,88.40606546,Advanced
58,79,5,5,90,54.01413648,Beginner
49,97,0,5,87,74.24296088,Intermediate
73,73,3,5,73,109.8613287,Professional
79,100,7,0,60,100.7647362,Intermediate
49,73,17,4,82,125.545329,Beginner
83,100,9,2,59,134.0761448,Intermediate
70,78,8,11,92,74.83326215,Beginner
34,83,6,12,62,79.70133577,Advanced
11,68,5,5,83,88.41916659,Advanced
81,70,1,5,79,74.92417037,Beginner
26,71,9,0,91,73.9121679,Advanced
51,92,2,2,78,99.66659719,Intermediate
78,100,14,8,72,123.962494,Intermediate
69,75,10,10,89,90.1088054,Beginner
64,80,6,5,73,78.89420866,Professional
49,81,6,3,90,57.87827407,Beginner
80,68,4,10,89,70.69482202,Beginner
54,100,10,11,87,95.16594005,Intermediate
72,73,7,4,74,95.23338451,Intermediate
44,76,16,4,74,78.48694884,Advanced
68,99,3,0,68,77.20303163,Intermediate
66,72,5,4,85,54.39643537,Beginner
76,95,7,1,65,67.58353781,Intermediate
31,78,7,7,72,87.48525275,Advanced
88,70,2,12,88,74.12241142,Beginner
29,68,2,7,75,86.70095264,Advanced
71,77,4,6,84,65.78012623,Beginner
61,86,3,1,80,46.72866236,Beginner
77,69,11,0,81,91.6428356,Professional
65,72,0,1,75,52.62795743,Beginner
65,59,9,9,67,59.17750152,Professional
70,100,8,4,70,108.930439,Advanced
55,92,1,4,80,87.34909266,Intermediate
50,70,8,9,71,56.46101938,Professional
40,75,13,4,78,54.54392444,Advanced
60,61,8,0,77,100.6901237,Beginner
25,76,2,8,72,100.6383074,Advanced
87,100,13,1,62,82.75950002,Intermediate
16,55,7,7,86,50.80325108,Advanced
69,62,15,8,82,153.7655229,Beginner
52,98,3,0,72,95.71752113,Intermediate
47,79,15,7,67,87.29151771,Advanced
52,76,9,6,75,69.25306189,Professional
39,68,8,7,75,57.43249797,Advanced
75,95,11,8,76,109.6605972,Intermediate
42,67,9,6,73,73.24394997,Advanced
57,93,6,6,83,85.12605771,Intermediate
30,63,13,6,100,74.38557506,Advanced
83,68,3,6,68,96.65615273,Professional
53,95,17,1,77,47.59912031,Professional
59,90,8,10,90,72.70658491,Intermediate
81,93,9,0,65,78.01803286,Intermediate
69,73,5,7,88,61.98994158,Beginner
42,83,6,17,55,86.87520833,Advanced
32,77,3,11,62,103.8271646,Advanced
74,63,4,8,70,99.77632529,Professional
48,77,13,11,64,61.12863487,Advanced
67,67,1,11,66,82.57395489,Professional
70,53,14,5,79,152.8158356,Beginner
66,66,14,6,81,135.169468,Beginner
80,100,13,6,73,75.04507254,Intermediate
60,88,9,1,79,84.66928228,Professional
55,80,2,2,86,55.8938452,Intermediate
28,80,3,11,65,88.34557236,Advanced
36,73,9,6,75,67.3113344,Advanced
72,67,8,8,87,88.06448351,Beginner
70,84,6,11,93,53.62952558,Beginner
77,69,4,7,68,92.11705612,Professional
65,100,6,4,78,71.41018015,Intermediate
65,71,8,4,82,92.37204206,Beginner
34,70,9,5,78,66.22635417,Advanced
62,63,4,8,72,87.41135604,Professional
70,69,11,3,76,84.26068874,Professional
71,60,9,7,71,75.48721062,Professional
75,98,11,4,74,73.18345731,Intermediate
65,77,6,7,89,55.52047174,Beginner
78,100,8,0,61,110.0249034,Intermediate
30,66,6,1,83,100.7766674,Advanced
34,70,6,7,73,85.73623344,Beginner
71,78,4,6,85,62.04522272,Beginner
66,79,3,7,69,90.08531005,Professional
45,98,5,14,96,120.046332,Intermediate
67,99,7,4,77,60.67787123,Intermediate
74,68,5,2,74,101.396218,Beginner
66,79,1,2,82,51.15212154,Beginner
24,69,3,3,83,88.62649697,Advanced
36,67,10,3,82,69.73615844,Advanced
74,96,10,4,74,70.58110324,Intermediate
59,71,12,5,72,51.09639282,Professional
63,93,11,12,88,102.9421012,Intermediate
25,69,8,1,91,79.10635821,Advanced
77,59,2,1,68,105.5774809,Beginner
31,82,14,1,84,67.48315128,Beginner
68,87,15,1,81,79.0852197,Professional
68,69,1,8,71,102.1765076,Professional
25,72,3,5,78,87.85967877,Advanced
58,68,13,4,77,66.89658667,Professional
56,64,10,9,68,51.46715195,Professional
60,96,12,12,95,56.15501659,Intermediate
64,91,11,9,88,63.80929669,Beginner
60,100,5,7,81,88.60797165,Intermediate
80,66,2,2,73,92.87478441,Beginner
79,60,4,2,72,111.1503467,Beginner
61,100,10,10,90,55.1013825,Intermediate
51,73,12,8,96,60.90065462,Beginner
67,60,3,9,71,89.42923726,Professional
67,56,4,9,73,96.18127945,Professional
78,81,5,3,74,97.67983923,Professional
71,67,4,8,69,91.88211941,Professional
34,73,6,9,73,49.59322862,Advanced
56,74,5,9,70,78.21009514,Professional
27,73,4,7,76,74.71540423,Advanced
33,68,6,4,78,83.91259664,Advanced
25,75,9,3,76,113.3464484,Advanced
80,96,12,4,73,69.54000431,Intermediate
63,70,9,3,81,99.20044278,Beginner
48,94,4,10,93,84.64073486,Intermediate
39,74,12,5,79,45.70871098,Advanced
49,72,15,4,85,106.8984949,Beginner
49,73,19,1,78,85.55146222,Advanced
79,100,13,7,69,133.0194931,Intermediate
85,87,7,3,68,86.95253308,Professional
65,92,9,5,79,79.7284673,Intermediate
50,94,4,7,89,74.90775804,Intermediate
66,100,6,4,73,98.62381777,Intermediate
71,95,11,8,80,88.20015765,Intermediate
57,90,13,3,73,60.95848866,Professional
37,79,9,9,66,83.88337494,Advanced
71,51,11,4,77,137.0363901,Beginner
92,99,16,2,63,70.53128977,Intermediate
60,72,15,10,92,105.3540079,Beginner
65,75,6,3,79,85.5787791,Beginner
70,63,8,4,79,106.1058063,Beginner
57,79,11,7,91,71.35527886,Beginner
58,96,12,15,98,72.19300773,Intermediate
55,79,18,9,64,58.26353835,Advanced
30,61,8,2,93,84.42813991,Advanced
66,99,2,1,56,140.5515647,Intermediate
68,94,11,7,81,79.3816713,Intermediate
79,98,9,3,68,96.86391161,Intermediate
48,53,20,2,77,176.4278363,Beginner
44,86,8,18,55,74.05564843,Advanced
41,71,11,7,70,76.22196518,Advanced
57,69,9,8,71,60.24450102,Professional
61,97,7,9,82,119.4705069,Intermediate
40,68,11,5,79,48.48888274,Advanced
70,71,9,4,74,80.64695187,Professional
59,89,5,6,90,53.78977265,Beginner
65,69,3,7,73,94.61374783,Professional
65,91,7,4,83,49.41549464,Intermediate
57,74,10,5,74,65.17134406,Professional
40,78,10,10,66,64.7265593,Advanced
32,74,5,9,70,84.79942949,Advanced
12,61,2,1,95,70.07999953,Advanced
75,100,12,5,73,82.19943681,Intermediate
69,94,11,8,83,67.23467319,Professional
55,98,10,13,94,91.41319408,Intermediate
70,92,5,0,72,49.50849181,Intermediate
48,71,14,6,70,86.3581628,Advanced
80,74,5,4,73,100.4503822,Professional
83,89,11,0,75,89.82664439,Professional
68,72,7,3,77,99.85341063,Beginner
43,74,15,3,75,88.53632863,Advanced
56,90,15,0,81,68.20734118,Professional
83,100,14,4,66,99.46324088,Intermediate
91,67,11,2,74,101.5510395,Professional
83,100,7,0,55,123.0973333,Intermediate
38,89,11,3,92,48.14069184,Beginner
73,96,10,4,73,93.24199688,Intermediate
74,59,8,5,79,119.6143468,Beginner
75,98,8,1,64,115.5898161,Intermediate
75,70,5,7,82,88.65106243,Beginner
59,62,8,8,72,70.40627534,Professional
63,95,5,5,77,100.1312179,Intermediate
32,76,4,10,67,81.17076753,Advanced
72,75,6,10,92,60.11343732,Beginner
38,67,12,0,86,72.74177632,Advanced
57,85,10,5,72,61.864645,Professional
59,70,8,7,74,74.33749997,Professional
79,76,3,8,84,72.46629165,Beginner
70,69,9,3,75,120.4134198,Advanced
92,98,9,4,55,85.55308146,Intermediate
53,80,17,10,64,47.52853706,Advanced
49,60,9,9,69,52.66593081,Professional
58,73,3,1,77,54.36280909,Beginner
75,78,4,9,88,62.48716527,Beginner
53,64,17,5,75,56.11481341,Professional
86,59,4,6,71,110.2395087,Professional
72,61,8,7,70,75.03266383,Professional
69,98,5,1,71,74.65255722,Intermediate
59,94,5,7,86,62.27989252,Intermediate
69,75,1,4,85,51.00445161,Beginner
63,79,4,5,89,51.95375756,Beginner
68,93,8,4,79,60.51023741,Intermediate
28,67,7,1,87,70.10808052,Advanced
39,94,5,16,100,82.09975042,Intermediate
44,84,13,10,61,88.86151655,Advanced
67,100,14,12,87,91.67500816,Intermediate
61,69,9,2,78,98.86053907,Beginner
67,94,6,5,74,106.8422842,Intermediate
51,79,18,7,66,77.4731671,Advanced
47,98,2,10,89,112.9270035,Intermediate
57,94,11,12,95,54.85264685,Intermediate
27,79,4,8,70,97.31446961,Advanced
69,79,2,7,89,56.08700685,Beginner
44,69,13,4,77,68.68870684,Advanced
77,81,1,8,88,48.67398992,Beginner
67,84,11,4,72,69.33563259,Professional
71,70,9,11,91,82.80874216,Beginner
51,81,17,8,63,84.95773716,Advanced
61,93,7,7,85,75.92213048,Intermediate
72,99,6,4,69,125.1718349,Intermediate
54,78,5,0,83,48.68324696,Beginner
78,59,2,8,70,106.7318867,Professional
72,69,1,3,82,59.12348139,Beginner
76,98,9,1,73,60.55729077,Intermediate
17,63,2,4,85,75.01245354,Advanced
77,54,7,5,77,107.7459739,Professional
17,58,0,1,99,65.42861671,Advanced
76,100,10,2,70,60.43352156,Intermediate
53,77,1,10,69,76.50130642,Professional
81,58,3,3,74,103.6437574,Beginner
80,94,7,2,63,60.17124941,Intermediate
78,73,2,5,80,75.83222145,Beginner
80,88,12,1,75,69.99238755,Intermediate
62,65,11,6,74,71.05008016,Professional
40,66,14,1,89,65.77596277,Advanced
52,94,16,0,79,51.1697532,Professional
46,55,15,0,80,115.3610466,Beginner
74,100,16,11,86,63.59429896,Intermediate
28,68,4,7,82,60.25952502,Advanced
36,73,8,7,72,87.79691721,Advanced
67,100,10,8,81,76.91017071,Intermediate
33,71,7,5,78,66.6315929,Advanced
53,78,11,5,88,71.69581168,Beginner
40,63,13,1,90,65.43371415,Advanced
66,99,10,6,82,55.37323904,Intermediate
70,71,10,7,84,102.0202928,Beginner
68,72,7,5,81,88.05437246,Beginner
25,75,10,1,81,105.0187527,Advanced
55,75,18,7,66,70.14856681,Advanced
62,71,12,3,79,74.67408618,Professional
11,56,5,1,94,77.18847302,Advanced
60,74,9,5,84,81.5906306,Beginner
57,82,16,1,78,54.82368423,Professional
58,73,12,6,87,90.03756545,Beginner
78,69,5,6,71,97.16805187,Professional
39,91,3,9,97,61.3956578,Intermediate
75,97,7,0,65,88.65712833,Intermediate
39,75,8,10,67,72.97735017,Advanced
52,68,17,7,89,112.5534732,Beginner
79,63,4,6,73,104.1978167,Professional
58,96,9,11,93,63.50443652,Intermediate
15,67,0,3,88,74.38514605,Advanced
58,100,5,7,82,86.29472475,Intermediate
74,76,8,13,95,69.71558557,Beginner
47,86,13,12,55,110.1015271,Advanced
70,68,5,8,69,90.16994734,Professional
39,68,10,9,67,73.23434669,Advanced
62,80,14,3,74,59.20569821,Professional
40,76,7,12,62,74.48904061,Advanced
79,50,3,13,69,125.938409,Professional
70,98,12,8,80,93.77684729,Intermediate
68,100,10,8,75,132.176366,Intermediate
59,58,14,2,77,134.9441332,Beginner
66,96,7,5,76,98.88762525,Intermediate
62,100,6,6,80,79.95586768,Intermediate
62,83,14,1,86,86.95496139,Professional
61,72,10,4,78,83.95394082,Professional
29,75,4,8,72,92.07067665,Advanced
72,68,8,4,77,111.5179125,Beginner
63,93,9,2,74,77.84411914,Professional
52,95,3,6,88,49.47728226,Intermediate
69,74,4,5,74,101.2400487,Professional
58,70,5,0,80,60.35818066,Beginner
73,95,3,1,68,89.03292335,Intermediate
95,75,8,0,76,123.6748693,Professional
63,76,12,13,97,73.67036243,Beginner
64,55,11,0,70,144.9958641,Beginner
77,74,7,3,75,97.23039553,Professional
37,71,8,6,74,83.19545251,Advanced
39,74,15,1,85,46.51020321,Advanced
62,64,13,5,82,121.1464351,Beginner
62,84,15,0,81,70.51544736,Professional
70,100,9,6,76,93.23882752,Intermediate
78,54,7,5,76,101.6201042,Professional
27,60,7,1,96,51.19244028,Advanced
64,63,3,9,69,86.38872754,Professional
18,74,0,6,79,82.0981947,Advanced
78,65,8,5,71,82.75597664,Professional
32,72,6,6,76,84.98571699,Advanced
19,59,2,4,88,55.67734035,Advanced
15,59,3,1,93,71.68881652,Advanced
60,94,9,8,89,49.50712891,Intermediate
73,100,10,7,74,110.9171614,Intermediate
70,95,6,2,73,72.30725567,Intermediate
59,88,4,6,90,59.77667475,Beginner
63,65,10,7,71,65.939142,Professional
71,63,0,9,70,106.5978402,Professional
41,84,10,11,57,114.2168665,Advanced
37,67,10,4,83,47.03941304,Advanced
57,70,6,10,67,60.26261455,Professional
65,97,12,10,93,61.50948175,Intermediate
22,58,8,3,96,78.18825744,Advanced
65,71,7,3,79,90.45099765,Advanced
60,73,7,2,75,98.30820837,Beginner
71,71,9,11,91,82.22132998,Beginner
70,71,7,6,84,84.50979085,Beginner
73,60,4,5,77,109.5072866,Professional
61,67,7,8,70,76.98679038,Professional
67,71,2,2,70,84.85126394,Beginner
54,97,1,6,82,95.35686401,Intermediate
19,74,1,9,73,92.21336639,Advanced
66,92,6,2,79,48.48232808,Intermediate
48,77,19,1,79,84.45771303,Advanced
57,97,10,13,95,68.91047,Intermediate
48,90,12,17,55,98.78804313,Advanced
67,65,5,8,71,86.25850367,Professional
65,93,3,1,72,82.50581543,Intermediate
64,68,11,4,75,69.38307648,Professional
70,70,5,5,83,79.68439177,Beginner
43,93,5,13,100,61.66934341,Intermediate
65,100,12,10,83,98.83539964,Intermediate
50,55,8,9,74,68.90085681,Professional
75,52,0,12,65,106.4523529,Professional
64,66,5,1,80,77.76329808,Beginner
74,68,7,7,83,94.71122614,Beginner
65,94,15,13,95,56.0208508,Intermediate
78,73,5,5,71,95.72690266,Professional
44,76,11,11,65,56.61498781,Advanced
48,71,16,3,75,80.01170651,Advanced
60,100,5,7,78,113.710477,Intermediate
52,97,10,14,96,84.30341686,Intermediate
72,99,11,6,78,77.04231954,Intermediate
59,68,5,1,83,59.32581857,Beginner
61,68,5,1,80,67.07517131,Advanced
43,98,7,16,99,129.5794138,Intermediate
56,98,10,11,94,57.25490535,Intermediate
80,59,9,3,76,92.05263695,Professional
59,78,11,9,92,79.07557289,Beginner
69,100,11,8,77,106.4014222,Intermediate
39,72,9,8,72,60.07944287,Advanced
74,64,8,4,78,104.0332613,Professional
70,95,10,3,79,53.04797301,Advanced
75,69,6,9,88,82.80602314,Beginner
56,77,5,1,82,55.00077661,Beginner
36,70,8,5,77,78.20979973,Advanced
53,61,12,0,74,134.1666097,Beginner
68,100,8,5,74,102.7802108,Intermediate
37,85,6,16,55,78.81180999,Advanced
85,100,14,6,63,143.8391068,Intermediate
68,71,5,4,82,77.45423567,Beginner
58,97,11,12,90,95.74288025,Intermediate
62,73,9,5,73,71.01731862,Professional
81,75,0,5,80,64.00037391,Beginner
33,66,8,2,82,90.76966016,Advanced
53,100,8,11,89,102.1986955,Intermediate
58,95,9,10,90,75.08597894,Intermediate
61,72,4,1,82,58.44509737,Beginner
15,77,2,3,85,76.22205512,Advanced
59,83,5,8,67,69.22431554,Professional
29,62,8,3,98,67.01615692,Advanced
64,75,8,6,86,83.02425216,Beginner
72,80,6,6,68,78.99961041,Professional
63,76,11,7,85,101.3787507,Beginner
78,66,6,12,93,77.0695958,Beginner
55,70,16,7,68,66.16618519,Advanced
34,71,5,9,73,54.32506005,Advanced
76,100,9,6,64,166.3938662,Intermediate
38,98,11,22,100,70.96328925,Intermediate
77,79,4,5,72,104.3970463,Professional
69,99,14,11,86,81.01561624,Intermediate
36,71,6,10,70,56.54978166,Advanced
77,89,12,0,75,77.35624144,Professional
60,76,8,5,73,68.80257623,Professional
28,72,8,2,82,95.838818,Advanced
68,71,6,5,84,76.41778664,Beginner
68,100,4,3,65,136.7009763,Intermediate
41,65,9,4,77,74.8963059,Advanced
62,78,7,8,66,54.61367186,Professional
36,67,9,2,81,89.1314554,Advanced
58,89,13,2,76,60.96738832,Professional
63,76,3,4,87,47.40581889,Beginner
70,82,1,8,92,69.24093263,Beginner
51,65,13,1,80,104.6852879,Beginner
71,80,5,8,85,76.29065305,Advanced
77,99,6,2,61,77.37607125,Intermediate
45,80,10,12,57,97.39805523,Advanced
61,93,4,2,79,57.57229754,Intermediate
57,60,6,9,72,68.22827544,Professional
12,66,6,6,81,98.62679114,Advanced
67,95,13,9,90,56.47594689,Intermediate
45,96,5,11,91,97.85892799,Intermediate
57,79,8,5,87,65.5401081,Beginner
75,63,0,9,68,105.2941373,Professional
64,92,4,0,76,46.59234003,Intermediate
40,90,7,16,55,116.6052932,Advanced
48,79,20,3,73,66.76791232,Advanced
12,67,2,2,89,92.5600951,Advanced
32,67,4,8,76,56.75354096,Advanced
66,77,11,4,75,69.46766097,Professional
59,71,9,2,81,86.72131723,Intermediate
52,65,17,4,82,134.5147125,Intermediate
64,72,7,7,69,72.71191821,Professional
52,68,14,8,66,86.07805073,Advanced
21,62,2,1,90,73.85486782,Advanced
68,56,7,7,74,91.03044695,Professional
73,76,3,7,87,56.70768848,Beginner
21,62,4,2,96,82.37804781,Advanced
32,66,4,6,77,74.1162647,Advanced
71,90,11,3,81,62.16359056,Intermediate
65,65,10,6,72,69.53562579,Professional
47,69,20,7,89,127.9371743,Beginner
82,99,12,1,66,74.90288164,Intermediate
49,84,18,7,66,85.16077115,Advanced
75,96,8,1,68,82.52129839,Intermediate
10,59,10,2,95,71.29755622,Advanced
64,100,6,7,78,113.3253247,Intermediate
48,94,9,5,73,56.4437559,Professional
57,66,5,7,75,87.94472321,Professional
82,59,2,5,76,131.625891,Professional
74,57,2,9,69,100.9505523,Professional
60,76,10,4,82,92.81789164,Beginner
68,72,6,7,86,70.42714596,Beginner
66,70,8,3,80,99.95593336,Beginner
69,74,7,7,87,76.73705259,Beginner
74,89,9,1,75,86.10734474,Professional
73,100,7,3,68,111.4398539,Intermediate
68,68,7,0,73,108.6525704,Beginner
38,71,9,5,74,86.96222169,Advanced
60,95,0,1,70,72.7154711,Intermediate
65,85,8,5,70,69.80935687,Professional
61,66,11,6,82,116.1309293,Beginner
82,55,3,7,73,120.1341443,Professional
73,62,6,2,75,107.3037401,Beginner
42,67,14,0,85,58.57487912,Professional
14,57,1,0,99,60.56352042,Advanced
65,83,7,5,71,82.36777837,Professional
59,96,3,5,82,71.26428374,Intermediate
58,99,8,11,88,96.44797089,Intermediate
24,71,5,3,84,71.32345824,Advanced
35,72,11,3,83,51.34495401,Advanced
78,98,7,0,63,90.99564639,Intermediate
47,80,19,3,73,92.78388305,Advanced
70,67,6,5,82,85.24889391,Beginner
54,83,5,1,83,45.66727747,Beginner
45,81,17,6,71,73.47980577,Advanced
67,97,4,1,71,77.47623609,Intermediate
47,85,17,7,62,115.9744108,Advanced
74,81,8,2,78,107.5516678,Professional
69,76,6,5,73,85.64459992,Professional
78,99,7,2,63,59.42765897,Intermediate
72,68,3,0,73,87.67817033,Beginner
43,91,16,3,76,52.19451728,Professional
68,73,2,10,65,81.32298687,Professional
57,76,10,4,76,67.68758268,Professional
52,68,11,1,81,95.5939744,Beginner
58,67,15,10,93,105.8870806,Beginner
71,72,4,3,79,81.10086363,Beginner
46,69,14,5,76,54.37913265,Professional
42,83,17,5,74,65.52014601,Advanced
66,63,8,2,77,106.9505827,Beginner
70,99,3,0,64,103.1381123,Intermediate
81,100,2,4,55,104.6161369,Intermediate
78,79,4,12,92,59.91250342,Beginner
61,69,11,5,76,69.49990786,Professional
70,71,6,6,85,74.30722415,Beginner
62,70,12,9,91,91.66977333,Beginner
66,68,3,9,69,92.54823657,Professional
68,78,6,5,72,87.19331944,Professional
77,81,4,9,87,68.48557001,Beginner
25,67,5,1,87,86.03012205,Advanced
27,67,3,4,82,76.10612802,Advanced
69,66,8,6,83,91.57656134,Beginner
74,50,2,14,62,100.1367095,Professional
38,67,9,4,80,68.32953172,Advanced
66,67,2,7,74,102.2082465,Professional
72,55,15,8,80,161.7095988,Beginner
63,58,8,2,70,118.6507408,Beginner
75,98,14,8,80,76.27457195,Intermediate
67,75,6,4,82,72.96249955,Beginner
51,71,16,9,93,99.38667421,Beginner
69,61,7,6,86,79.61614842,Beginner
66,81,4,3,80,62.7467596,Beginner
75,58,12,5,73,72.30402338,Professional
52,77,10,4,78,71.41889944,Professional
63,64,10,0,70,127.3044808,Beginner
21,69,1,4,83,86.16831751,Advanced
53,88,13,18,55,76.11042586,Advanced
59,80,16,0,82,67.95009985,Professional
57,91,2,4,82,75.14643302,Intermediate
71,70,0,9,69,101.894552,Professional
67,99,11,10,86,75.15504389,Intermediate
70,59,0,9,72,108.393221,Professional
24,60,3,1,94,50.62691792,Advanced
58,65,8,0,78,92.51150023,Beginner
38,72,10,6,76,51.30814406,Advanced
73,96,11,5,75,86.25142996,Intermediate
56,84,16,13,55,113.5650504,Advanced
60,72,15,8,87,114.7449821,Beginner
61,60,5,9,72,80.06630783,Professional
63,69,10,7,88,88.18685139,Beginner
41,87,11,12,58,87.9154412,Advanced
51,73,10,5,76,64.40324794,Professional
62,68,11,6,87,93.32241118,Beginner
55,86,19,11,56,87.4222393,Advanced
67,81,3,7,89,48.04166751,Beginner
70,75,0,7,71,107.7743364,Professional
74,79,1,6,86,45.19684796,Beginner
54,81,14,5,73,49.48229499,Professional
66,58,11,2,75,127.9978454,Beginner
74,78,9,1,78,98.14940285,Beginner
63,79,3,0,78,56.56998744,Beginner
59,93,1,2,79,60.96285155,Intermediate
57,75,11,8,93,72.3488759,Beginner
75,96,10,2,72,62.6525262,Intermediate
68,100,9,5,72,123.0598461,Intermediate
69,79,5,5,82,74.27552327,Beginner
44,83,11,12,58,87.99305216,Advanced
38,68,7,7,74,72.61703065,Advanced
54,99,5,5,82,67.85512065,Intermediate
70,97,4,0,66,98.22507978,Intermediate
66,98,11,10,84,90.18825173,Intermediate
71,92,11,2,71,71.39505923,Intermediate
48,75,7,10,67,50.90336777,Professional
52,73,11,0,78,96.47400225,Beginner
25,66,5,1,87,80.42746227,Advanced
30,66,7,3,85,60.14044774,Advanced
58,92,13,2,76,64.73211898,Professional
56,83,8,7,70,63.24754833,Professional
27,67,4,4,83,60.52526317,Advanced
52,88,14,14,100,58.02032672,Beginner
67,73,7,6,84,81.27055405,Beginner
83,66,6,6,70,97.6160596,Professional
67,62,5,1,72,102.6342485,Beginner
76,87,6,1,66,68.5040829,Intermediate
57,71,9,5,89,69.26947336,Beginner
61,60,5,10,70,81.64190896,Professional
72,94,10,3,75,70.86086054,Beginner
27,67,1,5,77,101.8739898,Advanced
82,97,8,0,63,79.80871846,Intermediate
62,61,13,2,75,139.0635031,Beginner
44,64,18,3,80,49.22157082,Advanced
36,81,9,9,67,86.65041642,Advanced
45,98,2,9,94,65.66758957,Intermediate
58,53,15,3,64,177.0277702,Beginner
58,69,0,9,71,101.3706484,Professional
34,70,4,10,70,72.85653072,Advanced
55,88,7,6,91,48.19719459,Beginner
63,91,2,5,87,59.78186287,Beginner
76,97,11,2,75,48.60279246,Intermediate
62,63,8,1,72,114.2286794,Beginner
27,63,4,3,87,59.07197003,Advanced
46,88,6,11,100,63.52278204,Intermediate
48,94,3,9,92,76.13834731,Intermediate
73,75,1,6,72,112.8672497,Professional
65,97,14,9,90,52.50664223,Intermediate
68,57,0,11,67,88.63375964,Professional
68,70,5,4,81,81.11941912,Beginner
51,94,5,9,91,75.15640711,Intermediate
31,76,3,11,66,90.64088094,Advanced
57,89,7,8,95,74.70858567,Intermediate
13,54,0,2,100,46.76016692,Advanced
74,66,3,2,76,84.01321933,Beginner
24,81,1,11,66,95.52029255,Advanced
37,72,8,4,77,81.23626323,Advanced
76,64,0,10,66,97.64481939,Professional
72,70,2,8,68,97.17869657,Professional
74,98,8,0,71,45.73710088,Intermediate
79,60,0,11,65,105.7248774,Professional
73,93,7,1,70,74.66223057,Intermediate
61,67,16,7,84,134.8231685,Beginner
66,84,1,7,91,70.61773406,Beginner
76,100,17,9,81,76.02598217,Intermediate
68,78,7,5,72,79.25317111,Professional
40,72,10,6,74,69.32986415,Advanced
61,77,2,1,79,48.73722681,Beginner
76,98,6,0,62,103.2395715,Intermediate
15,64,0,0,92,93.268464,Advanced
52,68,7,10,69,57.52962635,Professional
72,93,9,4,75,75.19312266,Intermediate
56,76,11,5,75,67.03007859,Professional
52,84,16,5,72,54.7674857,Professional
66,74,10,8,91,73.93315313,Beginner
46,70,16,2,79,75.10846418,Advanced
19,62,3,0,93,55.58428302,Advanced
56,82,7,3,85,53.36786154,Beginner
18,67,3,8,79,68.80350737,Advanced
61,65,8,1,79,94.32209903,Beginner
65,95,12,0,77,71.90406852,Professional
66,71,4,4,86,52.84599257,Beginner
79,97,12,1,70,55.7310316,Intermediate
54,82,16,11,56,89.99231246,Professional
48,76,14,8,94,72.43202851,Beginner
74,100,3,4,67,90.53831855,Professional
57,84,14,1,79,64.54971702,Professional
61,70,8,3,82,85.29438806,Beginner
91,99,9,3,55,86.97171889,Intermediate
27,61,5,0,91,76.70432441,Advanced
86,100,12,1,63,84.4188747,Intermediate
46,88,12,15,55,92.81320547,Advanced
30,76,4,9,70,75.90772115,Advanced
60,70,6,8,72,79.25613595,Professional
62,68,10,4,77,73.9114986,Professional
64,77,13,14,98,86.68404011,Beginner
10,72,1,2,90,74.3596757,Advanced
52,74,13,9,96,65.94523838,Beginner
79,78,0,5,83,48.69240987,Beginner
50,67,13,5,77,50.93263905,Professional
49,81,12,13,56,91.38355625,Advanced
50,77,14,10,68,57.86228384,Advanced
26,67,6,0,86,108.0675931,Advanced
63,71,12,5,73,59.02215049,Professional
68,58,7,9,71,79.52665675,Professional
64,67,10,6,74,73.07640637,Professional
64,98,12,11,89,65.74641232,Intermediate
21,71,3,3,86,63.8864366,Advanced
49,88,16,2,76,50.04662123,Professional
59,51,0,11,73,106.6318877,Professional
54,78,7,8,70,61.26290122,Professional
61,70,9,1,77,100.1905491,Beginner
78,99,12,4,73,69.4533522,Intermediate
60,87,11,17,100,48.99413346,Beginner
38,66,10,2,82,72.30055522,Advanced
72,74,2,4,82,60.90064659,Beginner
54,94,10,11,98,58.80577804,Intermediate
74,75,5,8,86,71.86740179,Beginner
90,100,13,1,55,128.5133917,Intermediate
47,71,15,5,76,56.72627496,Advanced
80,75,1,6,81,66.18200687,Beginner
28,76,4,6,72,114.9298143,Advanced
84,100,8,2,56,93.98621814,Professional
59,93,5,5,80,95.52030897,Intermediate
63,99,10,10,86,80.54857185,Intermediate
50,82,15,2,80,54.78714834,Professional
27,73,6,2,81,106.5672651,Advanced
68,86,9,15,100,49.97273393,Beginner
62,76,7,6,69,74.47403622,Professional
58,96,9,7,91,67.54588075,Intermediate
54,85,9,6,91,49.24982962,Beginner
61,93,5,5,77,110.3316629,Intermediate
61,81,4,4,87,48.36561337,Beginner
29,68,9,1,89,95.27662233,Advanced
27,76,4,7,72,92.60117539,Advanced
67,94,2,0,70,62.16549056,Intermediate
57,95,9,10,89,80.70142655,Intermediate
60,60,0,12,67,86.74673001,Professional
41,93,7,15,100,46.7486384,Intermediate
78,65,6,7,82,99.49075733,Beginner
51,98,11,13,99,60.06665287,Intermediate
72,98,6,1,67,91.33972532,Intermediate
68,63,7,2,78,98.57838065,Beginner
54,80,13,4,75,50.6853835,Professional
67,69,7,5,83,81.83120625,Beginner
69,83,8,5,70,74.87692951,Professional
58,74,17,12,95,109.9452159,Beginner
68,89,5,1,74,64.98821052,Intermediate
54,80,10,17,55,108.750388,Advanced
48,53,11,8,77,60.28401107,Professional
47,95,11,16,98,102.9939123,Intermediate
77,70,4,6,71,102.0121688,Professional
55,71,13,4,77,62.99294331,Advanced
90,61,5,11,85,101.8141768,Beginner
41,93,10,15,55,121.7516986,Advanced
35,67,7,4,77,89.98334956,Advanced
59,80,6,3,83,60.83375292,Beginner
78,95,15,7,78,73.11601864,Intermediate
58,77,15,3,77,57.75552466,Professional
24,72,2,5,78,89.54096026,Advanced
62,71,10,6,85,87.81176056,Beginner
63,73,9,8,88,80.98157708,Beginner
47,83,13,4,77,51.8517556,Professional
61,67,5,3,70,92.75998806,Beginner
41,65,11,4,83,51.07096224,Advanced
67,78,2,2,80,57.09727133,Beginner
39,65,10,5,73,85.61525696,Advanced
73,84,2,12,96,65.1826662,Beginner
80,77,8,2,76,103.6671221,Professional
69,99,5,2,67,109.0988824,Intermediate
37,81,9,14,55,105.2097235,Advanced
71,95,6,1,63,120.5641727,Intermediate
57,76,6,1,80,67.65076661,Beginner
30,77,20,2,87,116.0828662,Beginner
75,94,9,3,72,82.76657585,Intermediate
42,71,14,2,77,101.5255797,Advanced
40,81,15,7,71,69.57215039,Professional
80,65,1,5,75,122.606823,Professional
72,75,7,1,69,122.3247524,Beginner
53,97,7,11,92,78.89445256,Intermediate
72,66,14,3,76,69.94986323,Professional
71,85,16,2,83,85.42397196,Professional
41,73,16,3,72,99.12040599,Advanced
69,62,11,3,80,91.00988987,Professional
52,87,2,3,88,58.34713735,Intermediate
71,61,5,0,72,108.8841093,Beginner
55,81,20,6,65,93.2377667,Advanced
62,72,14,7,83,122.8458177,Beginner
77,100,7,1,62,112.1971322,Intermediate
66,93,5,1,75,62.00501522,Professional
78,71,3,5,80,76.06149749,Beginner
77,74,11,3,74,84.59020379,Professional
74,80,8,5,68,71.41273627,Professional
52,94,0,4,84,72.25007298,Intermediate
67,98,3,0,68,87.84952482,Intermediate
75,64,10,12,91,101.9104231,Beginner
66,63,7,7,73,84.54332226,Professional
73,63,0,8,70,102.8232251,Professional
54,80,9,6,90,57.64670221,Advanced
25,70,4,4,82,76.26408552,Advanced
66,59,0,10,69,96.71826921,Professional
59,67,10,2,80,98.8055977,Beginner
63,80,14,1,77,61.27169903,Professional
72,97,11,6,76,89.27635909,Intermediate
46,99,9,15,100,79.64087725,Intermediate
64,79,7,3,79,84.74996523,Beginner
31,68,6,3,80,88.45621947,Advanced
60,77,7,5,85,73.04211582,Beginner
64,69,4,0,76,75.46140677,Beginner
79,90,7,2,65,56.03636805,Intermediate
74,75,3,7,86,56.84588745,Beginner
70,100,12,7,79,81.78415635,Intermediate
64,73,9,5,83,91.53801662,Beginner
48,85,1,6,94,54.89979665,Intermediate
71,81,5,4,73,91.34745747,Intermediate
28,74,7,5,81,54.57432036,Advanced
63,67,7,3,84,75.00052267,Beginner
63,98,8,10,79,138.7791759,Intermediate
57,87,11,10,95,65.31007089,Beginner
65,71,6,3,80,80.50968589,Beginner
27,68,4,4,82,78.20751301,Advanced
50,72,14,6,90,87.89145116,Beginner
73,72,4,3,78,81.78290664,Beginner
47,79,13,10,61,92.00337052,Advanced
68,53,0,9,75,116.3310609,Professional
69,68,9,3,77,113.6645044,Beginner
23,65,0,5,80,94.74878811,Advanced
43,85,12,10,59,113.1109542,Advanced
63,68,11,5,83,104.8742758,Beginner
66,65,7,8,70,79.52276989,Professional
66,83,16,1,75,56.46376438,Professional
26,64,3,3,85,71.94688734,Advanced
61,61,7,8,72,71.83274912,Professional
56,79,5,0,81,57.18302063,Beginner
53,94,3,9,89,81.13309545,Intermediate
68,99,7,6,71,138.7653617,Intermediate
84,72,10,1,78,102.8273559,Professional
88,88,2,11,88,59.96879176,Beginner
40,75,13,4,77,62.58290597,Advanced
43,80,9,9,65,91.38664642,Advanced
29,85,9,7,70,101.2882465,Advanced
64,80,13,14,96,91.15555619,Beginner
60,79,10,5,72,63.86934658,Professional
61,100,16,2,83,72.28943338,Professional
26,78,6,6,78,66.75628362,Advanced
67,96,6,4,73,101.2827109,Intermediate
53,91,4,6,86,73.399598,Intermediate
53,95,3,7,88,69.24171148,Intermediate
27,74,8,1,83,104.7691831,Advanced
69,58,1,13,65,105.156856,Professional
82,98,12,3,67,91.63203321,Intermediate
60,76,10,6,90,62.10888748,Beginner
65,86,10,2,77,87.83395566,Professional
75,97,5,1,61,98.92057575,Intermediate
69,62,0,9,68,103.4234581,Professional
61,86,8,4,73,74.23059787,Professional
78,50,5,8,72,101.2394245,Professional
84,78,3,4,72,109.0603583,Professional
56,100,4,6,81,103.9102274,Intermediate
65,90,3,7,90,64.5754706,Beginner
31,61,6,1,88,70.71996988,Advanced
66,77,11,2,78,79.37967407,Professional
28,50,10,10,100,49.70794993,Advanced
61,76,7,7,90,52.86506168,Beginner
64,90,3,0,75,46.53606017,Intermediate
69,83,14,2,73,59.84679414,Professional
63,87,1,1,75,48.38623268,Intermediate
25,57,7,6,100,91.74330744,Advanced
23,67,1,7,78,63.48938946,Advanced
72,70,8,10,91,79.76280799,Beginner
58,96,3,5,82,73.17862434,Intermediate
32,71,8,3,79,89.76655564,Advanced
79,72,4,6,69,95.97732548,Professional
68,81,0,3,85,62.9343863,Beginner
65,98,11,10,82,109.1942864,Intermediate
70,72,3,4,83,58.02679569,Beginner
52,67,15,4,84,115.1328326,Professional
29,72,5,5,75,100.6027639,Advanced
35,75,4,11,63,101.3874725,Advanced
68,75,7,7,88,69.83097251,Beginner
56,85,13,3,75,63.66774475,Professional
71,72,6,5,73,92.01222529,Professional
80,58,1,8,69,105.905598,Professional
39,73,7,9,66,101.3963915,Advanced
46,94,5,11,96,74.63681449,Intermediate
73,70,8,9,88,90.17363884,Beginner
62,65,13,8,88,109.4398378,Professional
71,98,7,3,74,71.89223547,Intermediate
59,75,12,3,78,111.2047199,Beginner
78,70,5,4,74,102.4754705,Professional
59,77,7,5,76,86.47485246,Professional
23,61,2,0,90,91.22972041,Advanced
61,94,5,5,83,50.66362413,Intermediate
70,69,8,2,75,111.8995469,Beginner
62,59,10,0,74,122.0234536,Beginner
72,100,6,1,70,71.65541431,Intermediate
41,90,12,12,57,99.53947537,Advanced
83,93,11,1,77,95.73073669,Professional
75,65,5,4,80,121.5254317,Professional
83,100,8,0,57,125.9443891,Intermediate
31,74,8,5,79,72.97969662,Advanced
33,80,8,8,69,98.52084314,Advanced
61,70,6,3,85,52.47264611,Beginner
10,63,11,4,90,96.34483174,Advanced
44,86,14,10,60,99.84192871,Advanced
56,91,10,12,95,71.65469032,Intermediate
64,65,8,1,77,98.97637651,Beginner
29,64,3,4,79,100.1175396,Professional
36,78,7,10,67,76.82238762,Advanced
63,69,7,3,82,83.53277254,Beginner
34,73,7,7,72,80.69439546,Advanced
80,100,16,5,73,73.66607176,Intermediate
49,82,5,0,84,56.92071021,Beginner
52,85,17,12,57,81.30340814,Advanced
58,100,1,1,70,111.0738925,Intermediate
63,80,4,1,78,66.99198262,Beginner
24,72,0,8,71,115.6425952,Advanced
72,100,9,6,76,83.52525871,Intermediate
59,98,1,0,64,129.2650451,Intermediate
71,87,3,5,90,95.44524898,Beginner
65,93,11,8,89,48.27316847,Intermediate
86,100,7,2,55,95.26775397,Intermediate
34,77,10,5,77,69.0817825,Advanced
73,72,7,9,86,87.32531015,Beginner
79,96,8,2,74,45.3417374,Intermediate
26,61,3,1,87,77.181416,Advanced
60,82,5,6,74,89.97374052,Professional
71,94,11,7,81,72.6020229,Intermediate
21,79,3,6,76,88.53227867,Advanced
66,68,8,7,87,83.45741708,Beginner
12,63,6,6,84,81.51780116,Advanced
19,69,2,3,86,76.1171149,Advanced
68,90,8,2,79,50.64529072,Intermediate
65,66,6,3,82,79.35715653,Beginner
62,75,10,5,74,69.37490476,Professional
63,58,6,7,73,85.55333196,Professional
53,86,11,9,95,55.63716929,Beginner
33,82,8,9,67,94.90370148,Advanced
40,68,11,2,78,92.87587188,Advanced
63,98,4,4,74,108.9430161,Intermediate
80,69,1,7,71,124.1854989,Professional
66,76,10,9,89,89.6368586,Beginner
10,61,3,1,98,89.94904408,Advanced
66,82,7,6,70,72.60942446,Professional
39,73,11,5,76,70.27592239,Advanced
54,92,1,5,80,96.82313072,Intermediate
56,88,8,7,92,46.3440971,Beginner
78,87,0,5,81,48.65566136,Beginner
64,87,3,1,73,83.58486386,Advanced
51,87,13,4,74,47.29230153,Professional
32,67,10,0,89,53.64532469,Advanced
66,75,7,5,83,79.37330733,Beginner
10,65,6,5,92,47.58847741,Advanced
70,94,12,9,85,67.46340162,Intermediate
33,77,10,4,75,93.01487882,Advanced
50,89,20,2,85,47.93120546,Professional
55,93,5,8,90,64.09767537,Intermediate
58,94,10,10,91,66.43423402,Intermediate
46,82,13,7,68,96.59916881,Advanced
51,74,13,4,83,102.5682493,Beginner
63,69,12,7,84,110.8843388,Beginner
47,83,17,7,66,91.30337028,Advanced
75,73,1,7,86,49.22023012,Beginner
51,80,18,12,98,98.64596964,Beginner
56,73,10,3,82,93.3868711,Beginner
68,100,6,4,71,107.0105435,Intermediate
74,70,3,7,69,99.71994091,Professional
58,83,8,4,74,66.70801575,Professional
93,75,0,10,83,69.55311144,Beginner
78,80,10,0,82,109.1591184,Professional
27,70,1,7,72,107.3069954,Advanced
56,70,13,5,86,98.01475345,Beginner
42,71,13,3,76,96.67229102,Advanced
70,65,13,3,77,73.5482687,Professional
72,74,4,8,89,54.2682518,Beginner
60,74,16,0,83,64.85474691,Beginner
14,72,3,6,77,116.198993,Advanced
34,63,8,2,87,50.71767108,Advanced
70,75,0,8,70,109.2087025,Professional
47,90,5,7,98,78.155427,Professional
86,100,9,1,56,109.2811013,Intermediate
85,78,3,16,98,45.22219049,Beginner
25,71,7,0,87,85.25764206,Advanced
48,87,5,0,77,82.80909383,Intermediate
72,66,7,5,76,97.51007443,Professional
34,63,10,0,90,67.11849264,Advanced
82,67,9,13,88,112.5542988,Beginner
78,77,4,11,91,57.16855856,Beginner
65,100,11,10,85,83.64283398,Intermediate
72,75,3,6,73,108.0119947,Professional
25,62,2,4,86,59.1175439,Advanced
27,73,8,2,84,76.90444348,Advanced
71,100,9,7,76,109.3742125,Intermediate
13,58,2,0,96,81.69404326,Advanced
21,64,1,6,81,75.64771862,Advanced
62,67,6,9,68,71.90243007,Professional
56,89,8,9,94,46.27516868,Intermediate
61,93,7,6,83,68.02466736,Intermediate
67,99,7,4,66,148.1333935,Intermediate
73,58,4,3,65,116.3224676,Beginner
63,70,8,5,86,78.10023767,Beginner
48,78,13,10,63,69.75790774,Advanced
57,98,10,12,93,70.63919435,Intermediate
57,71,20,2,73,86.63010073,Advanced
33,65,13,3,96,61.56455217,Advanced
24,71,1,6,76,94.77342609,Advanced
72,98,12,7,79,78.41771102,Intermediate
76,90,6,1,66,70.72502744,Intermediate
57,74,10,5,86,75.48772316,Beginner
61,76,16,17,100,90.02474662,Beginner
64,96,9,6,84,45.98639142,Intermediate
37,59,11,10,71,45.151482,Professional
28,71,4,6,78,74.17790045,Advanced
78,100,12,5,72,86.62479482,Intermediate
75,77,6,7,84,79.92721821,Beginner
75,65,1,1,70,87.21086839,Beginner
78,80,6,15,96,60.67727842,Beginner
31,74,9,3,82,66.2317403,Advanced
62,96,11,0,78,70.0010723,Professional
81,67,3,4,77,123.1362956,Professional
78,68,4,6,70,97.93310194,Professional
30,74,7,4,77,99.9395724,Advanced
33,74,12,0,84,91.91988431,Advanced
57,98,9,11,91,79.17048261,Intermediate
69,98,10,7,80,85.02925557,Intermediate
78,100,13,7,71,123.5819737,Intermediate
75,68,9,3,77,101.3753002,Professional
58,89,1,2,81,45.08334635,Intermediate
69,58,8,7,73,90.18444117,Beginner
68,67,4,8,70,77.88872328,Professional
82,100,7,0,56,135.0873459,Intermediate
89,68,0,9,84,70.40091483,Beginner
75,94,12,3,80,83.55893327,Intermediate
43,99,6,15,100,60.8432036,Intermediate
73,82,7,2,77,100.5971168,Professional
66,85,14,1,75,62.73847693,Professional
59,79,12,4,77,66.4369472,Professional
61,57,2,12,66,77.54281859,Professional
77,100,9,5,68,115.3721826,Intermediate
49,68,8,9,70,51.682549,Professional
71,80,4,8,88,54.57805343,Beginner
69,96,7,3,74,79.53948435,Intermediate
29,76,3,10,67,89.32591689,Advanced
48,82,16,8,63,97.0150596,Advanced
41,82,10,12,61,64.17319052,Advanced
77,100,10,7,71,136.3074647,Intermediate
44,54,20,1,80,156.5802962,Beginner
25,71,2,5,77,91.07288175,Advanced
37,73,11,4,72,111.7680039,Advanced
21,75,5,1,81,127.0838994,Advanced
29,74,2,9,69,100.8000095,Advanced
76,63,0,11,64,100.8270449,Professional
50,77,20,3,76,66.83537814,Professional
14,61,0,2,97,98.04977511,Advanced
63,99,8,9,79,126.637887,Intermediate
61,95,12,14,89,123.4086099,Intermediate
76,100,8,3,65,120.9132221,Intermediate
67,66,13,10,89,116.3412695,Beginner
66,71,10,8,86,96.60033478,Beginner
45,90,7,11,100,73.89751973,Intermediate
52,84,9,8,67,46.67790574,Professional
85,60,0,9,66,111.8747278,Professional
72,100,14,9,80,88.546528,Intermediate
65,65,9,9,92,77.31542019,Beginner
68,100,13,6,81,48.04199534,Intermediate
66,92,11,8,86,68.48252024,Intermediate
59,77,8,4,78,87.26335772,Professional
61,88,12,10,97,68.79177049,Intermediate
61,97,9,10,88,87.97027125,Intermediate
59,68,5,8,73,84.63009045,Professional
74,93,10,4,76,63.57471681,Intermediate
64,70,7,9,68,75.3882424,Professional
72,100,11,5,77,68.520361,Intermediate
58,80,9,6,71,62.64054131,Professional
58,90,5,5,84,60.97347516,Intermediate
63,71,4,4,86,48.70149052,Beginner
56,81,11,4,76,72.40856519,Professional
67,100,10,7,79,93.14954022,Intermediate
66,63,7,7,90,71.583708,Beginner
78,81,6,4,72,98.15995917,Professional
36,77,13,4,80,54.91005847,Advanced
68,77,6,7,70,89.67505571,Professional
59,89,6,6,88,49.33608266,Intermediate
76,92,7,1,70,67.1232051,Intermediate
72,71,6,5,74,93.31104121,Professional
64,90,12,1,78,86.45199909,Professional
35,73,1,14,60,83.80622362,Advanced
81,95,10,0,68,52.39025602,Intermediate
12,64,2,2,91,69.12972206,Advanced
50,61,8,7,75,75.48168214,Professional
70,53,6,8,72,84.92097251,Professional
76,100,6,0,58,133.7774936,Intermediate
62,71,10,4,77,77.87569438,Professional
35,82,5,13,57,106.3176513,Advanced
38,68,14,1,89,74.38915569,Advanced
61,64,2,8,74,98.93538499,Professional
83,66,6,4,73,109.8342662,Professional
65,81,8,5,73,83.97800478,Professional
32,68,9,0,86,75.85205407,Advanced
55,79,9,6,90,58.5024195,Beginner
57,84,11,2,80,80.37899946,Professional
30,73,5,7,75,79.81272754,Advanced
71,100,10,7,75,110.5020448,Intermediate
61,57,16,6,82,144.0516868,Beginner
32,69,3,9,73,55.62523382,Advanced
56,84,12,5,70,45.64350803,Professional
59,100,6,4,71,73.85184755,Professional
70,73,0,6,75,109.701632,Professional
75,100,7,4,65,126.7531209,Intermediate
44,71,13,5,74,73.12693724,Advanced
53,78,20,1,73,94.26079976,Advanced
19,58,4,5,100,73.28405247,Advanced
58,95,10,9,89,74.67522001,Intermediate
68,80,1,0,76,53.26547504,Beginner
32,59,7,2,100,57.73051748,Advanced
74,98,11,5,71,114.7703783,Intermediate
78,91,15,3,79,71.01444442,Intermediate
77,68,5,5,78,98.49525306,Beginner
34,74,8,6,73,87.45308252,Advanced
63,70,5,2,82,66.31720822,Beginner
58,81,16,1,78,50.1400002,Professional
58,94,6,6,89,58.47148552,Intermediate
76,76,5,5,72,97.22553766,Professional
52,83,9,1,80,78.36351669,Beginner
57,86,18,1,81,65.07245184,Professional
65,93,8,5,84,45.17284076,Intermediate
64,77,7,3,78,93.69190916,Beginner
27,70,3,7,79,61.80530235,Advanced
55,69,15,7,88,107.4659077,Beginner
66,100,5,5,70,128.40553,Intermediate
75,75,6,5,70,84.9528941,Professional
52,70,12,6,74,54.08770812,Professional
64,96,8,6,80,80.57810774,Intermediate
53,100,6,10,87,98.31355096,Intermediate
75,57,5,3,76,105.3772352,Beginner
52,87,9,6,71,51.02653618,Professional
65,74,7,9,93,55.38114492,Beginner
61,78,10,4,74,73.48258326,Professional
74,81,5,11,93,52.53114734,Beginner
16,66,2,2,87,90.88005849,Advanced
44,74,12,8,71,61.76571321,Advanced
47,75,15,5,87,95.61714868,Beginner
72,72,2,7,71,101.9383152,Professional
71,85,9,5,68,66.71472316,Professional
75,72,4,6,81,83.68580028,Beginner
20,72,0,6,76,107.6422047,Advanced
16,67,3,2,97,76.75387367,Advanced
58,61,15,7,87,116.509264,Beginner
43,83,12,9,61,111.1822396,Advanced
25,76,0,11,68,89.25936719,Advanced
84,72,2,3,79,48.77564616,Beginner
46,91,10,17,100,55.86925029,Intermediate
95,96,18,1,64,46.45605313,Intermediate
55,99,8,10,96,58.82239692,Intermediate
35,70,11,2,82,65.1401313,Advanced
21,78,0,9,71,95.88350826,Advanced
55,99,5,9,82,121.8616131,Intermediate
74,68,6,4,78,97.19930317,Beginner
55,87,10,4,75,71.13892516,Professional
50,91,5,8,93,45.30020979,Intermediate
42,78,13,6,69,99.9943914,Advanced
65,75,13,3,75,68.5025115,Professional
85,54,4,7,72,108.7999206,Professional
38,71,9,6,74,71.41597956,Advanced
47,67,15,2,79,65.45789685,Advanced
85,99,10,1,62,52.29061253,Intermediate
69,58,5,1,71,106.4077266,Beginner
79,72,3,5,72,112.415541,Professional
52,78,12,9,96,59.7379931,Beginner
81,73,3,9,86,67.2881461,Beginner
22,65,2,8,78,65.67906107,Advanced
21,62,1,1,93,57.50483764,Advanced
16,69,1,3,88,69.6247964,Advanced
74,75,7,5,73,90.37712673,Professional
58,75,9,1,79,87.47851938,Beginner
73,65,6,7,87,77.31703211,Beginner
64,59,13,3,77,136.9098706,Beginner
47,79,15,6,72,57.99914052,Professional
57,77,9,7,72,66.41122696,Professional
40,70,13,2,82,59.25101045,Advanced
34,68,12,0,90,62.88638625,Advanced
61,100,13,13,92,78.36995699,Intermediate
58,86,6,5,87,46.78088951,Beginner
42,65,10,4,78,75.91943347,Advanced
69,82,12,2,75,73.23441279,Professional
52,85,1,3,86,48.99265803,Intermediate
49,80,16,6,63,115.6976983,Advanced
68,69,6,9,63,55.63984379,Professional
57,96,10,10,97,47.31360032,Intermediate
66,96,7,6,78,98.27696143,Intermediate
33,79,8,7,70,94.7914571,Advanced
67,84,8,12,95,56.55301883,Beginner
29,71,5,6,78,66.51659391,Advanced
54,69,13,4,84,105.4811215,Beginner
44,72,14,2,76,95.85667305,Advanced
66,97,7,4,76,85.48111444,Intermediate
58,58,2,11,69,85.62513329,Professional
29,72,7,4,72,142.1471099,Advanced
71,77,4,5,82,70.22030053,Beginner
65,100,1,1,70,91.52306423,Intermediate
17,54,0,1,99,58.11911433,Advanced
80,100,13,6,69,126.6482699,Intermediate
64,76,10,2,79,85.84515174,Professional
22,80,2,14,60,100.3172726,Advanced
61,70,4,6,76,96.51739902,Professional
28,87,2,21,55,82.26534467,Advanced
26,60,4,2,94,71.5468614,Advanced
61,69,15,6,82,133.7705563,Beginner
40,81,8,13,63,57.32369595,Advanced
68,86,6,3,74,90.61635132,Professional
22,65,1,2,84,100.2009555,Advanced
74,95,9,4,75,68.59801786,Intermediate
36,75,9,7,73,72.4820066,Advanced
74,78,5,4,76,113.1769332,Professional
64,73,6,3,82,70.85698157,Beginner
76,99,7,1,65,92.18007486,Intermediate
69,66,11,6,71,60.41870228,Intermediate
54,99,9,13,95,70.07689783,Intermediate
68,96,6,3,73,84.68927818,Intermediate
64,76,13,11,91,96.28044309,Beginner
38,93,1,12,100,70.55155793,Intermediate
91,51,4,6,71,111.1298721,Professional
66,75,11,9,87,95.84539276,Beginner
61,88,8,10,94,47.38776939,Beginner
26,73,2,7,73,99.72687441,Professional
62,73,7,2,80,80.11781784,Beginner
68,93,7,4,77,73.99681436,Professional
66,71,8,4,80,94.00508008,Beginner
73,100,11,9,75,138.678371,Intermediate
43,70,19,5,89,109.9828567,Beginner
66,99,13,11,87,78.76170316,Intermediate
33,81,12,3,78,83.98013671,Advanced
60,64,7,1,81,81.60709821,Beginner
54,83,15,2,80,66.6044815,Professional
61,72,9,3,81,91.95516417,Beginner
46,71,10,9,66,79.00661564,Advanced
24,70,1,7,78,71.57172656,Advanced
68,70,9,5,73,79.56135436,Professional
27,75,3,8,72,84.76912206,Advanced
32,70,6,6,79,56.16033565,Advanced
37,62,10,0,86,73.59768913,Advanced
70,91,2,7,87,48.83305276,Beginner
54,90,3,3,84,49.38675379,Intermediate
65,92,10,7,85,63.81986173,Intermediate
65,86,10,1,79,83.22698483,Professional
59,82,6,4,86,50.67995063,Beginner
83,97,10,0,62,89.47962891,Intermediate
65,82,6,4,73,88.6710736,Professional
69,99,9,7,77,110.8682184,Intermediate
61,69,12,7,86,105.0109838,Beginner
35,75,8,7,70,96.68250496,Advanced
60,63,9,2,81,95.09389607,Beginner
24,71,4,4,83,72.78100621,Advanced
29,76,6,9,66,100.2404217,Advanced
77,70,2,6,84,60.95464468,Beginner
33,78,6,10,67,87.41101853,Advanced
30,76,6,7,74,82.8932301,Advanced
74,63,1,10,67,96.61442666,Professional
58,70,16,5,73,50.33142479,Professional
56,89,8,8,94,50.10221235,Beginner
81,72,8,3,75,102.6048348,Professional
79,60,3,1,72,105.2849802,Beginner
79,95,10,1,69,64.6844168,Intermediate
30,77,1,14,62,84.77930239,Advanced
22,62,4,0,95,48.54685981,Advanced
42,76,11,7,68,94.38532758,Advanced
35,73,6,9,70,80.91783102,Advanced
56,80,3,1,83,50.01050488,Beginner
65,71,8,5,83,90.3102218,Beginner
66,88,5,10,90,56.47373109,Beginner
84,77,0,9,86,51.11081333,Beginner
55,67,7,7,75,76.17604648,Professional
75,55,8,3,76,128.5330103,Beginner
49,95,0,6,82,104.9342699,Intermediate
72,81,0,6,87,60.34581578,Beginner
69,66,4,7,73,95.65905408,Professional
74,61,5,2,63,132.1770714,Beginner
75,95,2,3,58,98.04321369,Intermediate
66,74,4,7,70,85.47378781,Professional
67,62,0,10,69,97.20913278,Professional
55,71,13,3,80,112.7748654,Beginner
68,78,11,4,72,67.29731051,Professional
57,61,9,6,77,76.20011791,Professional
55,65,8,1,75,92.54318672,Beginner
79,69,4,7,83,81.13962289,Beginner
69,82,14,3,73,62.4147568,Professional
22,60,0,2,90,68.14318053,Advanced
38,74,14,2,81,69.76070837,Advanced
28,78,4,9,70,90.44016451,Advanced
70,84,12,1,77,81.03832731,Professional
72,75,2,4,82,58.43551031,Beginner
80,65,4,7,70,104.346053,Professional
64,95,13,10,91,45.40185594,Intermediate
64,100,5,4,77,74.23600345,Intermediate
78,96,9,2,64,129.2197268,Intermediate
62,77,14,2,76,55.0666288,Professional
71,69,0,9,68,102.8945137,Professional
47,85,14,11,57,99.67520201,Advanced
79,75,1,8,88,48.12097515,Beginner
24,67,0,6,80,72.00092276,Advanced
37,68,15,1,91,56.36457489,Advanced
81,73,0,6,83,50.38028834,Beginner
60,64,14,0,86,82.44584385,Professional
62,97,5,4,78,82.68241662,Intermediate
78,95,12,5,73,84.76110506,Intermediate
45,81,12,11,61,75.27646751,Advanced
50,99,7,13,95,93.58461008,Intermediate
30,75,4,8,70,92.02209055,Advanced
80,83,3,8,89,81.60674774,Beginner
13,56,1,1,100,63.3211525,Advanced
60,94,5,7,82,101.4729447,Intermediate
24,71,1,7,77,73.54218707,Advanced
55,62,8,9,72,64.61475136,Professional
78,93,11,2,72,57.93860376,Intermediate
69,64,10,4,76,84.07127887,Professional
70,97,7,0,71,64.95054933,Intermediate
64,71,13,11,93,100.6620941,Beginner
60,69,5,6,77,99.40751032,Professional
68,81,6,10,92,52.94641913,Beginner
45,77,14,7,70,71.04536509,Advanced
59,70,9,5,86,83.68168514,Beginner
82,100,8,0,57,132.432436,Intermediate
71,68,5,3,80,82.77605828,Beginner
85,84,14,2,81,96.05869277,Professional
65,64,11,3,79,80.11275844,Professional
48,91,17,2,75,59.62619601,Professional
87,100,12,3,57,137.4824715,Intermediate
23,66,3,2,86,74.82007836,Advanced
66,60,7,7,72,80.23889215,Professional
49,73,17,3,79,51.90548084,Professional
59,76,10,7,68,50.02691657,Professional
73,100,5,5,70,125.5280829,Intermediate
44,79,14,7,66,98.77609992,Advanced
27,80,10,1,81,101.6675711,Advanced
69,99,6,1,72,66.96261645,Intermediate
55,62,15,1,75,142.8735952,Beginner
52,95,9,11,94,57.2943618,Intermediate
57,75,0,9,72,98.19105926,Professional
22,57,0,1,92,64.66053496,Advanced
40,69,9,7,76,52.06863646,Advanced
67,74,8,7,85,88.9855629,Beginner
44,91,20,0,81,51.49136886,Professional
67,56,13,4,77,72.66797605,Professional
81,70,5,8,86,79.51650662,Beginner
31,68,10,0,91,54.49647174,Advanced
63,100,8,10,79,145.5025559,Intermediate
24,69,3,4,81,90.45710818,Advanced
76,77,10,0,80,97.98986075,Professional
70,60,1,3,69,89.58191947,Beginner
64,93,8,7,87,54.46471203,Intermediate
57,93,4,5,85,59.36378152,Intermediate
45,94,7,12,100,49.75424474,Intermediate
55,95,3,6,85,65.50013535,Intermediate
37,75,9,9,72,55.79135712,Advanced
29,69,2,7,74,89.82177114,Advanced
74,50,5,0,70,119.88207,Beginner
48,97,7,12,94,93.88100745,Intermediate
62,95,9,6,84,55.41256132,Intermediate
70,94,9,6,74,112.3757591,Intermediate
73,69,3,7,72,102.81932,Professional
69,71,3,1,76,76.53838767,Beginner
46,87,16,3,77,45.27998634,Professional
31,80,3,14,62,74.93936277,Advanced
65,87,10,15,100,53.03130491,Beginner
60,78,8,6,88,66.84583287,Beginner
58,97,4,6,82,88.5031732,Intermediate
81,66,3,4,76,96.5711141,Beginner
47,81,15,8,65,81.17934745,Advanced
25,65,4,0,86,97.77023536,Advanced
57,98,18,20,100,55.27882421,Intermediate
62,71,6,6,73,88.40650852,Professional
51,84,18,7,62,100.326161,Advanced
91,100,6,6,55,100.2441475,Intermediate
54,83,20,10,58,75.43551893,Advanced
45,85,12,3,88,63.74000028,Beginner
66,97,6,7,76,119.6975935,Intermediate
67,71,2,0,77,65.72788865,Beginner
86,74,1,8,82,74.93088281,Beginner
78,88,11,0,74,60.27618147,Intermediate
50,79,18,6,70,73.32750613,Advanced
48,92,5,8,97,62.72384001,Intermediate
62,77,3,1,81,50.47978092,Beginner
74,69,6,6,71,91.14381329,Professional
45,89,17,7,61,114.2987171,Advanced
41,77,13,6,71,75.44387222,Advanced
52,93,8,12,94,88.4415165,Beginner
29,66,10,1,96,45.38443393,Advanced
60,65,8,0,78,86.67417519,Beginner
71,90,7,5,75,103.0487082,Intermediate
13,67,8,10,75,83.64213014,Advanced
78,72,9,4,73,87.5227654,Professional
67,100,9,8,78,115.0791404,Intermediate
71,73,9,13,96,76.37084101,Beginner
34,80,2,15,55,104.4876527,Advanced
53,84,6,6,72,76.2991782,Professional
72,70,4,5,82,79.11859808,Beginner
56,99,4,9,85,104.4369289,Intermediate
60,83,6,5,87,49.74491955,Beginner
79,95,9,0,71,53.9643166,Intermediate
56,63,13,3,83,107.8801242,Beginner
51,78,12,4,85,83.96276759,Beginner
25,75,7,1,81,122.948847,Advanced
56,96,4,8,84,96.63456351,Intermediate
78,68,10,5,69,76.13126022,Professional
63,89,15,1,84,79.30851364,Professional
69,77,10,2,77,80.11554336,Professional
51,63,15,1,79,121.8492241,Beginner
56,93,3,5,82,84.60839495,Intermediate
58,100,9,13,90,98.99901662,Intermediate
81,97,11,0,68,48.5978088,Intermediate
23,71,3,4,81,81.58690401,Advanced
58,86,20,9,59,78.41584372,Advanced
33,73,11,1,82,92.59982301,Advanced
62,95,14,14,96,68.53290057,Intermediate
105,100,14,4,55,119.1880879,Intermediate
75,64,9,3,77,95.33741226,Intermediate
52,94,2,5,84,74.40460866,Intermediate
36,68,7,6,78,53.82365128,Advanced
72,94,9,5,74,99.09777053,Intermediate
65,100,5,8,74,143.8382275,Intermediate
58,78,13,7,86,104.0586877,Beginner
68,98,6,5,76,89.59353871,Intermediate
56,78,11,8,91,74.36518159,Beginner
62,74,13,5,80,120.4137333,Beginner
62,63,3,8,73,95.63638273,Professional
74,88,0,9,92,70.38857203,Beginner
70,62,4,9,68,88.82235108,Professional
73,90,7,0,72,56.25694504,Intermediate
65,100,4,3,73,92.32994432,Intermediate
60,52,4,9,76,99.62205191,Professional
70,96,10,2,71,66.94938173,Professional
60,89,11,2,77,74.70298921,Professional
50,87,10,5,89,61.39534426,Beginner
71,59,7,1,72,123.8500874,Beginner
96,75,0,14,90,57.93469682,Beginner
64,62,11,8,89,94.90589474,Beginner
63,93,4,2,76,74.78978729,Intermediate
67,93,1,1,69,62.44523094,Intermediate
56,86,5,7,93,61.49596395,Intermediate
64,80,9,4,75,80.66457745,Professional
32,73,9,4,79,83.40819391,Advanced
48,90,8,14,100,50.03611505,Intermediate
62,96,5,6,80,97.07664864,Intermediate
16,71,2,7,78,90.5033163,Advanced
23,70,0,6,76,98.95178846,Advanced
14,71,2,6,81,79.60816075,Advanced
37,79,13,3,77,81.36563452,Advanced
51,74,10,3,85,76.36260489,Beginner
67,69,8,3,79,100.4971471,Beginner
33,79,7,7,70,93.30515864,Advanced
70,50,3,10,71,98.45261177,Professional
68,84,13,4,68,45.75830544,Professional
63,77,12,7,84,105.180036,Beginner
74,100,8,4,69,100.9621118,Intermediate
43,100,9,19,100,91.64389474,Intermediate
71,62,5,0,72,104.5487569,Beginner
39,76,10,7,67,105.7733891,Advanced
48,77,11,5,77,59.20421089,Professional
53,71,15,8,90,98.23880865,Beginner
74,100,12,8,73,128.0645841,Intermediate
12,67,4,7,84,58.59131391,Advanced
66,66,9,6,84,93.15079471,Beginner
65,96,3,0,70,84.07198031,Intermediate
84,67,4,2,69,123.1070688,Beginner
46,100,17,0,80,46.12827461,Professional
60,63,7,11,66,59.9454091,Professional
70,74,4,5,84,62.07622019,Beginner
41,87,9,18,100,54.17879171,Intermediate
58,69,13,7,88,97.73637102,Beginner
34,68,6,5,75,98.97153712,Advanced
63,96,4,3,75,87.99168917,Intermediate
65,79,10,2,78,87.53532152,Professional
68,100,14,14,87,113.7973678,Intermediate
80,67,3,5,78,92.37447289,Beginner
53,78,20,5,69,77.53824342,Advanced
82,70,3,8,84,74.78624669,Beginner
55,93,15,1,77,49.77225086,Professional
69,97,8,7,76,109.7506091,Intermediate
87,100,13,0,59,76.55327695,Intermediate
52,85,17,11,57,92.76526602,Advanced
37,78,6,10,59,127.8637174,Advanced
37,66,6,7,76,59.16433954,Advanced
60,88,4,2,81,53.59181371,Intermediate
63,94,9,6,85,53.50199852,Intermediate
55,90,5,5,90,63.12756478,Beginner
77,78,1,3,79,45.89282199,Beginner
86,100,14,4,66,94.0079065,Intermediate
55,63,13,2,80,115.856142,Beginner
47,85,18,7,68,71.23472448,Advanced
48,78,12,10,59,100.587385,Advanced
48,94,7,13,100,66.73403728,Intermediate
62,67,10,4,82,102.5481052,Beginner
78,99,11,5,70,114.2211448,Intermediate
70,86,1,5,83,47.91734907,Beginner
54,74,4,8,73,84.21732991,Professional
49,84,10,2,84,66.51329655,Beginner
30,71,8,1,83,88.40773056,Advanced
38,72,13,2,81,69.75768783,Advanced
68,67,4,6,74,97.18043216,Professional
42,74,10,7,68,94.65726513,Advanced
45,73,14,1,81,101.6033792,Beginner
56,79,2,12,62,64.72857412,Professional
14,62,4,4,87,75.3176669,Advanced
68,69,4,8,70,85.03026325,Professional
63,78,15,1,78,56.08159584,Professional
48,91,4,8,91,72.47713919,Intermediate
51,89,1,4,86,57.20117514,Intermediate
69,78,1,5,86,56.21917499,Beginner
78,99,12,4,70,90.04698731,Intermediate
19,63,2,1,92,100.9375823,Advanced
61,82,14,13,97,84.62737961,Beginner
60,72,14,8,87,112.7738348,Beginner
75,93,17,8,82,45.83710382,Intermediate
63,76,8,7,69,63.98843568,Professional
68,71,4,5,76,95.86121177,Professional
55,77,20,7,69,49.56860368,Advanced
63,85,6,7,88,50.14947357,Beginner
77,61,4,1,71,114.7553447,Beginner
69,96,1,0,62,128.9741376,Intermediate
52,80,14,9,95,75.20956526,Beginner
28,70,1,8,72,100.2851039,Advanced
69,74,4,9,65,74.59751201,Professional
29,61,5,1,89,62.26256568,Advanced
43,76,12,7,67,101.150678,Advanced
70,100,15,11,85,81.57080652,Intermediate
74,61,1,11,66,95.46268929,Professional
69,60,5,7,73,93.3683828,Professional
63,100,5,7,75,138.1285293,Intermediate
63,89,11,2,75,70.22524255,Professional
82,100,13,3,69,64.63340735,Intermediate
53,76,9,2,85,64.89462693,Beginner
43,78,11,12,58,81.06007732,Advanced
36,73,9,6,76,73.05042097,Advanced
30,73,9,4,85,48.86772218,Advanced
83,78,1,10,88,55.3521601,Beginner
67,50,4,11,73,96.85394625,Professional
60,79,9,3,81,87.06573168,Beginner
52,64,5,12,64,47.95232165,Professional
68,77,3,7,68,81.14834741,Professional
67,67,9,5,82,97.96188876,Beginner
64,56,2,12,67,82.3907469,Professional
65,75,6,3,79,105.6560145,Professional
51,92,1,6,87,70.43710689,Intermediate
62,78,8,6,71,69.47512725,Professional
68,99,7,4,73,99.94782122,Intermediate
48,63,12,4,76,66.43900197,Advanced
62,96,5,4,76,97.00793372,Intermediate
66,85,9,4,73,75.55282421,Professional
60,83,14,3,73,53.39254357,Professional
66,72,10,6,84,96.92707425,Beginner
59,79,20,0,80,53.5791336,Professional
50,69,12,1,82,97.90195226,Beginner
93,72,6,2,75,121.9318505,Professional
54,100,5,9,87,94.12221048,Intermediate
82,99,12,5,72,94.29613069,Intermediate
48,78,14,9,65,70.33906451,Advanced
33,83,13,3,78,81.20669989,Advanced
41,90,1,10,96,77.99572765,Intermediate
56,73,4,1,78,57.44414588,Beginner
29,69,8,0,87,78.65786064,Advanced
24,54,4,2,100,45.33534043,Advanced
52,98,8,11,95,60.90869697,Intermediate
50,82,11,5,74,53.74369167,Professional
87,66,1,3,71,107.3688896,Beginner
52,78,10,4,88,64.60067337,Beginner
69,63,10,5,75,78.67152491,Professional
43,87,9,17,100,50.21461824,Intermediate
27,73,0,10,68,91.2665406,Advanced
27,66,4,4,83,67.00711057,Advanced
61,74,2,9,68,82.3311319,Professional
73,79,1,8,89,49.62776808,Beginner
57,93,1,2,79,67.11563274,Intermediate
68,67,11,3,77,77.48396401,Professional
30,76,4,10,69,77.80477075,Advanced
62,80,10,7,87,80.26086181,Beginner
50,96,5,9,91,73.39116986,Intermediate
61,82,11,1,81,89.50388434,Professional
80,98,6,1,58,103.4132641,Intermediate
71,93,7,3,77,55.1298765,Intermediate
30,69,3,7,75,80.14214132,Advanced
58,93,9,10,93,52.12654975,Intermediate
62,80,11,4,74,67.42664912,Professional
49,77,10,1,82,73.31178212,Beginner
71,89,1,3,66,58.17365109,Intermediate
70,99,8,7,74,122.9601292,Intermediate
65,97,1,2,68,134.888086,Intermediate
56,75,7,7,91,51.23817689,Beginner
66,68,8,6,74,86.08757168,Professional
56,59,3,11,70,80.75992321,Professional
55,87,12,20,55,80.00597954,Advanced
30,62,7,0,91,74.889673,Advanced
75,52,5,8,73,100.9894773,Professional
61,90,16,0,76,49.08307944,Professional
38,78,10,6,69,104.7295298,Advanced
61,79,5,7,69,74.75689747,Professional
57,73,11,4,85,86.72581354,Beginner
66,84,10,4,73,76.26896602,Professional
49,93,11,18,100,65.71800576,Intermediate
33,70,10,2,85,54.71597642,Advanced
77,100,10,4,67,118.6245102,Intermediate
45,75,8,13,56,102.5661545,Advanced
77,71,3,6,71,104.6779486,Professional
47,72,15,4,74,79.82239276,Advanced
86,100,12,2,65,83.78967977,Intermediate
61,70,10,2,78,107.5812219,Beginner
90,72,1,5,71,123.4516659,Professional
66,100,11,11,82,125.1476478,Intermediate
72,100,9,5,73,82.22652687,Intermediate
42,80,10,9,61,117.453662,Advanced
24,67,2,4,84,63.71033234,Advanced
53,65,11,1,81,91.97859809,Beginner
67,79,5,9,93,46.65448249,Beginner
29,71,10,0,89,67.2907185,Advanced
56,92,1,4,80,86.47212648,Intermediate
59,68,4,5,71,69.02522632,Beginner
53,82,14,2,78,50.92605445,Professional
61,78,10,8,90,76.83860137,Beginner
59,100,8,11,83,126.5434379,Intermediate
11,54,4,0,99,45.96634627,Advanced
73,77,5,5,73,96.4627037,Professional
58,88,4,5,87,45.52712327,Intermediate
79,50,4,13,67,126.9204771,Professional
47,68,16,1,80,83.43012375,Advanced
74,96,8,1,70,73.31496792,Intermediate
73,73,4,6,72,95.38643372,Professional
67,77,7,4,75,88.41176998,Professional
66,72,5,3,81,75.94835483,Beginner
75,97,10,4,75,58.42354424,Intermediate
77,97,2,4,57,85.24850562,Intermediate
16,69,2,6,81,77.74434739,Advanced
76,88,5,12,91,57.0054773,Beginner
61,95,4,3,76,82.5398057,Intermediate
68,100,17,15,90,105.1645189,Intermediate
21,61,3,7,79,84.44334882,Advanced
42,94,8,14,99,83.81790375,Intermediate
65,68,14,4,76,141.3176315,Beginner
52,63,12,8,72,49.08739997,Professional
10,57,3,1,100,63.653127,Advanced
67,70,11,6,82,112.3816656,Beginner
40,87,9,14,55,90.58138617,Advanced
19,67,1,2,86,87.68027532,Advanced
65,71,3,8,70,87.36415097,Professional
67,64,7,9,69,75.27516839,Professional
58,77,9,6,72,68.6307519,Professional
75,65,7,8,85,95.89551207,Beginner
65,100,11,10,82,107.1180679,Intermediate
65,66,9,4,77,81.4460499,Professional
37,74,8,8,72,59.5089045,Advanced
78,63,9,7,80,121.3071949,Beginner
69,75,4,6,86,53.22875617,Beginner
57,67,8,7,74,76.33148552,Professional
84,65,0,7,70,120.1902675,Professional
40,78,11,7,69,86.28597976,Advanced
46,85,7,18,55,82.87261459,Advanced
68,79,8,12,95,59.79828195,Beginner
61,70,12,5,82,113.382798,Beginner
73,66,6,9,66,80.49149108,Professional
75,78,2,8,88,48.44988069,Beginner
37,73,5,12,69,49.32245302,Advanced
77,79,3,10,91,47.41555342,Beginner
39,78,14,4,77,64.47246877,Advanced
76,63,0,8,70,104.6585623,Professional
69,65,4,2,80,69.57565064,Beginner
66,59,3,12,67,107.2681168,Professional
81,69,2,10,90,58.52785628,Beginner
60,90,6,5,72,74.46946511,Professional
15,59,1,0,94,83.11272735,Advanced
42,77,12,7,68,92.68959431,Advanced
64,95,8,5,69,71.36103448,Professional
55,81,18,10,61,71.61372731,Advanced
58,81,13,4,75,59.13623064,Professional
63,77,10,4,75,75.03266664,Professional
54,90,3,8,88,70.95052713,Intermediate
75,100,11,6,70,132.0679737,Intermediate
46,95,9,5,73,54.608576,Professional
84,99,13,2,66,87.09315761,Intermediate
67,74,3,0,76,74.70938846,Beginner
57,100,2,3,76,84.96111446,Intermediate
69,76,13,3,73,65.78200971,Intermediate
64,58,10,4,80,90.18046247,Professional
54,100,7,11,92,67.61695055,Intermediate
70,57,4,9,71,95.40817396,Professional
69,74,1,11,64,94.61262081,Professional
52,72,13,3,82,100.402627,Beginner
76,73,4,5,81,82.14639833,Beginner
32,72,8,5,78,78.72844458,Advanced
68,100,7,7,72,142.0311209,Intermediate
74,98,8,2,69,89.47226624,Intermediate
69,80,5,8,90,49.64946177,Beginner
58,92,4,6,83,76.84831689,Intermediate
77,71,6,9,86,85.70845264,Beginner
14,56,5,2,91,79.07783055,Advanced
73,80,2,5,73,110.296252,Professional
55,98,8,9,89,82.3130296,Intermediate
46,78,12,10,64,75.08870879,Advanced
26,53,4,3,100,61.81032749,Advanced
63,79,10,4,75,80.3024822,Professional
37,69,6,4,77,94.27820874,Advanced
74,78,0,3,81,48.11385032,Beginner
63,92,5,3,81,52.0443381,Intermediate
36,79,10,7,70,90.21803438,Advanced
69,73,7,5,72,77.53060667,Professional
68,96,6,3,75,68.91611123,Intermediate
80,71,6,3,76,108.1490575,Professional
57,81,10,4,84,79.4559215,Beginner
67,68,1,11,64,82.81331524,Professional
38,78,6,13,60,82.69600827,Advanced
74,85,12,1,82,97.45669358,Professional
38,78,10,7,68,96.96490239,Advanced
88,94,9,3,55,90.94610971,Intermediate
31,73,7,5,77,74.01868686,Advanced
44,76,11,10,64,84.71037959,Advanced
78,98,9,1,70,56.3796218,Intermediate
64,100,7,9,77,140.9612289,Intermediate
65,70,9,3,77,83.50120537,Professional
61,99,5,5,79,86.4619073,Beginner
69,76,12,4,71,64.51205313,Professional
56,94,6,8,89,58.99693564,Intermediate
62,64,11,3,79,115.0609013,Beginner
78,65,16,15,90,146.8090738,Beginner
41,82,12,7,65,105.9738363,Advanced
37,65,6,6,76,81.33301927,Advanced
77,85,0,7,85,56.43199556,Beginner
66,94,1,1,69,55.14492703,Intermediate
73,81,10,1,77,90.29807525,Professional
53,68,10,0,78,95.48450497,Beginner
47,71,15,5,75,59.79297364,Advanced
84,57,1,5,76,129.3532757,Professional
70,100,10,4,73,87.08430944,Intermediate
64,69,6,2,80,83.44473374,Beginner
59,90,2,2,77,84.18382922,Intermediate
38,80,15,6,73,54.0134887,Professional
75,50,3,14,64,115.4118542,Professional
32,71,6,6,77,72.98295717,Advanced
62,68,6,8,70,81.970222,Professional
33,76,3,13,64,69.90509479,Advanced
60,83,20,2,72,75.3423635,Advanced
66,75,8,12,95,64.18740617,Beginner
45,97,0,8,89,95.81139934,Intermediate
65,95,13,10,91,50.46958623,Intermediate
56,95,2,1,75,71.14631201,Intermediate
53,74,8,8,70,61.61353543,Professional
73,75,11,2,76,84.48219195,Professional
54,67,13,0,73,127.6743706,Beginner
84,63,4,8,67,99.6579125,Professional
73,99,14,5,81,55.62820062,Intermediate
73,56,3,12,67,114.8457574,Professional
17,63,2,3,85,95.26089045,Advanced
63,56,3,11,67,76.75336754,Professional
68,89,13,0,77,76.07732002,Professional
63,100,8,8,79,115.8548572,Intermediate
30,73,3,9,69,94.18136683,Advanced
76,100,18,13,84,100.7998503,Intermediate
52,77,20,4,73,73.0190939,Advanced
70,58,15,7,80,155.0966988,Beginner
62,95,4,4,79,82.47987364,Intermediate
33,80,4,13,61,88.26462308,Advanced
57,93,10,3,74,68.91755225,Professional
71,93,5,0,70,71.17965253,Beginner
52,90,12,7,91,64.95821348,Beginner
42,63,17,4,93,73.76187829,Advanced
60,78,11,3,77,71.53240966,Professional
81,50,6,14,62,113.3678909,Professional
58,76,5,6,74,88.635948,Professional
44,72,14,5,76,56.96894173,Advanced
39,74,16,2,84,106.5316312,Advanced
57,76,5,9,69,70.47270232,Professional
52,79,6,10,66,57.76317693,Professional
74,75,9,11,89,92.33275328,Beginner
46,94,9,13,100,68.02695825,Intermediate
69,100,10,5,79,59.7346722,Intermediate
26,73,3,6,77,75.37988412,Advanced
70,100,6,4,71,102.9887105,Intermediate
71,53,0,9,73,115.324657,Professional
62,100,6,5,74,108.8926519,Intermediate
59,89,2,2,79,63.71061137,Intermediate
67,70,5,4,83,70.20254094,Beginner
79,68,0,2,77,70.73137885,Beginner
77,100,4,0,55,151.5867572,Intermediate
74,65,2,2,64,108.0621838,Beginner
20,66,0,3,85,80.98200239,Advanced
39,68,8,7,69,102.2770045,Professional
58,92,4,6,86,61.4203084,Intermediate
57,63,14,4,83,117.3094296,Beginner
75,52,8,0,68,144.314037,Beginner
67,94,13,11,91,47.46188417,Intermediate
53,77,18,6,67,78.80683333,Advanced
68,68,5,6,73,91.31307515,Professional
32,78,3,10,63,118.5183688,Advanced
92,52,1,6,71,115.5261027,Professional
71,83,9,0,80,94.86133847,Professional
53,98,6,10,90,90.82786631,Intermediate
40,85,13,8,63,119.4880917,Advanced
79,74,2,4,76,85.99373559,Beginner
37,65,4,8,70,92.66395008,Advanced
39,85,8,13,55,102.2073167,Advanced
53,100,20,6,86,52.8934476,Professional
80,70,5,9,86,84.56491073,Beginner
54,69,17,5,84,124.5750566,Beginner
26,66,8,2,94,83.73491174,Advanced
75,68,7,10,88,83.92857776,Beginner
72,75,5,10,92,56.03557774,Beginner
10,61,3,1,96,64.0221306,Advanced
69,80,8,10,89,74.11775618,Beginner
83,84,10,0,78,99.62712331,Professional
70,84,6,9,88,66.22924534,Beginner
69,73,2,5,86,46.68218,Beginner
45,75,11,10,68,53.51464108,Advanced
41,74,11,7,70,76.75684182,Advanced
42,74,15,2,77,83.27465374,Advanced
64,85,10,3,74,72.02455555,Professional
17,59,1,2,98,77.50680299,Advanced
72,56,8,2,75,119.3032001,Beginner
44,76,13,7,69,89.06696267,Advanced
55,71,13,6,75,64.94609241,Professional
73,97,12,8,78,101.8504764,Intermediate
70,75,1,1,77,60.44291121,Beginner
33,74,7,7,71,92.99315648,Advanced
70,68,8,6,84,94.4239976,Beginner
68,100,11,10,77,135.3228967,Intermediate
30,71,2,8,75,72.96320466,Advanced
60,94,7,12,99,58.41710583,Beginner
70,87,3,3,85,89.31632674,Beginner
64,66,10,5,82,107.4640227,Beginner
36,70,5,9,71,65.2254245,Advanced
62,62,14,3,77,139.9255759,Beginner
24,74,1,5,82,78.71883287,Advanced
20,67,4,10,73,75.59078914,Advanced
65,76,9,4,78,100.271332,Beginner
81,65,5,5,72,103.1699026,Professional
51,79,14,1,83,72.64627074,Professional
28,66,0,8,73,96.3958373,Advanced
74,74,7,3,76,98.40458981,Professional
27,74,5,7,77,60.48091178,Advanced
61,51,14,1,74,150.1545482,Beginner
44,67,10,6,72,81.13916851,Advanced
58,71,12,6,73,55.6470942,Professional
58,67,11,4,84,92.60892623,Beginner
50,97,20,0,78,58.93107295,Professional
58,71,13,5,76,63.44875851,Professional
69,89,0,2,65,86.7346777,Intermediate
78,95,12,2,70,75.28033833,Intermediate
38,86,11,9,63,96.88001708,Advanced
55,71,0,10,72,93.05970698,Professional
46,69,17,4,84,119.6193974,Beginner
63,71,7,4,76,93.76908019,Professional
52,77,11,4,85,84.40008027,Beginner
67,90,6,2,77,57.50076894,Intermediate
21,56,4,4,100,68.13876508,Intermediate
54,88,10,3,78,71.17598246,Professional
74,77,8,3,75,94.50258981,Professional
47,87,16,10,59,88.46551038,Advanced
76,81,3,6,68,95.41083429,Professional
24,70,7,0,91,61.79746749,Advanced
68,60,4,9,68,82.56684076,Professional
75,57,3,1,68,109.6311338,Beginner
57,76,12,5,84,100.5387819,Beginner
56,81,14,10,93,85.73102678,Beginner
70,86,5,0,73,46.11181854,Intermediate
59,86,11,8,88,78.2420959,Beginner
76,100,11,4,71,89.31129398,Intermediate
68,78,9,5,71,72.50558382,Professional
50,90,5,10,96,56.88404901,Intermediate
33,64,8,0,87,75.20945452,Advanced
77,61,4,5,76,110.6159173,Professional
60,71,11,5,74,61.89365103,Professional
58,60,11,5,79,78.95528469,Professional
57,86,19,11,55,111.2819812,Advanced
60,100,10,11,91,75.14635431,Intermediate
25,70,5,3,85,68.15366158,Advanced
39,94,6,17,100,86.68624498,Intermediate
60,72,9,5,87,73.51445921,Beginner
50,95,6,10,95,51.1048123,Intermediate
45,97,2,10,93,79.19571764,Intermediate
57,100,10,12,89,96.91257578,Intermediate
74,74,8,10,88,84.76350065,Beginner
65,100,7,6,75,108.5402275,Intermediate
68,100,8,7,73,140.5187316,Intermediate
47,82,15,10,64,67.59284093,Advanced
64,79,13,14,97,83.25625383,Beginner
67,94,2,1,70,59.16836706,Intermediate
84,100,12,3,65,104.598836,Intermediate
67,57,2,8,73,102.6571732,Professional
60,70,11,9,65,47.7236101,Professional
74,88,0,7,87,65.89735247,Beginner
95,100,14,0,55,114.4989339,Intermediate
64,92,12,1,75,66.07268356,Professional
46,80,18,3,74,63.76779747,Professional
30,72,2,10,70,72.32084076,Advanced
96,96,10,6,56,56.61568946,Intermediate
72,95,7,2,70,89.58024139,Intermediate
56,97,14,16,99,76.30075287,Intermediate
34,74,10,4,77,93.91151638,Advanced
73,100,6,3,62,152.704521,Intermediate
48,84,7,21,55,66.09194386,Advanced
68,71,4,8,70,85.59847857,Professional
63,77,11,10,92,80.92054466,Beginner
62,50,2,14,71,114.2160001,Professional
61,93,6,4,81,56.30363248,Intermediate
43,61,9,4,80,58.35851658,Advanced
64,61,9,1,75,115.6360689,Beginner
17,67,1,3,83,103.1850797,Advanced
73,97,8,2,71,74.92272997,Intermediate
38,83,5,14,55,130.9028954,Advanced
91,75,1,10,85,52.47287448,Beginner
21,65,3,1,92,55.35029361,Advanced
24,67,8,2,94,84.2123009,Advanced
42,100,1,9,87,134.8422156,Intermediate
65,59,8,0,75,110.0685736,Beginner
57,85,10,4,72,56.6592935,Professional
67,83,3,1,74,72.88442131,Beginner
55,100,7,11,85,120.4722472,Intermediate
71,71,7,4,77,103.2195632,Beginner
68,97,7,4,72,111.9389085,Intermediate
29,67,2,5,76,104.5607854,Advanced
48,80,12,12,55,100.2873654,Advanced
78,59,9,8,83,117.6233188,Beginner
59,78,9,6,89,64.33003478,Beginner
56,96,2,4,79,80.70489032,Intermediate
62,95,12,10,91,56.74032029,Professional
66,59,6,8,72,80.71579728,Professional
76,81,7,10,87,84.2466978,Beginner
68,75,6,6,84,78.52314928,Beginner
75,76,6,8,84,85.76868816,Beginner
32,68,9,2,87,47.81684614,Advanced
67,94,8,5,79,75.7867351,Intermediate
53,71,7,1,83,64.13769736,Beginner
52,68,10,6,76,67.54828102,Professional
70,64,8,4,77,115.3178553,Beginner
30,81,6,10,68,83.28242593,Advanced
39,91,7,14,100,85.8558548,Intermediate
63,80,13,1,78,65.99658636,Professional
62,79,2,0,79,46.81522899,Beginner
46,70,14,0,76,115.2383573,Beginner
61,89,8,6,88,48.89912946,Intermediate
71,91,9,2,81,77.17457035,Intermediate
69,95,6,2,72,84.66903643,Intermediate
71,78,8,3,76,92.88563441,Professional
69,75,15,0,81,78.28726482,Professional
63,70,8,7,89,70.86282104,Beginner
55,71,15,5,83,122.0769793,Beginner
51,76,19,3,73,79.55022448,Advanced
49,85,10,13,100,58.53838762,Intermediate
67,96,13,0,76,66.46773239,Professional
62,82,12,1,79,76.11695409,Professional
75,98,5,0,63,88.90669104,Intermediate
25,73,8,0,88,70.72784347,Advanced
53,98,7,12,92,96.62869581,Intermediate
59,95,10,10,90,62.31877959,Intermediate
66,69,7,2,79,86.84918239,Beginner
67,68,9,5,75,82.53553664,Professional
26,80,0,13,64,82.36708471,Advanced
49,77,16,6,68,84.77422149,Advanced
52,77,9,3,85,69.91610125,Beginner
22,65,6,1,95,60.45776694,Advanced
81,70,5,13,94,65.2905624,Beginner
63,68,8,7,73,78.47050552,Professional
66,75,0,3,85,61.69999102,Beginner
51,76,11,6,91,66.53044146,Beginner
74,92,12,0,77,81.47376981,Professional
70,98,7,4,74,95.3945786,Intermediate
71,76,3,4,81,68.87967896,Beginner
69,64,0,11,66,97.98854559,Professional
54,99,11,15,99,63.45352229,Intermediate
64,95,12,10,88,76.67627972,Intermediate
81,60,5,7,83,96.25169121,Beginner
87,73,1,8,65,113.4699457,Professional
64,95,8,8,82,100.3997974,Intermediate
45,76,12,8,66,84.30255609,Advanced
46,64,13,3,69,133.8055407,Beginner
49,93,9,15,100,57.79935407,Intermediate
87,67,2,8,67,102.2731301,Professional
70,63,1,8,72,106.3873359,Professional
66,84,12,3,74,74.08151799,Professional
53,61,11,7,74,54.64117308,Professional
65,66,10,4,80,109.769489,Beginner
74,72,10,11,88,103.3365233,Beginner
47,95,7,15,100,76.53272871,Intermediate
58,100,2,4,74,119.8786619,Intermediate
70,91,10,7,78,105.0375195,Intermediate
78,100,8,4,66,119.9902698,Intermediate
82,50,2,8,73,131.9349067,Professional
19,73,3,1,83,119.7170033,Advanced
37,77,7,10,64,95.85155044,Advanced
43,67,13,3,81,49.83763437,Advanced
66,57,4,8,73,92.70593621,Professional
67,76,6,6,86,71.98221931,Beginner
78,97,8,2,65,104.2789049,Intermediate
60,62,17,5,79,153.3270682,Beginner
69,91,7,2,76,57.61092513,Intermediate
64,94,4,2,74,82.48819967,Intermediate
66,75,3,2,81,55.12514472,Beginner
79,77,3,9,87,61.45890723,Beginner
86,95,3,8,55,69.45351072,Intermediate
33,70,6,5,75,91.13184199,Advanced
67,68,10,4,77,86.42375993,Professional
49,97,5,9,93,61.20945109,Intermediate
73,100,10,5,70,112.0287487,Intermediate
57,88,18,2,73,50.84944309,Professional
62,75,7,6,71,72.38322951,Professional
56,96,8,10,91,65.41253539,Intermediate
59,71,4,11,65,68.87679581,Professional
68,87,1,9,92,71.29369944,Beginner
51,78,8,3,86,59.3127521,Beginner
85,76,1,10,86,60.71078727,Beginner
61,64,13,5,83,118.2507433,Beginner
70,86,9,3,72,78.60872353,Professional
73,61,2,7,73,108.5031681,Professional
46,93,4,10,97,58.56389779,Beginner
70,98,16,12,88,85.05966169,Intermediate
57,73,14,5,73,46.63157565,Professional
58,94,9,8,92,55.44241392,Intermediate
66,66,12,7,83,119.6360873,Beginner
68,81,2,6,74,112.5075371,Professional
61,75,9,4,82,86.49972941,Beginner
46,71,9,7,76,63.76516988,Professional
73,54,3,4,63,120.124236,Beginner
21,66,0,5,82,82.16254225,Advanced
66,57,2,10,70,91.72302617,Professional
79,57,1,9,68,106.5205639,Professional
79,52,5,12,67,128.7389373,Professional
78,71,7,6,68,78.24894869,Advanced
42,94,2,10,98,64.33027801,Intermediate
22,61,1,1,89,69.81336925,Advanced
60,79,6,6,74,87.34028393,Beginner
28,65,6,1,87,81.92247623,Advanced
74,99,10,5,74,90.19037193,Professional
48,93,2,3,82,85.07256728,Intermediate
84,96,5,6,56,55.49036133,Intermediate
52,83,12,7,68,48.7167085,Professional
57,80,6,8,70,76.13458856,Professional
15,66,6,9,77,87.17931728,Advanced
58,90,20,8,57,109.1617294,Advanced
36,71,7,7,71,98.29675785,Intermediate
59,75,13,4,75,56.37618325,Professional
38,64,11,1,85,59.10898266,Advanced
61,100,5,9,78,142.4281424,Intermediate
49,77,12,1,81,88.7589325,Beginner
46,84,13,11,100,47.8172718,Beginner
66,75,10,5,81,102.478179,Beginner
79,59,1,9,69,102.6425002,Professional
23,79,4,5,74,114.7214708,Advanced
29,79,7,8,75,59.90874154,Advanced
41,80,12,7,66,97.73292981,Advanced
41,97,7,14,100,59.5497811,Intermediate
25,91,2,17,100,59.44233177,Intermediate
53,85,15,13,55,115.5918836,Advanced
53,69,17,6,74,50.76616042,Advanced
57,57,7,10,70,62.82422276,Professional
29,72,1,11,70,68.92487939,Advanced
61,71,10,5,84,92.38459501,Beginner
78,69,6,5,73,101.1704039,Professional
54,97,4,9,85,110.0142372,Intermediate
28,63,5,1,89,62.22458539,Advanced
30,81,3,14,62,75.888598,Advanced
74,78,0,6,85,49.59088258,Intermediate
73,64,9,9,88,97.31426065,Beginner
63,53,5,10,71,83.21537619,Professional
47,73,14,5,90,81.6732493,Beginner
69,58,6,7,73,90.10949934,Professional
54,72,15,5,84,116.9810315,Beginner
56,100,4,7,79,123.5097668,Intermediate
57,65,12,2,78,119.2381173,Beginner
54,79,14,4,75,55.38533783,Professional
69,100,6,3,69,106.9510122,Intermediate
73,99,9,4,71,89.42279072,Intermediate
62,96,10,11,89,89.11586044,Intermediate
44,77,13,7,69,86.55161136,Advanced
50,70,11,3,87,72.57191953,Beginner
54,91,11,13,100,82.69012034,Intermediate
56,96,3,5,82,78.57686797,Intermediate
55,91,8,8,96,75.63812286,Intermediate
71,92,10,4,80,55.0140858,Advanced
65,71,4,7,72,83.61387201,Professional
67,93,10,5,83,48.89009932,Intermediate
68,66,14,10,88,121.0565527,Intermediate
32,74,6,6,74,85.6871651,Advanced
46,82,20,0,78,96.84578122,Advanced
68,86,9,2,75,80.98182998,Professional
29,67,0,11,70,70.7146721,Advanced
64,60,13,6,83,121.6162952,Beginner
64,100,10,8,84,76.15962045,Intermediate
93,69,5,2,76,134.6176427,Professional
63,79,14,2,78,71.03020689,Professional
70,100,10,6,75,82.22522247,Intermediate
74,70,0,1,78,55.70548249,Beginner
73,62,6,3,77,103.3566064,Beginner
85,79,0,5,71,123.9838606,Professional
49,96,17,2,75,53.59953671,Professional
46,84,17,8,92,94.62761606,Beginner
50,82,14,4,73,46.64503539,Professional
62,75,3,2,84,45.99448889,Beginner
65,84,8,4,73,77.0809103,Professional
72,61,3,0,72,101.1600697,Beginner
56,66,16,4,81,133.228701,Beginner
59,100,7,11,83,129.7095564,Intermediate
35,72,4,12,70,52.6313525,Advanced
71,53,6,15,63,111.5380092,Professional
72,75,3,7,87,55.42143402,Beginner
36,67,10,0,85,80.23510629,Advanced
68,99,7,5,75,102.9078452,Intermediate
59,82,7,9,96,55.94887114,Beginner
72,80,7,11,90,74.27373035,Beginner
65,63,2,9,72,99.06216689,Professional
67,98,6,4,69,142.4717855,Intermediate
71,65,8,7,83,103.3680316,Beginner
36,73,11,2,77,97.62579406,Advanced
55,80,20,8,61,91.93967591,Advanced
70,73,4,4,80,76.43749564,Beginner
50,73,18,5,83,130.6701765,Beginner
62,69,11,6,84,104.2475163,Beginner
66,81,5,5,74,99.24468575,Professional
58,70,15,8,88,114.0830802,Beginner
47,73,13,5,77,56.37846421,Professional
57,95,2,5,81,87.29289604,Intermediate
67,73,7,5,82,87.61692607,Beginner
37,79,11,8,67,90.00443312,Advanced
57,72,12,6,86,93.52344485,Beginner
72,69,2,6,74,106.8715749,Professional
24,75,5,6,76,84.74485459,Advanced
80,71,3,4,75,114.5706936,Professional
59,95,4,6,82,78.81921492,Intermediate
76,100,9,5,63,156.5434132,Intermediate
49,85,5,7,97,72.68368237,Intermediate
42,65,9,5,75,86.97710167,Advanced
71,69,6,5,81,90.93084606,Beginner
75,100,11,8,75,117.0167378,Intermediate
52,76,15,10,96,83.88410811,Beginner
60,81,12,3,75,61.2191286,Professional
72,66,7,6,83,94.39388481,Beginner
72,79,13,0,78,82.45979583,Professional
18,73,3,0,91,82.21471651,Advanced
60,84,7,6,70,64.98591315,Professional
34,71,9,3,78,96.99170355,Advanced
44,74,11,8,66,86.75506527,Advanced
88,74,1,5,70,118.1858566,Professional
20,77,0,10,70,89.93921544,Advanced
32,74,10,2,81,82.56643418,Advanced
85,98,13,3,68,71.1942392,Intermediate
59,77,12,12,98,71.15137587,Beginner
73,56,2,9,69,91.58088315,Professional
30,64,4,4,82,70.77074296,Advanced
63,52,5,10,70,80.71175012,Professional
69,68,5,6,73,91.40850139,Professional
55,91,9,5,73,66.33331246,Professional
66,65,11,4,78,126.9676742,Beginner
55,57,6,10,71,71.49731958,Professional
72,62,8,5,81,105.0622871,Beginner
63,94,9,6,84,62.63562555,Intermediate
65,70,13,13,96,97.59804235,Beginner
76,62,7,4,77,114.3621529,Beginner
73,63,6,6,73,94.82963418,Professional
57,85,1,1,84,66.71900006,Professional
56,94,8,10,89,92.4586977,Intermediate
30,79,5,10,71,56.49256905,Advanced
53,79,9,8,72,66.61041231,Professional
83,65,7,11,87,101.1845025,Beginner
78,97,9,2,67,100.6631157,Intermediate
63,62,10,3,80,111.1191687,Beginner
71,66,9,5,79,114.0724804,Beginner
10,64,12,9,80,90.44115734,Advanced
62,67,12,6,72,62.70871178,Professional
58,52,12,2,68,149.5840386,Beginner
31,59,4,2,85,84.00458116,Advanced
56,70,8,6,75,71.98648685,Professional
24,71,5,2,86,72.26576476,Advanced
67,99,14,9,85,55.00458751,Intermediate
51,95,5,10,94,60.780913,Intermediate
43,78,11,9,63,103.9618809,Advanced
63,89,9,7,86,58.24171777,Intermediate
57,62,15,4,82,126.5042093,Beginner
32,68,9,5,76,81.49515938,Advanced
50,72,15,6,70,75.58565957,Advanced
63,72,7,2,79,84.12700672,Beginner
60,71,8,5,75,81.48531821,Professional
61,93,5,7,84,86.88464806,Intermediate
69,100,7,6,73,121.2499822,Intermediate
46,78,15,8,69,51.60726212,Advanced
61,94,2,0,65,118.549007,Intermediate
76,61,4,8,68,89.94204382,Professional
65,92,8,7,84,60.00872673,Intermediate
40,78,14,3,74,107.0846719,Advanced
32,80,7,8,67,110.9838528,Advanced
50,69,11,0,79,91.96486381,Beginner
68,58,4,8,72,93.78481292,Professional
72,66,9,11,91,91.31928424,Beginner
66,72,11,10,91,87.95782395,Beginner
65,69,8,7,88,76.92208638,Beginner
82,64,3,6,72,114.2571383,Professional
91,100,12,2,55,158.7951084,Intermediate
56,91,17,2,74,49.27125837,Professional
50,75,19,3,75,77.47015603,Advanced
76,65,10,4,73,81.61634726,Professional
69,96,11,7,79,81.52095269,Intermediate
57,74,4,8,71,78.73981234,Professional
16,62,4,5,83,88.37009491,Advanced
59,64,1,11,67,77.33150404,Professional
79,94,3,11,55,88.32011478,Intermediate
76,73,7,4,74,99.46167769,Professional
74,98,11,5,70,112.7908505,Intermediate
72,77,2,4,82,55.50667658,Beginner
37,63,5,5,76,86.33374366,Advanced
73,80,5,4,73,94.81282359,Professional
18,73,0,6,81,78.94654261,Advanced
44,78,14,6,68,91.02414338,Advanced
50,67,15,7,73,51.67090573,Professional
61,91,9,9,90,59.44879325,Intermediate
68,70,8,8,89,79.22783798,Beginner
74,96,9,5,76,65.24507968,Intermediate
45,72,14,7,76,61.32934472,Advanced
37,75,16,1,85,95.25964088,Beginner
51,99,5,11,94,71.36831899,Intermediate
61,65,9,8,70,64.78278092,Professional
49,73,12,1,82,89.03461331,Beginner
31,71,6,4,76,105.5182258,Advanced
37,92,6,17,100,51.34942025,Intermediate
35,80,11,6,72,91.70661959,Advanced
86,72,0,5,72,130.3208997,Professional
68,90,4,0,69,92.04343871,Intermediate
67,83,7,8,87,65.99446813,Beginner
38,77,8,9,66,96.69725019,Advanced
55,81,15,2,79,58.93097847,Professional
39,71,16,1,79,110.3790807,Beginner
78,68,5,6,80,92.49030951,Beginner
76,100,16,12,77,138.9518576,Intermediate
65,85,1,9,95,86.32834704,Beginner
71,70,3,4,75,106.634444,Professional
66,55,5,11,65,66.30997022,Professional
37,87,10,11,62,88.8488135,Advanced
56,68,7,0,79,80.13831169,Beginner
76,99,13,5,74,79.88457134,Intermediate
52,79,15,10,59,86.34895873,Advanced
72,52,1,12,67,106.4414898,Professional
64,71,10,4,76,77.92574261,Professional
94,55,4,8,78,124.7707811,Beginner
86,69,0,10,89,51.12087865,Beginner
43,82,12,11,63,68.80633375,Advanced
73,94,9,2,77,54.38299895,Intermediate
48,76,10,9,68,46.55886023,Professional
68,51,6,4,81,95.94314653,Beginner
38,83,10,10,66,72.76532852,Advanced
42,70,15,1,83,64.34237776,Advanced
64,62,4,10,69,83.11028911,Professional
40,68,16,2,88,87.41701199,Advanced
32,74,8,3,76,105.8152803,Advanced
25,71,5,3,83,75.1270464,Advanced
44,79,15,6,70,73.22795552,Advanced
24,79,6,5,79,78.72462796,Advanced
44,73,13,9,68,65.65666913,Professional
38,73,10,5,75,72.06862561,Advanced
55,94,11,13,100,51.0553184,Intermediate
65,61,6,3,82,78.34657841,Beginner
66,90,11,4,83,78.35873635,Intermediate
40,68,11,3,80,72.35479109,Advanced
72,100,12,8,78,101.1200866,Intermediate
94,98,17,4,59,121.4492616,Intermediate
23,60,1,1,89,71.17526281,Advanced
59,75,9,8,70,63.95662122,Professional
80,85,7,3,70,85.18499583,Professional
81,63,12,3,74,84.44722144,Professional
58,85,2,2,83,46.62954071,Intermediate
68,66,9,10,93,75.64065967,Beginner
62,72,7,8,68,69.34539769,Professional
70,66,8,6,85,86.05914217,Beginner
52,82,11,4,85,76.71359782,Beginner
20,60,3,2,98,68.55189612,Advanced
57,82,9,7,91,58.8762831,Beginner
79,62,5,8,85,88.19103451,Beginner
49,82,9,3,87,55.61538785,Beginner
64,72,9,7,87,83.26292328,Beginner
50,78,8,6,76,72.7638335,Professional
72,73,1,5,85,45.92162597,Beginner
66,50,2,14,64,101.0673759,Professional
23,69,1,5,79,102.1247827,Advanced
62,75,13,8,87,104.6212853,Beginner
61,73,3,0,80,50.17392279,Beginner
43,72,18,1,85,85.46924803,Advanced
57,79,10,4,76,67.97410066,Professional
62,63,8,8,71,67.50004941,Professional
66,68,4,8,69,81.96528243,Professional
57,97,10,11,95,50.44026178,Intermediate
55,100,8,12,92,82.52582326,Intermediate
71,95,13,10,82,101.1954385,Intermediate
66,58,4,11,71,118.1458195,Professional
46,77,11,6,76,59.18424799,Professional
67,97,10,6,83,45.8043641,Intermediate
64,54,10,0,73,131.2443389,Beginner
60,63,0,14,61,72.96900281,Professional
27,81,2,12,63,102.2223605,Advanced
20,64,2,1,93,52.86559042,Advanced
69,58,17,10,85,153.2340279,Beginner
66,94,7,5,79,67.1701223,Intermediate
60,63,7,10,68,67.97482579,Professional
31,69,7,4,82,66.83048914,Advanced
40,84,13,8,66,93.80523656,Advanced
26,74,6,3,82,79.99879581,Advanced
29,76,4,9,71,79.01232623,Advanced
30,72,6,4,78,90.25185088,Advanced
84,61,7,4,75,111.5658724,Professional
76,74,6,11,91,72.30177929,Beginner
59,98,1,0,68,91.1149382,Intermediate
73,78,1,5,84,45.34885679,Beginner
31,72,4,9,71,70.93237295,Advanced
80,70,3,8,83,78.22232667,Beginner
45,88,5,9,94,64.81225001,Intermediate
73,70,6,6,82,90.52720415,Beginner
58,98,15,15,98,78.56253029,Intermediate
60,94,2,1,78,47.3980568,Intermediate
70,80,2,6,71,97.51196214,Professional
46,82,14,10,62,83.48797289,Advanced
69,86,13,2,73,67.66712443,Professional
35,68,10,0,88,56.16530893,Advanced
74,68,8,4,75,97.05808473,Professional
57,94,1,2,75,90.52468218,Intermediate
30,75,8,3,77,106.9763131,Advanced
86,70,4,4,74,115.8982779,Professional
41,80,11,10,66,70.09944654,Advanced
59,69,19,12,93,126.2411914,Beginner
31,71,4,7,71,108.8991364,Advanced
35,71,5,9,71,62.57087398,Advanced
56,82,14,2,77,57.72032207,Professional
72,75,6,11,93,58.7357069,Beginner
76,76,3,12,95,45.71249058,Beginner
71,72,6,3,79,83.14065426,Beginner
87,63,1,7,68,106.7032326,Professional
75,62,2,8,71,108.3771045,Professional
65,97,9,6,82,59.91777462,Intermediate
59,77,16,3,75,50.93217569,Professional
76,64,8,4,74,89.49093483,Professional
43,74,10,9,66,79.97803425,Advanced
83,70,4,6,69,98.69963178,Professional
68,73,6,8,68,81.33295918,Professional
43,78,12,7,66,103.1440505,Advanced
34,70,10,4,74,102.9949507,Intermediate
53,71,15,5,75,46.15980132,Professional
67,76,4,5,76,103.2190469,Professional
63,70,14,4,74,57.14875852,Professional
65,81,2,7,87,48.75741406,Beginner
79,76,4,5,70,101.9517041,Professional
56,61,10,8,73,57.85752894,Professional
77,96,12,5,75,70.3650908,Intermediate
53,85,14,4,72,47.78101892,Professional
48,74,20,1,81,53.5691594,Professional
73,66,1,1,74,53.47171721,Beginner
73,75,4,5,72,93.91365687,Professional
73,99,9,2,70,77.74329253,Intermediate
52,81,15,11,97,76.36348435,Beginner
57,93,8,10,93,53.42714067,Intermediate
40,71,3,13,63,77.51607296,Advanced
23,71,2,4,80,93.51753517,Advanced
62,97,10,9,89,51.58970346,Intermediate
82,100,5,4,55,116.0793285,Intermediate
62,82,11,10,93,73.44527926,Beginner
81,94,11,1,67,67.38814675,Intermediate
67,93,10,6,85,45.14115935,Intermediate
66,64,8,7,71,72.48090994,Professional
63,67,7,3,83,82.63306382,Beginner
35,74,8,7,73,75.11578256,Advanced
71,72,4,8,90,54.04769227,Beginner
58,94,6,8,84,95.15952396,Intermediate
61,72,6,4,85,64.47222224,Beginner
38,97,16,4,75,61.60049207,Professional
65,94,10,6,85,47.09686664,Intermediate
22,62,5,3,99,65.41274712,Advanced
73,70,1,2,79,65.07203705,Beginner
69,83,4,9,90,46.94271179,Beginner
33,68,6,5,77,79.70310808,Advanced
62,72,6,4,79,96.40588827,Professional
66,100,11,10,84,92.72103378,Intermediate
71,81,5,10,91,55.44835061,Beginner
61,87,9,4,75,81.49862067,Professional
68,77,13,1,78,75.80473552,Professional
50,95,1,5,85,70.45857903,Intermediate
52,81,16,10,59,95.37996001,Advanced
61,85,9,11,96,54.96774119,Beginner
56,68,13,3,80,70.07347321,Professional
38,81,14,4,73,92.73845705,Advanced
67,90,8,3,73,77.66994251,Professional
54,93,15,0,81,61.91085733,Professional
41,79,8,12,59,98.26818265,Advanced
73,61,2,8,71,102.9803489,Professional
53,95,8,12,93,97.80660089,Intermediate
30,63,6,3,87,54.97567413,Advanced
85,100,12,3,65,85.75346354,Intermediate
74,77,5,10,90,60.53557203,Beginner
86,67,7,5,70,98.21421174,Professional
79,69,8,12,89,95.99009944,Beginner
50,85,11,17,55,83.27134035,Advanced
70,79,9,5,71,76.62824988,Professional
12,59,3,3,86,91.33863926,Advanced
96,72,3,4,70,124.9901602,Professional
72,86,5,10,90,53.54648466,Beginner
81,98,9,0,64,87.75487736,Intermediate
79,95,10,0,68,63.19326092,Intermediate
62,74,7,5,73,72.02159608,Professional
83,100,11,0,61,104.1991962,Intermediate
76,60,4,6,73,98.86965568,Professional
55,92,9,11,99,55.7162136,Beginner
48,80,18,1,82,46.005186,Professional
21,63,1,5,83,74.71051242,Advanced
76,98,9,3,67,107.400795,Intermediate
64,74,8,6,71,71.65711018,Professional
44,77,10,12,63,60.67257476,Advanced
73,78,0,6,87,59.26793215,Beginner
42,69,11,4,74,93.16921733,Advanced
79,99,15,7,78,66.4415052,Intermediate
60,69,14,8,88,110.238136,Beginner
43,81,15,3,78,46.32361949,Professional
69,79,5,5,83,68.64794069,Beginner
64,79,9,2,79,89.27002369,Professional
46,76,18,2,76,83.23009838,Advanced
61,72,5,1,79,66.1673551,Beginner
62,70,5,7,72,83.94655417,Professional
55,88,6,7,68,68.13231194,Professional
60,62,2,10,69,78.08791031,Professional
33,59,10,2,95,53.34349557,Advanced
57,100,6,9,84,104.1219958,Intermediate
43,100,8,18,100,107.9225616,Intermediate
60,79,10,5,74,69.14342811,Professional
66,66,10,4,75,75.870478,Professional
66,83,20,2,69,78.87911697,Advanced
73,100,15,11,83,92.35277081,Intermediate
77,99,12,6,79,62.74972384,Intermediate
54,98,7,10,92,64.84314751,Intermediate
57,94,5,8,84,103.984153,Intermediate
24,59,6,4,98,86.25514482,Advanced
53,97,8,12,94,83.8787024,Intermediate
78,71,1,7,86,52.52893017,Beginner
31,59,7,3,87,50.26970975,Advanced
57,99,4,9,83,111.3989059,Intermediate
73,99,12,6,76,86.21784648,Intermediate
57,54,5,10,72,84.29900421,Professional
60,78,10,4,74,65.7446535,Professional
59,84,8,5,72,68.70130171,Professional
29,81,5,10,67,90.11187481,Advanced
51,77,18,2,80,47.4668088,Professional
70,94,3,1,66,81.35452448,Intermediate
45,76,14,5,70,90.54812465,Advanced
65,67,13,8,86,119.0522604,Beginner
53,62,9,0,78,90.15467278,Beginner
74,74,1,7,71,111.8027136,Professional
63,53,6,9,73,82.66384598,Professional
63,68,5,7,73,91.29328087,Professional
62,87,10,3,75,75.9661638,Professional
54,66,12,5,78,67.22963354,Professional
42,79,9,12,59,94.5039443,Advanced
41,94,2,5,87,90.46830074,Intermediate
70,76,3,7,70,94.25932534,Professional
29,73,10,0,86,100.4687917,Advanced
27,77,5,7,75,80.93833564,Advanced
19,59,0,0,94,64.08840213,Advanced
49,95,11,15,100,45.13060232,Intermediate
71,69,7,7,85,85.54620117,Beginner
30,59,4,2,87,63.17941515,Advanced
57,64,12,0,74,128.2176289,Beginner
75,78,2,7,67,95.56358234,Professional
62,98,5,5,80,75.57368347,Intermediate
64,81,7,8,91,51.79528128,Beginner
57,91,0,0,77,51.65222778,Intermediate
28,63,6,1,89,55.04953228,Advanced
35,80,13,3,77,93.85901824,Advanced
34,74,5,9,67,94.07017033,Advanced
64,81,13,2,76,76.63174243,Professional
83,66,6,9,81,108.5529213,Beginner
61,69,8,9,94,59.5999325,Beginner
60,100,16,2,81,63.40406303,Professional
73,100,14,10,76,116.229018,Intermediate
70,63,4,7,73,92.17397042,Professional
15,68,1,4,84,93.65910311,Advanced
72,67,2,7,72,100.5585047,Professional
26,67,6,0,89,92.62128858,Advanced
64,100,9,7,83,70.32398858,Intermediate
76,73,7,5,76,109.6452146,Beginner
31,76,5,8,70,98.86688846,Advanced
23,70,1,10,72,80.33152586,Advanced
81,63,4,5,78,101.8516328,Beginner
68,95,6,6,77,103.3831031,Intermediate
86,99,12,0,63,73.03015704,Intermediate
92,58,6,10,67,142.1338748,Professional
61,67,12,3,79,72.53484216,Professional
58,94,14,0,80,67.60331264,Professional
22,70,2,5,81,74.88410711,Advanced
69,75,4,5,72,96.86785877,Professional
91,78,2,6,66,110.3803357,Professional
27,61,7,2,95,72.9027127,Advanced
43,70,12,5,74,86.28983389,Advanced
22,66,0,5,82,69.12937,Advanced
33,73,7,6,73,105.1694897,Advanced
72,71,8,11,92,74.66980163,Beginner
57,100,15,0,77,51.5087232,Professional
61,64,3,10,69,83.37308055,Professional
62,81,10,11,94,67.31277355,Beginner
55,82,19,8,59,104.3755809,Advanced
69,100,6,3,68,129.1560165,Intermediate
50,71,10,12,61,64.9170448,Advanced
62,90,0,2,72,50.6279703,Intermediate
48,69,14,5,78,53.67131372,Professional
57,88,12,3,74,60.38049898,Professional
80,60,2,2,74,94.18603487,Beginner
45,73,16,3,77,75.67768474,Advanced
65,68,0,11,66,98.42575299,Professional
63,76,9,5,72,66.90014933,Professional
71,83,4,7,87,52.91639946,Beginner
52,95,5,9,92,65.24260383,Intermediate
75,99,3,3,62,55.99135728,Intermediate
26,73,6,3,80,103.6848908,Advanced
83,100,9,1,62,101.0129982,Intermediate
60,100,4,7,78,116.8327785,Intermediate
66,79,1,1,79,49.49786413,Beginner
46,72,9,11,64,67.91330801,Advanced
60,70,3,0,82,50.31185264,Beginner
70,79,9,2,77,89.84944616,Professional
34,72,6,6,71,99.26003016,Advanced
63,77,5,4,84,59.11102426,Beginner
63,92,9,4,82,50.29172538,Intermediate
84,56,0,9,68,117.102489,Professional
73,98,6,1,71,69.99653045,Intermediate
50,76,8,7,73,59.33259822,Professional
26,69,5,2,86,69.85435096,Advanced
66,79,7,11,96,47.98243593,Beginner
65,98,9,7,81,82.01868919,Intermediate
41,75,14,1,76,108.9356583,Advanced
67,92,9,5,81,54.61307585,Intermediate
58,90,5,3,85,58.97538889,Intermediate
62,86,4,5,74,91.00806294,Professional
22,68,6,2,88,46.49584375,Advanced
55,99,6,10,87,106.8810942,Intermediate
52,87,6,7,71,65.81025005,Professional
67,71,9,9,89,82.76302733,Beginner
33,71,11,0,85,83.92619619,Advanced
67,67,3,9,68,89.44244474,Professional
57,77,15,13,98,86.4213974,Beginner
68,99,10,5,78,64.4823251,Intermediate
61,74,12,4,76,73.33560654,Professional
38,73,11,4,76,88.70238712,Advanced
63,77,5,3,83,59.37461546,Beginner
71,92,14,6,84,53.53960972,Intermediate
64,72,4,9,69,84.52032741,Professional
27,74,1,11,69,67.95287829,Advanced
39,81,9,9,62,115.949486,Advanced
50,80,16,8,63,83.36193406,Advanced
40,84,10,11,60,102.4310747,Advanced
30,65,11,1,87,55.35969758,Advanced
37,77,7,10,64,98.64611896,Advanced
52,91,0,5,83,89.27987084,Intermediate
69,68,4,6,73,96.93572914,Professional
71,74,4,8,66,72.04989001,Professional
56,73,15,4,80,125.8772269,Beginner
72,98,8,5,70,130.2089259,Intermediate
62,95,8,6,86,48.38669393,Intermediate
57,88,6,5,91,83.17436455,Intermediate
46,68,12,5,74,71.05964408,Advanced
74,80,4,12,95,45.04185183,Beginner
58,81,11,4,74,59.81238552,Professional
64,68,13,4,76,69.32532895,Professional
69,65,7,4,81,96.66218797,Advanced
30,67,4,5,80,68.72488186,Advanced
65,72,2,7,72,91.97087084,Professional
68,62,14,7,68,53.22417851,Professional
70,100,16,13,82,126.6829524,Intermediate
59,100,3,5,75,114.9573139,Intermediate
79,75,6,11,88,83.95133504,Beginner
53,97,13,18,100,68.46044392,Intermediate
94,100,11,1,55,125.7550898,Intermediate
72,100,5,3,68,110.2101382,Intermediate
35,75,4,13,65,53.58386989,Advanced
48,66,10,9,70,47.80216218,Professional
66,98,2,0,70,73.97237001,Intermediate
60,97,2,4,77,88.71095888,Intermediate
41,74,14,3,77,81.99780178,Advanced
55,97,6,10,87,105.4678111,Intermediate
83,68,7,4,73,102.8602509,Professional
56,82,20,7,67,62.1411466,Advanced
21,61,1,4,85,79.68109551,Advanced
43,79,11,10,63,87.03905596,Intermediate
56,81,8,6,72,77.17318055,Professional
70,79,5,9,89,59.89530017,Beginner
31,70,0,13,63,96.64251774,Advanced
26,68,3,4,81,83.92953829,Advanced
63,78,5,7,90,49.9226025,Beginner
53,98,9,13,95,87.86594167,Intermediate
57,94,2,1,79,45.83958943,Intermediate
81,70,1,6,70,109.5232228,Professional
72,69,9,5,73,90.67883921,Professional
72,86,6,7,67,86.75742641,Professional
66,99,8,8,80,109.2379348,Intermediate
23,77,2,7,72,106.2637488,Advanced
75,82,5,5,71,95.46212907,Professional
16,65,3,1,98,58.26234777,Advanced
39,77,9,9,65,97.28417978,Advanced
64,72,11,7,85,102.4350233,Beginner
65,80,12,1,78,79.23372066,Professional
70,91,4,1,70,81.96358223,Intermediate
32,72,5,6,71,106.4041851,Advanced
69,93,12,7,84,58.87276591,Intermediate
75,100,7,0,63,81.32989202,Intermediate
71,72,4,2,78,76.50048699,Beginner
66,86,9,3,75,82.90873226,Professional
67,95,15,13,88,100.7170376,Intermediate
67,64,4,8,71,95.86792078,Professional
91,65,6,10,63,133.40714,Professional
73,95,10,4,76,73.07681602,Intermediate
79,89,10,1,73,85.69702496,Professional
64,74,5,5,75,91.64898045,Professional
28,69,4,5,78,88.65254976,Advanced
77,78,0,4,79,53.17145901,Beginner
63,71,3,10,67,81.99860825,Professional
69,64,7,3,78,103.0216669,Beginner
10,60,6,1,96,70.08500369,Advanced
59,82,7,4,83,64.68605275,Beginner
55,97,0,0,73,83.80291163,Intermediate
22,60,0,3,85,87.05941428,Advanced
67,66,6,6,74,90.21800218,Professional
53,89,7,11,96,63.72107051,Intermediate
51,94,9,14,100,60.40597985,Intermediate
72,97,10,3,76,50.19489979,Intermediate
57,97,4,6,82,91.60298327,Intermediate
75,82,5,2,77,110.1389623,Professional
69,99,3,1,66,121.6010041,Intermediate
79,66,6,6,79,110.629352,Beginner
68,72,1,4,86,53.28475692,Beginner
59,69,9,6,86,82.37532664,Beginner
76,64,11,7,79,135.0911107,Beginner
39,75,7,11,64,78.30448822,Advanced
17,65,3,0,96,60.97752508,Advanced
68,95,10,7,87,64.34376283,Intermediate
70,75,5,5,74,101.9449912,Professional
30,84,6,11,63,88.62739675,Advanced
59,81,12,3,76,66.08075886,Professional
72,100,12,10,80,100.9555747,Intermediate
71,64,9,6,81,109.5594892,Beginner
83,81,1,9,83,68.41683122,Beginner
34,74,8,6,74,82.53901787,Advanced
82,68,0,5,82,53.75142417,Beginner
59,70,7,7,72,76.64710283,Professional
48,80,15,9,64,76.08578326,Advanced
60,94,6,8,86,80.10713888,Intermediate
71,98,2,2,61,91.17232941,Intermediate
73,73,1,2,74,84.55861862,Beginner
71,99,9,5,72,115.0765372,Intermediate
27,76,8,3,83,76.18651697,Advanced
49,78,13,12,60,64.12948068,Advanced
63,78,14,2,77,62.26248254,Professional
64,80,13,1,78,72.06621742,Professional
66,69,13,7,83,122.5117767,Beginner
63,89,7,8,90,53.95910698,Beginner
82,95,11,3,64,115.5690221,Intermediate
65,94,8,5,84,55.79237428,Intermediate
75,99,8,1,71,56.49456212,Intermediate
61,74,7,3,80,93.5175923,Professional
23,77,5,3,78,118.1529244,Advanced
60,62,13,4,80,124.886933,Beginner
71,99,13,9,81,86.52283851,Intermediate
66,55,4,11,69,91.64292946,Professional
24,71,1,7,74,106.6881178,Advanced
48,84,9,7,97,61.47132391,Beginner
69,77,8,9,87,82.19010009,Beginner
67,76,10,4,74,81.29094127,Professional
70,92,12,8,86,49.51385654,Intermediate
28,61,2,4,84,62.59739204,Advanced
61,76,11,7,86,94.63812566,Beginner
56,68,13,6,88,91.69436994,Beginner
62,92,3,3,76,87.89841203,Intermediate
26,70,6,1,84,90.04738067,Advanced
65,95,6,6,78,96.42395321,Intermediate
28,65,7,0,91,48.77464697,Advanced
62,88,2,2,75,65.68475622,Intermediate
68,88,7,2,78,48.90944427,Intermediate
74,97,10,5,72,96.29270202,Intermediate
61,88,16,0,80,67.2553233,Professional
70,74,7,6,70,76.43890932,Professional
60,68,15,6,87,114.0012393,Beginner
60,100,11,13,89,81.88718816,Intermediate
67,100,10,8,82,86.09213875,Intermediate
53,81,15,9,63,82.22923241,Advanced
70,78,15,1,78,73.08985824,Professional
71,59,3,8,70,91.01860225,Professional
53,97,20,2,83,50.08286162,Professional
68,73,5,7,88,59.20294558,Beginner
66,98,4,1,73,67.7342938,Intermediate
37,73,6,10,69,62.98138702,Advanced
83,97,13,1,64,76.66044979,Intermediate
69,93,6,3,73,91.61748695,Intermediate
64,84,2,5,88,59.40440007,Beginner
71,72,6,6,71,82.4927915,Professional
92,97,12,0,57,97.24985832,Intermediate
58,71,4,5,76,96.09065096,Professional
59,99,2,3,74,103.3018016,Intermediate
69,100,14,13,83,117.2703338,Intermediate
71,98,12,8,82,75.57519887,Intermediate
79,67,5,3,78,113.370313,Professional
46,79,8,8,72,60.43743278,Professional
35,75,9,5,73,92.37092223,Advanced
74,97,4,3,70,99.47702144,Professional
33,69,7,4,79,76.71888245,Advanced
41,69,12,2,79,85.9609051,Beginner
45,81,13,8,67,68.28879555,Professional
67,71,12,8,84,114.2393448,Beginner
68,68,3,9,68,89.24522859,Professional
14,74,0,4,86,68.19417553,Advanced
34,78,12,3,78,88.42946656,Advanced
78,100,5,1,58,141.3213329,Intermediate
48,70,18,6,87,120.9950668,Beginner
57,72,9,4,87,71.25069962,Beginner
74,66,0,2,80,52.77194263,Beginner
73,63,6,7,71,90.7153047,Professional
59,59,7,11,67,61.50874215,Professional
79,69,9,3,74,85.56665956,Professional
67,63,3,9,71,97.00167339,Professional
59,81,4,0,78,57.49668354,Beginner
75,92,5,1,67,54.08815384,Intermediate
53,72,14,4,78,59.38435363,Professional
23,78,3,12,63,119.8100418,Advanced
62,92,7,6,84,59.38435439,Intermediate
68,97,5,2,73,82.46998314,Intermediate
26,80,5,7,72,92.13045862,Advanced
60,76,7,1,79,80.48404851,Beginner
47,100,7,14,100,56.9650345,Intermediate
58,66,15,8,89,113.0652998,Beginner
25,71,5,3,82,90.71969975,Advanced
58,96,1,1,79,46.68037324,Intermediate
38,69,14,0,86,80.25355729,Advanced
61,73,11,9,92,81.07389441,Beginner
49,74,10,7,72,50.56401032,Professional
61,76,12,11,95,77.42239293,Beginner
65,63,18,5,74,177.6423911,Beginner
56,73,10,2,81,89.32042504,Beginner
61,96,7,7,85,62.7881415,Intermediate
60,73,8,8,69,63.55827709,Professional
19,62,2,0,95,68.16001797,Advanced
42,78,11,9,67,77.43168291,Advanced
32,70,8,3,82,77.61670063,Advanced
75,67,8,5,72,91.44516261,Professional
76,72,1,1,78,46.42136043,Beginner
73,52,1,11,69,114.7312729,Professional
61,81,7,6,88,60.13057845,Beginner
60,71,9,6,73,72.18950423,Professional
57,81,10,7,90,66.4664413,Beginner
55,76,20,6,65,88.00258538,Advanced
78,81,2,12,93,47.24332109,Beginner
58,85,7,0,76,80.00876905,Beginner
69,93,2,0,65,100.4206248,Intermediate
64,90,8,6,85,52.23123926,Intermediate
20,77,0,8,71,109.3180019,Advanced
82,53,2,7,73,114.7398934,Professional
53,94,10,10,97,63.94717492,Intermediate
60,73,8,3,82,81.77115072,Beginner
39,92,1,10,97,75.74749952,Intermediate
55,100,7,13,87,127.2834719,Intermediate
69,60,9,8,88,88.68306996,Beginner
77,71,7,11,89,86.59003074,Beginner
72,77,3,2,71,50.9799085,Beginner
90,100,20,8,73,71.44670382,Intermediate
19,61,4,3,100,69.34646874,Advanced
57,96,14,1,82,72.02702486,Professional
63,69,8,1,77,98.72657154,Beginner
65,98,12,11,87,79.45962699,Intermediate
57,84,8,7,69,55.72255736,Professional
37,71,14,1,87,84.50725292,Advanced
64,75,14,1,87,101.3129241,Professional
33,84,6,11,58,131.4534816,Advanced
64,100,10,11,85,100.1904225,Intermediate
67,71,9,7,83,103.1753043,Beginner
71,76,2,6,87,47.95617475,Beginner
72,83,12,1,75,76.26646229,Professional
64,78,17,1,78,54.91198863,Professional
69,82,12,13,91,96.1463021,Beginner
60,74,11,7,87,89.72161742,Beginner
53,63,7,11,69,63.31892309,Professional
67,75,8,6,70,71.28868943,Professional
35,76,5,11,65,80.36011695,Advanced
77,100,13,7,77,82.21713737,Intermediate
60,89,4,6,90,61.3118292,Beginner
28,68,6,2,84,81.30448649,Advanced
36,64,9,2,84,65.74688648,Advanced
64,69,4,8,72,91.96876584,Professional
70,100,7,4,69,116.301756,Intermediate
68,76,6,7,70,72.19413852,Intermediate
82,97,12,1,70,45.2835168,Intermediate
60,55,11,7,74,66.90778861,Professional
61,80,8,3,77,86.96312985,Professional
75,94,17,10,86,62.14730058,Intermediate
77,100,13,4,74,59.41141476,Intermediate
65,93,4,2,76,71.44019575,Intermediate
48,83,13,4,75,48.46199832,Professional
71,94,10,6,80,59.35579055,Intermediate
70,100,12,7,77,90.52159452,Intermediate
74,76,5,5,72,96.11699073,Professional
66,95,8,4,78,70.4367964,Intermediate
79,96,6,1,62,80.20192114,Intermediate
59,96,4,5,79,96.91221044,Intermediate
80,98,13,6,75,71.30606537,Intermediate
51,90,16,2,74,57.94782954,Professional
55,91,9,10,95,45.51821502,Intermediate
67,76,6,3,76,92.99543246,Professional
54,96,0,3,76,100.0143026,Intermediate
76,68,5,7,70,94.45901564,Professional
40,78,19,7,94,91.94753405,Beginner
74,90,12,6,77,81.92773619,Intermediate
66,100,6,7,75,135.193982,Intermediate
74,100,7,2,68,98.94090316,Intermediate
44,100,10,18,100,90.70667632,Intermediate
39,86,5,14,100,51.37154081,Intermediate
69,63,9,4,80,113.1000658,Beginner
72,97,11,5,78,53.92424025,Intermediate
71,67,8,5,74,88.5150278,Professional
81,84,2,12,91,45.72686436,Beginner
20,69,0,7,79,79.27907486,Advanced
46,82,17,4,68,112.5826193,Advanced
66,100,9,7,77,97.94658251,Intermediate
58,75,16,2,77,47.2941046,Professional
74,64,2,9,70,121.9906053,Professional
62,92,9,7,83,62.75345162,Intermediate
21,62,1,2,85,104.3303551,Advanced
38,83,11,7,66,106.0622971,Advanced
28,74,15,2,89,91.86111173,Advanced
67,65,8,5,76,86.71832408,Professional
22,75,2,6,78,76.93344017,Advanced
57,94,18,0,76,45.01619856,Professional
64,73,5,2,81,70.61169488,Beginner
71,72,9,4,75,85.57348557,Professional
43,91,15,10,59,102.8538143,Advanced
72,87,1,9,92,70.89765907,Beginner
57,84,7,4,85,57.74680997,Beginner
56,83,12,5,83,92.56920709,Beginner
66,50,0,15,67,97.48639856,Professional
29,81,7,8,72,77.25745579,Advanced
50,85,12,15,55,102.7736147,Advanced
59,78,8,6,89,59.43595237,Beginner
51,75,12,5,88,78.59335787,Beginner
47,96,2,6,89,61.82003994,Intermediate
79,85,2,9,91,78.29108529,Beginner
59,73,7,8,69,63.50296819,Professional
64,80,4,3,82,54.17864764,Beginner
28,79,2,12,64,91.25964072,Advanced
15,67,4,8,80,71.78252061,Advanced
53,76,8,6,74,61.56652839,Professional
78,96,12,2,72,45.91253561,Intermediate
83,63,2,1,68,111.3693167,Beginner
60,92,8,8,86,83.65168441,Intermediate
62,91,4,2,77,69.36741114,Intermediate
56,77,9,6,89,69.06927907,Beginner
92,65,0,6,78,81.85806673,Beginner
60,80,12,1,80,71.63560823,Professional
39,69,10,4,75,102.4536396,Advanced
67,99,3,3,72,112.4785543,Intermediate
53,94,6,8,91,62.43712618,Intermediate
25,69,5,2,86,76.99784423,Advanced
61,97,6,8,84,86.38527201,Intermediate
62,79,8,11,96,59.65519495,Beginner
49,77,16,8,70,46.59583989,Advanced
69,96,14,11,88,66.68134513,Intermediate
77,50,3,13,66,119.2790106,Professional
53,72,11,4,85,87.9800922,Beginner
70,63,5,5,75,97.33104918,Professional
32,81,5,12,63,83.06890283,Advanced
72,96,5,2,68,99.29095325,Intermediate
12,67,5,7,82,78.87787111,Advanced
65,89,4,3,76,86.04236605,Intermediate
72,84,8,13,94,68.78957898,Beginner
84,63,6,9,84,104.0828407,Beginner
30,85,3,14,55,126.6202638,Advanced
57,74,7,6,75,75.95572236,Professional
77,95,8,0,68,57.65652245,Intermediate
61,93,4,5,79,88.77888043,Intermediate
36,70,12,1,85,65.70362122,Advanced
62,74,10,7,89,79.54314757,Beginner
73,100,15,9,80,89.92754409,Intermediate
31,64,9,1,91,74.06431541,Advanced
54,80,19,7,63,99.17553488,Advanced
66,96,7,7,82,89.23361858,Intermediate
47,77,12,0,78,97.96253501,Beginner
26,63,7,2,92,95.0791585,Advanced
75,100,8,3,68,104.5619344,Intermediate
55,88,8,10,98,60.30396287,Beginner
75,99,6,0,65,96.5373608,Intermediate
62,93,20,10,55,102.7957318,Advanced
16,64,4,0,95,55.75330157,Advanced
52,67,10,7,75,65.43930547,Professional
71,90,10,4,81,53.27237909,Intermediate
94,97,10,3,55,111.9241662,Intermediate
29,79,4,9,65,113.1182751,Advanced
24,59,2,1,92,52.52141193,Advanced
76,72,7,12,92,75.9655985,Beginner
43,94,7,13,100,59.5581457,Intermediate
68,97,13,9,86,63.26674751,Intermediate
55,67,12,1,76,119.9925544,Beginner
40,68,6,8,68,98.18022518,Advanced
72,100,15,13,82,128.2461684,Intermediate
55,80,13,8,91,80.72403459,Beginner
68,73,10,10,90,88.95419608,Beginner
86,69,4,5,72,112.1954584,Professional
72,94,2,3,73,99.23899181,Professional
30,66,7,1,85,82.49072214,Advanced
61,99,6,6,81,82.16410443,Intermediate
47,63,18,4,84,133.1223623,Beginner
79,100,8,1,63,103.8139762,Intermediate
26,68,7,0,87,83.70731178,Advanced
76,69,5,3,76,99.53050248,Beginner
80,83,1,11,92,54.74440899,Beginner
61,100,15,14,95,68.00444647,Intermediate
58,96,0,5,76,123.024714,Professional
70,81,6,7,86,71.16243622,Beginner
60,82,5,5,87,46.88600201,Beginner
65,100,9,9,79,122.4767485,Intermediate
19,55,1,2,100,49.76807155,Advanced
41,74,10,7,71,74.93699057,Advanced
68,74,13,2,77,78.12820947,Advanced
71,69,4,6,73,100.27572,Professional
62,96,14,13,96,55.35253505,Intermediate
73,62,6,5,81,95.28550241,Beginner
91,54,2,8,68,111.7278437,Professional
67,64,13,3,79,73.99870957,Professional
74,97,5,0,62,108.0023936,Intermediate
60,97,10,10,87,96.50794281,Intermediate
34,82,7,11,65,69.27535828,Advanced
71,74,5,7,86,64.15249551,Beginner
53,83,10,6,90,61.01219612,Beginner
72,72,5,7,68,79.55784498,Professional
63,82,5,6,71,82.91801627,Professional
56,66,15,2,81,117.523522,Beginner
53,84,12,7,90,75.84869036,Beginner
56,82,11,7,88,77.17181277,Beginner
19,64,1,4,84,88.08543895,Advanced
57,95,3,4,81,79.8040295,Intermediate
63,99,5,4,74,102.8006044,Intermediate
83,97,7,2,57,88.8350735,Intermediate
47,72,17,2,77,78.50624135,Advanced
74,82,5,6,68,88.63144922,Professional
39,65,9,4,81,57.98716244,Advanced
55,94,7,9,89,84.61053281,Intermediate
83,55,2,3,76,92.69157663,Beginner
79,64,2,6,72,107.3174182,Professional
57,73,12,6,71,46.89157189,Professional
39,83,10,10,63,90.02733338,Advanced
63,75,8,7,71,80.56827031,Professional
34,71,12,1,88,46.90418334,Advanced
62,77,9,4,76,77.35770486,Professional
66,65,6,0,75,95.18998501,Beginner
46,100,16,1,83,55.06216965,Professional
81,96,10,2,65,101.6653433,Intermediate
53,87,2,3,88,69.77902254,Intermediate
60,78,11,3,76,69.03623044,Professional
67,85,12,16,100,76.15522482,Beginner
30,82,7,7,68,118.4475313,Advanced
60,94,4,6,81,88.83937453,Intermediate
45,88,0,6,92,54.42111948,Intermediate
50,80,15,5,87,97.22871121,Beginner
82,70,3,4,74,119.5630497,Professional
65,82,16,0,81,73.90145597,Professional
67,58,9,0,71,130.0714921,Beginner
72,77,9,2,79,103.4694179,Professional
26,75,9,0,87,78.30573466,Advanced
57,75,9,6,89,66.52528643,Beginner
55,87,11,3,78,74.30885076,Professional
63,80,14,1,85,83.01086757,Professional
70,73,7,6,82,93.86502519,Beginner
66,81,5,4,81,68.13627986,Beginner
29,72,4,6,75,90.18427865,Advanced
54,92,4,8,87,87.58388355,Intermediate
57,95,7,10,89,87.29746798,Intermediate
65,89,10,11,89,88.30710627,Intermediate
51,98,3,6,80,117.0578492,Intermediate
50,66,18,7,90,116.1105322,Beginner
68,53,0,11,71,115.7576808,Professional
85,100,12,2,61,112.2043445,Intermediate
77,70,6,4,74,94.25548402,Professional
55,58,1,12,68,85.42168294,Professional
15,70,3,6,77,115.6085154,Advanced
75,76,1,6,84,50.89276606,Beginner
62,85,9,10,94,57.00095739,Beginner
61,57,8,10,67,53.18840085,Professional
31,62,7,1,88,64.66168045,Advanced
73,99,6,3,68,114.7621424,Intermediate
67,71,5,8,68,75.63512193,Professional
29,68,3,5,75,106.6912303,Advanced
59,83,2,3,87,69.75176378,Beginner
62,87,6,3,84,56.94731593,Intermediate
76,66,3,7,71,104.5972238,Professional
43,73,16,3,80,56.26845193,Advanced
63,68,13,9,90,102.0053388,Beginner
30,70,4,8,75,66.07306118,Advanced
71,74,8,9,88,82.91449202,Beginner
59,99,5,5,84,53.41903927,Intermediate
70,77,9,4,74,83.72689485,Professional
56,83,13,3,77,61.38550081,Advanced
84,100,10,0,60,83.06024972,Intermediate
71,90,5,0,71,62.04292352,Intermediate
68,59,7,4,79,100.8831166,Professional
67,79,3,7,91,56.70275286,Beginner
73,74,3,3,70,45.48358008,Beginner
63,90,12,3,73,59.07600349,Professional
67,62,9,5,84,97.95223648,Beginner
37,80,8,10,61,105.6960682,Advanced
74,81,2,5,70,96.0764265,Professional
77,60,5,8,67,86.84498622,Professional
81,62,3,7,70,98.59173133,Professional
47,93,0,7,86,106.2045225,Intermediate
57,86,8,8,92,48.13226527,Beginner
64,80,13,2,76,67.87706725,Professional
65,92,9,9,85,89.57483072,Intermediate
64,100,3,1,70,89.46621005,Intermediate
75,83,8,3,74,94.00396182,Professional
74,96,8,1,69,74.69529623,Intermediate
75,69,6,6,70,82.94471067,Professional
67,98,6,1,72,72.34752163,Intermediate
58,72,6,7,74,83.8296661,Professional
69,79,7,3,76,94.13219194,Professional
69,54,14,5,77,157.1702049,Beginner
55,70,8,6,75,71.6637194,Professional
60,69,9,6,74,74.28624081,Professional
77,75,3,8,86,61.56685218,Beginner
27,82,10,8,71,64.58162153,Advanced
76,73,4,7,68,90.18260356,Professional
54,78,20,6,68,75.73509498,Advanced
59,92,0,1,77,65.29961651,Intermediate
72,85,9,13,93,74.25779905,Beginner
51,68,13,5,75,54.17729719,Professional
51,84,12,6,89,74.97433652,Beginner
70,60,3,9,70,94.75648743,Professional
69,78,3,6,87,50.40519762,Intermediate
65,94,10,7,85,60.09204053,Intermediate
39,65,6,8,74,48.887754,Advanced
69,72,8,5,72,78.02766645,Advanced
83,64,6,8,79,115.0443283,Beginner
25,73,3,5,76,100.4070427,Advanced
61,73,17,12,92,124.1201204,Beginner
66,80,9,4,74,78.98066068,Professional
35,74,4,12,64,77.0922131,Advanced
36,65,9,4,77,88.82429851,Advanced
79,69,0,5,82,57.32484037,Beginner
67,100,2,0,66,108.843222,Intermediate
63,98,7,5,79,73.28011514,Intermediate
63,95,6,5,82,59.04400358,Intermediate
74,100,11,5,75,65.76574679,Intermediate
56,98,7,10,89,81.73478751,Intermediate
69,97,4,0,69,74.44947169,Intermediate
31,64,2,8,77,55.00358493,Advanced
53,95,6,10,90,86.13757665,Intermediate
58,85,8,6,92,74.9550013,Intermediate
22,68,7,2,94,73.81990342,Advanced
65,65,5,2,80,78.36740187,Beginner
64,65,3,10,69,85.4816113,Professional
59,52,12,0,76,125.1611639,Beginner
92,100,15,2,61,94.67410009,Intermediate
48,86,2,6,92,47.0226331,Intermediate
62,63,1,11,69,95.6379758,Professional
14,71,0,5,85,67.21712301,Advanced
66,74,6,6,72,81.11164137,Professional
72,73,9,1,79,96.45992738,Professional
57,95,1,4,78,99.12102127,Intermediate
54,64,12,7,74,53.12123965,Professional
66,100,10,8,91,67.27677066,Intermediate
83,68,4,9,84,85.34672955,Beginner
77,65,5,5,80,95.99869946,Beginner
73,74,6,10,91,64.08413738,Beginner
74,97,17,10,80,82.01294824,Intermediate
72,76,3,5,81,67.29311327,Beginner
75,82,5,13,95,53.19634783,Beginner
73,71,0,11,64,94.45138788,Professional
28,79,4,9,69,92.52531312,Advanced
57,100,12,14,97,69.17296476,Intermediate
86,63,7,2,78,118.5794941,Professional
53,90,6,11,97,70.72901797,Intermediate
56,74,12,4,81,105.8813743,Beginner
86,78,7,2,77,69.36152449,Beginner
52,71,14,4,76,50.20984184,Professional
69,55,3,11,66,81.70147428,Professional
58,100,4,8,82,108.8476671,Intermediate
64,94,7,7,80,93.12693134,Intermediate
59,78,13,4,73,50.77610382,Professional
61,94,2,3,75,93.33024685,Intermediate
37,89,5,15,100,64.00225687,Intermediate
30,76,2,13,64,70.25749055,Advanced
73,100,9,4,71,94.92355525,Intermediate
39,96,1,10,92,108.1634344,Intermediate
55,75,2,11,65,72.02035022,Professional
87,100,12,5,60,146.6154001,Intermediate
71,75,4,5,82,72.11646593,Beginner
68,76,2,7,71,96.67933029,Professional
60,71,11,4,80,106.2493451,Beginner
20,75,1,4,77,123.3443209,Advanced
54,65,11,6,74,55.9452008,Professional
46,86,19,0,82,48.37502085,Professional
81,70,4,5,73,110.612497,Professional
22,68,5,1,90,64.2320992,Advanced
25,65,3,3,88,46.3022886,Advanced
49,66,6,8,74,71.79930284,Professional
74,100,15,9,79,86.53741838,Intermediate
35,65,9,2,85,63.7872966,Advanced
63,97,10,13,89,108.3440766,Intermediate
61,82,9,11,98,45.79585099,Beginner
74,90,8,2,75,94.71868311,Professional
63,80,8,3,79,89.5865939,Beginner
70,85,16,1,81,73.82169282,Professional
56,65,2,11,67,74.81573355,Professional
56,73,9,6,72,56.53011042,Professional
38,74,13,8,71,50.94805088,Advanced
70,83,5,9,91,46.57672483,Beginner
95,90,8,6,55,58.18234452,Professional
92,100,15,1,59,104.5793515,Intermediate
40,90,5,14,100,66.87881543,Intermediate
60,93,5,6,80,103.0982654,Intermediate
26,73,2,9,74,61.60653942,Advanced
71,57,13,7,80,145.7417664,Beginner
54,84,15,15,55,62.49075546,Advanced
85,100,11,0,61,77.75574849,Intermediate
36,79,6,12,62,80.3222754,Advanced
46,76,14,7,68,75.14471747,Advanced
69,57,2,11,66,83.87779278,Professional
82,73,2,2,75,57.0414626,Beginner
49,56,19,3,81,149.5426727,Beginner
12,66,5,5,83,91.10144387,Advanced
31,79,11,3,79,89.39106349,Advanced
83,71,3,5,76,96.53951676,Beginner
72,76,5,5,80,82.53091333,Beginner
36,75,6,10,63,117.3305003,Advanced
58,68,6,0,79,71.97044341,Beginner
33,80,3,13,60,87.47967987,Advanced
80,65,3,4,79,130.290524,Professional
73,100,12,9,79,97.90530197,Beginner
64,71,6,7,71,80.40226951,Professional
51,92,8,11,100,64.65728418,Intermediate
64,83,3,4,84,47.59833026,Beginner
63,87,9,4,73,71.91617267,Professional
66,99,9,8,80,99.15085395,Intermediate
71,88,2,3,65,68.09790742,Intermediate
49,71,19,9,93,111.9232239,Beginner
37,68,12,0,85,84.87710239,Advanced
35,77,6,11,64,88.91427321,Advanced
66,100,15,14,92,65.97311167,Intermediate
68,87,15,5,87,82.66025491,Intermediate
67,94,4,2,74,79.72127563,Intermediate
67,63,0,11,66,94.46805666,Professional
70,100,10,6,79,69.38585885,Professional
57,78,10,7,90,67.66342722,Beginner
76,84,4,3,76,116.9108259,Professional
27,67,1,7,77,75.11778203,Advanced
62,93,6,3,81,49.47341933,Intermediate
50,95,15,2,75,45.29622086,Professional
59,83,12,7,86,89.08805024,Beginner
53,87,9,6,91,50.08821155,Beginner
31,79,6,9,70,73.89018283,Advanced
61,68,2,10,69,85.63623499,Professional
51,78,8,8,69,55.87373283,Professional
23,63,3,0,90,79.52843921,Advanced
69,95,0,6,59,64.58966274,Intermediate
64,79,6,6,88,57.21578812,Beginner
61,84,18,1,76,45.94058598,Professional
73,99,11,7,74,112.1996829,Intermediate
49,77,9,1,84,61.17671543,Beginner
60,98,3,3,79,63.54494087,Intermediate
50,72,13,9,69,50.46180036,Professional
72,98,10,6,74,106.2856013,Intermediate
56,73,12,4,84,95.2122096,Beginner
53,71,16,10,96,92.32333342,Beginner
22,61,4,1,95,77.02365768,Advanced
72,72,3,4,76,110.2593795,Professional
74,100,12,7,70,132.8518666,Intermediate
72,83,19,1,80,68.69196854,Professional
43,68,18,1,89,55.37201176,Advanced
56,89,11,2,76,62.53601037,Professional
55,65,10,0,75,106.1939326,Beginner
75,67,6,3,74,109.3782386,Beginner
10,64,4,2,91,74.36744348,Advanced
67,72,9,7,87,85.07525593,Beginner
84,77,3,11,88,66.28020722,Beginner
65,77,11,15,100,67.05779356,Beginner
80,65,2,7,70,109.1959302,Beginner
10,65,6,5,88,63.40866753,Advanced
84,100,7,1,57,95.66185481,Intermediate
65,71,11,10,91,89.48780431,Beginner
28,74,5,6,75,97.06958042,Advanced
63,91,14,11,94,47.19127947,Intermediate
51,92,12,4,71,48.81183917,Professional
62,93,6,6,79,98.55626479,Intermediate
70,57,11,3,74,141.3204539,Beginner
58,86,16,15,55,95.14737802,Advanced
67,78,5,4,81,72.46237999,Beginner
10,52,6,2,100,59.31186939,Advanced
61,74,5,0,78,68.85974588,Beginner
65,67,5,5,88,58.05964123,Beginner
65,77,2,0,78,56.00050435,Beginner
75,100,16,10,81,81.11185352,Intermediate
82,100,14,6,71,91.04261209,Intermediate
73,79,5,12,95,48.12956956,Beginner
50,65,16,1,78,133.4471778,Beginner
69,100,10,8,77,102.5656263,Intermediate
50,92,6,11,96,63.52117303,Intermediate
58,98,9,12,87,116.7729612,Intermediate
72,67,10,9,86,109.3414562,Beginner
66,89,7,1,83,91.66013695,Intermediate
52,75,7,3,88,49.17376831,Beginner
55,67,1,13,64,74.64100332,Professional
72,95,5,1,69,84.37882001,Intermediate
24,71,2,12,65,105.2125013,Advanced
36,57,7,3,89,69.67750766,Advanced
60,72,13,3,77,65.85507753,Professional
63,84,12,3,75,66.05540692,Professional
26,59,3,0,91,79.11595594,Advanced
75,72,7,3,76,97.89626715,Professional
49,73,14,3,84,96.43265148,Beginner
36,79,11,7,72,75.93906537,Advanced
72,92,8,0,67,78.83903609,Intermediate
73,99,11,6,77,76.3749095,Intermediate
37,60,12,1,91,70.90054994,Advanced
61,79,13,9,87,103.7611569,Beginner
40,85,8,13,55,121.9984118,Advanced
81,76,5,12,90,73.0834834,Beginner
89,99,7,7,55,75.02694676,Intermediate
63,59,5,1,75,89.21477876,Beginner
66,82,11,1,78,77.62385677,Professional
66,86,3,2,79,57.58501316,Intermediate
21,64,2,0,87,101.2670662,Advanced
79,63,0,1,75,73.11642244,Beginner
79,65,7,5,75,122.3913945,Beginner
61,81,11,8,90,81.19605038,Beginner
26,63,6,0,94,60.83440675,Advanced
68,64,11,3,79,92.77069348,Professional
80,90,8,0,64,74.1164443,Intermediate
57,92,6,6,87,57.40729245,Intermediate
54,91,1,3,82,71.98111681,Intermediate
79,98,10,0,66,60.6983334,Intermediate
65,59,3,9,72,96.17547972,Professional
82,95,14,5,70,92.58234027,Intermediate
39,80,7,14,60,55.00331415,Advanced
35,77,9,6,71,100.9617849,Advanced
27,75,5,5,78,84.52422871,Advanced
65,73,9,5,81,99.11071062,Beginner
29,70,7,2,82,88.09704299,Advanced
45,72,14,4,74,76.98645305,Advanced
70,70,7,6,72,84.3353963,Professional
27,72,4,6,75,98.0597901,Advanced
64,71,6,2,80,78.54077299,Beginner
70,98,15,8,80,59.52096684,Intermediate
75,97,7,0,65,89.86401235,Intermediate
66,71,9,4,76,82.58730084,Professional
79,77,0,8,66,105.2789091,Professional
49,78,20,0,78,85.57383718,Advanced
55,71,7,0,81,71.34171635,Beginner
71,98,6,3,70,99.74036769,Intermediate
65,72,7,4,80,89.94908379,Beginner
71,66,12,1,82,94.47416495,Professional
66,99,10,8,83,76.18597231,Intermediate
64,100,7,8,78,118.137506,Intermediate
33,75,7,7,74,71.90111495,Advanced
36,80,9,9,69,66.53450901,Advanced
38,67,9,4,78,73.52059352,Advanced
39,87,11,11,59,107.7956517,Advanced
24,73,3,6,77,90.07197583,Advanced
36,61,8,1,87,66.10937082,Advanced
71,70,6,6,73,95.48896806,Professional
73,94,8,3,74,63.30559883,Intermediate
53,60,16,1,77,140.9017469,Beginner
79,99,11,4,67,108.5314057,Intermediate
45,94,8,13,100,52.50269747,Intermediate
39,62,9,0,87,68.47202953,Advanced
79,73,7,2,78,111.759195,Professional
65,66,11,4,73,68.65913341,Professional
63,68,10,4,78,84.77453324,Professional
77,73,5,4,76,112.9629475,Intermediate
96,76,7,5,76,48.02190658,Beginner
57,93,11,2,75,66.36483924,Professional
60,73,13,9,91,96.85984158,Beginner
67,65,6,4,83,80.34873814,Beginner
43,69,14,6,89,90.20183536,Advanced
56,51,12,8,75,62.37588166,Professional
56,80,14,5,73,53.04102791,Professional
68,68,6,4,78,104.3244401,Professional
66,99,9,6,76,96.03601561,Intermediate
56,92,1,1,72,65.08808853,Intermediate
52,72,10,2,72,107.3123651,Beginner
46,90,20,2,85,52.45888142,Professional
65,71,7,5,85,78.31804927,Beginner
65,95,2,1,69,105.8472152,Intermediate
73,73,8,4,73,85.76556779,Professional
54,62,10,5,80,81.67518433,Professional
20,63,3,7,79,80.3144907,Advanced
65,76,10,8,87,88.66754594,Beginner
53,81,7,7,73,70.04139981,Professional
40,74,6,11,62,98.72885723,Advanced
26,63,2,6,78,71.80776721,Advanced
31,68,4,6,76,77.02313615,Advanced
69,76,3,9,65,81.25236239,Professional
65,61,14,9,88,119.6952242,Beginner
21,61,0,3,86,90.83001271,Advanced
63,63,7,8,72,78.93856,Professional
58,61,1,13,65,83.05689037,Professional
67,79,4,6,87,48.9001577,Beginner
38,76,8,8,67,96.07958794,Advanced
49,88,13,4,72,54.47249625,Professional
67,71,5,6,71,88.42774951,Professional
62,92,9,8,90,53.27487399,Intermediate
74,82,10,1,76,91.90191753,Professional
16,71,0,5,80,101.8257149,Advanced
39,73,11,4,74,102.4327693,Advanced
79,77,6,4,70,89.95493783,Professional
67,57,8,0,70,131.1318394,Beginner
65,92,4,1,75,57.08241134,Intermediate
70,78,17,0,80,66.13696252,Professional
32,64,7,1,86,73.76296917,Advanced
81,54,0,9,70,118.1966023,Professional
41,68,7,7,71,98.25916793,Advanced
81,73,9,1,77,95.69546206,Professional
89,82,5,8,85,67.41171594,Beginner
52,69,11,7,72,51.96407677,Professional
53,72,20,1,79,61.19911803,Advanced
58,92,2,5,81,82.6033922,Intermediate
63,98,11,11,90,67.8583972,Intermediate
67,86,7,1,79,101.1285305,Professional
61,70,4,9,69,84.59611254,Professional
67,99,7,6,78,97.05711982,Intermediate
65,72,8,2,76,105.5971755,Beginner
78,100,10,3,66,108.2836815,Intermediate
71,79,2,6,70,92.76182874,Professional
82,70,2,8,86,63.42145201,Beginner
74,65,13,11,85,134.1389219,Beginner
44,70,6,13,61,74.87808814,Advanced
27,67,12,5,100,63.69252408,Advanced
72,72,4,7,69,89.77979274,Professional
35,73,8,6,74,76.94599134,Advanced
79,69,1,6,83,64.37937075,Beginner
70,72,7,6,70,77.34927295,Professional
74,64,0,9,69,105.2234745,Professional
85,65,0,6,81,70.16167758,Beginner
69,54,1,11,68,95.78458135,Professional
66,100,9,7,79,95.64733719,Intermediate
77,83,5,14,95,53.057272,Beginner
39,74,11,4,77,72.90530643,Advanced
43,75,8,13,62,60.74583706,Advanced
68,82,3,5,84,50.1128344,Beginner
67,100,10,10,82,113.3055431,Intermediate
34,72,1,13,64,79.8764236,Advanced
71,76,6,10,93,54.10171428,Beginner
74,61,10,6,80,125.0035731,Beginner
61,63,12,4,80,121.6540698,Beginner
55,62,11,4,87,89.69907015,Beginner
62,68,9,5,85,88.98547468,Beginner
72,100,8,7,73,126.6144638,Intermediate
76,79,5,4,74,102.8819418,Professional
57,83,7,8,94,50.31582211,Beginner
53,94,7,11,92,88.45584164,Intermediate
67,62,2,8,73,101.0875273,Professional
69,79,0,4,86,57.93031935,Professional
69,74,6,7,87,66.79924774,Beginner
59,90,12,2,76,64.16184876,Professional
58,78,11,3,77,75.50470797,Professional
91,100,13,1,60,97.73012036,Intermediate
76,87,5,3,73,96.47836256,Professional
69,59,8,8,70,71.34007416,Professional
28,73,5,5,78,83.56214775,Advanced
73,71,6,5,71,89.33009642,Professional
39,73,11,5,75,77.11527538,Advanced
78,73,5,6,68,84.09489161,Professional
75,59,4,3,79,90.50063477,Beginner
79,98,9,1,65,98.8033491,Intermediate
62,63,11,8,71,60.50598612,Professional
71,99,11,5,76,78.86649485,Intermediate
63,57,6,9,71,85.49179728,Intermediate
62,88,10,7,89,58.79455041,Intermediate
19,58,1,2,94,106.5896108,Advanced
86,79,0,12,92,49.21434558,Beginner
58,92,0,0,76,61.16582449,Intermediate
52,93,4,10,93,87.77413694,Intermediate
28,75,10,1,85,71.97621558,Advanced
53,83,16,3,75,48.76103992,Professional
84,71,8,1,78,111.7755867,Professional
73,75,5,6,69,82.34951816,Professional
78,70,1,0,72,68.31611635,Beginner
56,95,4,8,87,84.25364127,Intermediate
69,93,9,5,79,61.38067473,Intermediate
62,100,8,10,80,119.8816821,Intermediate
65,60,9,2,78,105.2196863,Beginner
73,72,10,11,88,102.3053507,Beginner
31,62,0,9,74,68.91423249,Advanced
59,89,12,10,98,76.44257261,Intermediate
78,72,0,4,79,57.4418381,Beginner
59,100,8,11,82,124.9959773,Intermediate
75,96,10,5,74,82.99820344,Intermediate
87,100,9,1,55,111.2163825,Intermediate
30,72,6,6,77,67.20797983,Advanced
18,60,1,1,96,73.02039985,Advanced
84,77,2,7,84,51.31623353,Beginner
41,84,14,11,57,95.72257347,Advanced
29,70,4,6,75,92.96566658,Advanced
62,63,4,3,70,91.10974166,Beginner
67,75,14,13,92,112.0187781,Beginner
70,57,5,8,71,85.95599472,Professional
58,78,13,4,75,65.49810689,Professional
38,71,16,1,89,65.34987879,Advanced
78,100,8,2,64,116.5181122,Intermediate
59,62,5,6,77,88.88898033,Professional
44,88,1,9,95,70.37331623,Intermediate
56,65,10,2,82,89.32614418,Beginner
64,91,5,2,79,46.31650111,Intermediate
65,64,7,1,77,94.74228011,Beginner
33,65,8,2,86,60.73832928,Advanced
70,67,1,1,79,55.64488812,Beginner
79,86,8,2,73,93.67668966,Intermediate
60,68,9,0,79,90.53237502,Beginner
66,99,11,10,82,117.5941508,Intermediate
34,75,5,11,65,89.80887944,Advanced
43,74,9,9,65,85.05594459,Advanced
54,90,7,3,84,49.8674018,Beginner
28,69,5,5,82,64.02025645,Advanced
55,83,9,6,89,60.58421763,Beginner
55,71,17,4,77,45.75403391,Professional
75,88,3,14,98,65.39073965,Beginner
59,83,7,9,94,49.05070517,Beginner
66,52,0,12,67,93.15881122,Professional
68,98,12,8,86,48.0766545,Intermediate
57,76,4,10,66,62.44884034,Professional
10,68,5,5,84,95.57989269,Advanced
63,96,8,6,79,93.38862578,Intermediate
24,72,4,3,80,96.25005879,Advanced
25,72,3,5,78,88.79754774,Advanced
70,78,7,6,81,89.9676364,Beginner
78,100,11,3,68,89.80062616,Intermediate
34,76,10,2,82,72.13224721,Advanced
69,62,3,10,69,96.16229901,Professional
67,66,2,9,71,100.4084352,Professional
75,69,5,6,69,85.2570041,Professional
64,56,6,8,74,89.99429811,Professional
43,71,13,4,74,91.93573937,Advanced
47,56,20,2,79,155.7520291,Beginner
52,90,6,11,96,66.7083606,Intermediate
23,73,1,9,75,69.25641444,Advanced
69,78,10,13,94,82.91966251,Beginner
79,69,1,9,67,113.7705699,Professional
64,66,6,1,70,105.7832618,Beginner
57,95,9,13,93,95.77171178,Intermediate
61,68,9,0,74,113.3351669,Beginner
45,84,14,9,61,110.1429114,Advanced
80,99,13,4,69,97.85657035,Intermediate
56,67,8,7,71,57.9364364,Professional
61,95,1,2,72,103.3302492,Intermediate
60,90,9,8,93,62.61416353,Intermediate
22,66,4,0,91,68.20577869,Advanced
36,77,6,10,65,96.77003073,Advanced
71,75,6,5,80,90.65827832,Beginner
64,78,10,9,91,80.56859653,Beginner
53,84,14,9,93,77.82872834,Beginner
68,77,9,3,75,76.71222078,Professional
79,50,1,12,63,92.68367868,Professional
71,96,7,3,70,103.38962,Intermediate
77,59,4,8,70,104.15224,Professional
91,100,13,0,56,101.9064689,Intermediate
63,68,11,4,77,78.51438761,Professional
81,70,3,7,82,81.24743527,Beginner
65,100,10,9,77,116.9658822,Intermediate
71,95,9,4,77,60.02695542,Intermediate
65,92,12,2,72,59.77579864,Professional
64,62,12,6,84,115.1252416,Beginner
72,95,16,11,84,91.07575736,Intermediate
62,100,8,6,83,63.50225153,Intermediate
78,67,7,7,81,109.0993832,Beginner
70,92,1,6,84,50.39132888,Beginner
57,73,11,6,87,88.10699133,Beginner
45,74,15,5,75,67.76208316,Advanced
76,57,5,8,70,97.57882762,Professional
46,71,15,5,76,58.09090461,Advanced
28,70,2,6,73,111.1308391,Advanced
39,72,11,4,75,96.21557042,Advanced
64,59,12,6,84,117.6870875,Beginner
73,85,2,10,92,54.44884649,Beginner
50,85,20,1,72,112.0638196,Advanced
51,82,11,3,78,65.78707167,Professional
51,78,15,9,64,64.46669759,Advanced
58,94,7,9,87,79.67862502,Intermediate
16,66,2,3,82,111.1692873,Advanced
52,79,10,4,84,79.65629485,Beginner
58,88,8,9,94,45.11793926,Beginner
19,59,1,3,90,57.32062951,Advanced
10,62,7,4,87,95.72003209,Advanced
69,81,8,4,73,79.8958302,Professional
33,72,10,1,81,100.6575607,Advanced
69,73,2,7,72,101.2878156,Professional
59,99,5,7,81,103.1444962,Intermediate
37,71,7,6,74,87.83546545,Advanced
72,100,10,5,72,103.606391,Intermediate
41,81,12,8,65,93.99405764,Advanced
58,86,3,2,84,53.43218656,Beginner
22,67,0,6,79,84.54454957,Advanced
59,75,12,6,84,99.51271838,Beginner
72,76,5,6,82,76.05815738,Beginner
54,67,12,3,84,99.34713884,Beginner
76,69,0,6,73,121.7303574,Professional
65,66,9,6,74,79.13818558,Professional
66,57,11,3,79,123.4418055,Beginner
79,100,12,5,67,119.9181633,Intermediate
29,72,2,8,71,91.99997038,Advanced
60,77,10,6,86,85.18981321,Beginner
71,80,7,13,97,52.7223794,Beginner
42,86,8,16,55,95.13199269,Advanced
67,64,7,5,82,88.78207128,Beginner
49,80,15,2,79,52.57864713,Professional
26,69,2,6,78,78.15494749,Advanced
20,62,3,8,82,45.93894065,Advanced
85,96,12,0,64,73.04031579,Intermediate
74,60,6,5,76,103.887638,Professional
72,99,7,1,67,87.25896113,Intermediate
69,75,5,5,83,73.35057755,Beginner
76,98,11,5,70,117.8948961,Intermediate
47,100,5,15,95,123.5336859,Intermediate
78,100,12,5,69,99.89402925,Intermediate
37,79,15,5,74,56.2880584,Professional
54,82,10,2,81,87.50639912,Beginner
70,97,9,5,76,89.23269182,Intermediate
18,75,1,8,72,105.1315772,Advanced
54,67,10,5,78,71.26027678,Professional
49,81,17,6,65,110.5579069,Advanced
73,75,4,11,93,52.74934622,Beginner
74,95,7,1,70,68.46403214,Intermediate
25,60,1,2,88,60.64007554,Advanced
65,97,3,1,67,115.9343466,Intermediate
65,82,9,2,78,85.94987792,Professional
56,54,7,12,67,60.53251005,Professional
33,73,6,8,72,81.21422867,Advanced
60,72,13,2,78,64.5253201,Professional
70,68,7,4,77,97.58399634,Professional
44,59,13,8,75,46.35585076,Professional
66,50,0,14,64,88.87010595,Professional
57,94,4,7,83,97.43348571,Intermediate
71,88,8,2,75,91.86457064,Professional
37,82,8,11,61,102.8397997,Advanced
31,62,5,3,88,46.73457458,Advanced
65,60,11,2,77,125.5433259,Beginner
36,62,8,3,85,53.44034,Advanced
77,71,6,9,87,84.14493371,Beginner
86,83,4,9,89,76.96994963,Beginner
69,64,3,2,82,59.97947401,Beginner
37,75,10,6,71,99.59373453,Advanced
17,62,3,4,98,100.5327185,Advanced
95,72,4,9,84,46.39184844,Beginner
36,71,9,5,77,68.65687184,Advanced
64,68,5,1,80,73.75064637,Beginner
30,72,6,4,75,122.3338078,Advanced
84,94,12,0,61,74.73409079,Intermediate
68,82,5,5,83,65.34215905,Beginner
56,74,9,7,71,61.41705624,Professional
70,61,2,1,72,83.03555532,Beginner
39,72,10,6,73,84.31491466,Advanced
67,80,8,10,92,63.68174469,Beginner
39,77,13,6,75,57.38977754,Advanced
59,63,11,1,77,117.0649403,Beginner
68,96,16,12,94,54.69405745,Intermediate
62,79,16,13,96,105.2586695,Beginner
21,66,2,6,79,71.63085898,Advanced
54,75,7,1,75,77.98431785,Beginner
84,59,8,7,76,139.5595099,Beginner
62,82,3,3,83,45.13283164,Beginner
71,78,3,6,85,52.69024034,Beginner
67,94,8,2,73,79.34987246,Professional
49,82,11,6,88,72.72316085,Advanced
29,75,1,12,64,96.38716227,Advanced
88,76,10,0,77,102.3545755,Professional
52,90,2,7,88,77.31668049,Intermediate
58,60,9,0,80,90.09769298,Beginner
61,92,4,4,81,62.65538037,Intermediate
73,63,9,1,69,144.8817958,Beginner
31,76,6,8,72,75.12816718,Advanced
50,89,1,7,89,69.31328798,Intermediate
54,88,11,11,100,64.44073024,Intermediate
56,80,13,3,77,66.63642664,Professional
83,62,5,5,73,97.93039627,Professional
59,82,4,3,86,51.56697492,Professional
47,87,12,7,93,57.21184898,Beginner
82,97,11,2,66,85.76663991,Intermediate
85,63,6,8,82,103.6708268,Beginner
73,71,12,11,88,110.9489286,Beginner
70,76,0,0,76,50.57700308,Beginner
62,64,7,1,79,90.37073998,Beginner
35,69,7,5,77,85.97697194,Advanced
38,82,9,11,64,75.28135711,Advanced
39,94,18,3,75,70.44025104,Professional
57,75,8,1,80,77.44574014,Beginner
31,72,3,9,70,80.91528667,Advanced
16,64,0,2,92,55.41049747,Advanced
77,92,6,1,65,59.54415197,Intermediate
77,76,5,6,78,96.80733261,Beginner
61,96,9,11,89,90.22900021,Intermediate
55,78,20,5,68,87.91181825,Advanced
64,81,3,5,88,56.01933191,Beginner
76,66,11,0,81,92.65718006,Professional
68,69,7,8,90,72.56516305,Beginner
75,96,11,5,76,61.0296133,Intermediate
70,76,1,1,77,53.17812156,Beginner
25,73,2,6,76,89.41748093,Advanced
54,73,17,6,83,130.9804728,Beginner
80,70,7,4,74,100.4157384,Professional
68,66,8,3,77,106.3383216,Beginner
71,95,6,2,73,69.64397867,Intermediate
80,63,6,6,77,114.4047838,Beginner
73,100,8,2,68,100.7930676,Intermediate
60,100,9,11,89,74.5868336,Intermediate
66,100,9,8,80,99.303879,Intermediate
63,71,5,8,70,82.4642257,Professional
87,68,1,9,85,71.20611416,Beginner
51,92,7,12,96,77.29462855,Intermediate
59,90,5,3,75,94.44476806,Professional
29,76,12,0,87,82.55188268,Advanced
95,89,8,1,77,119.4204386,Professional
40,73,17,1,86,81.68589485,Advanced
23,78,3,6,75,94.54119854,Advanced
68,96,8,7,78,97.73228593,Intermediate
75,100,16,10,79,96.14872994,Intermediate
43,74,15,4,78,50.65816808,Advanced
54,100,10,16,98,86.53969723,Intermediate
63,80,10,5,71,59.8366741,Professional
62,59,8,6,76,79.75193184,Professional
80,100,11,3,65,110.325348,Intermediate
59,52,4,10,72,81.70844778,Professional
58,84,18,1,83,57.81081736,Professional
68,78,0,4,86,63.02071722,Beginner
25,65,1,5,82,67.71505893,Advanced
66,91,5,1,76,52.76316141,Intermediate
96,50,2,9,68,139.138191,Professional
64,68,4,8,71,85.45623262,Professional
72,62,1,8,73,120.2689885,Professional
77,82,3,4,83,68.96071308,Beginner
65,66,18,12,90,139.6573142,Beginner
67,75,8,6,71,73.52934837,Professional
53,92,8,10,96,47.95699984,Intermediate
42,92,4,12,100,59.38967292,Intermediate
67,98,6,4,67,150.9026844,Intermediate
67,87,12,4,69,58.80362592,Professional
55,74,14,7,89,94.47731478,Beginner
76,74,3,4,81,66.7086125,Beginner
84,95,14,4,72,55.32903427,Intermediate
77,95,11,3,73,57.33056522,Intermediate
57,68,8,0,76,92.57906335,Beginner
64,99,10,8,84,64.82726811,Intermediate
78,100,9,2,65,94.75435222,Intermediate
46,75,14,7,71,54.03507875,Advanced
35,78,10,7,73,68.58304832,Advanced
45,75,15,5,73,80.91231642,Advanced
46,87,5,9,100,72.93738057,Intermediate
73,63,4,8,70,97.2004713,Professional
60,81,6,3,84,55.06986378,Beginner
77,100,4,1,60,99.28849365,Intermediate
60,95,5,6,81,93.72353462,Intermediate
69,78,9,3,75,83.2917803,Professional
70,64,6,4,81,90.51641553,Beginner
68,73,6,7,71,85.05651187,Professional
61,71,11,5,84,102.3627611,Beginner
52,69,17,6,85,124.6324317,Beginner
71,68,0,1,77,56.64043967,Beginner
61,95,7,6,83,75.45483356,Intermediate
70,64,6,6,73,88.43945384,Professional
55,99,4,9,85,98.5016351,Intermediate
63,95,2,2,71,104.9123637,Intermediate
73,95,9,1,72,61.11922395,Intermediate
36,82,13,5,74,82.960871,Intermediate
70,97,5,1,71,65.30654435,Intermediate
69,55,3,11,71,122.299336,Professional
40,76,12,5,72,88.56235093,Advanced
80,69,0,9,67,104.7715889,Professional
39,74,9,9,70,67.24641765,Advanced
72,79,6,9,88,68.56374791,Beginner
45,68,15,3,81,53.72197669,Advanced
21,71,4,2,88,64.88288358,Advanced
54,65,2,11,68,76.27844014,Professional
36,74,11,4,76,87.78785578,Advanced
46,72,20,5,84,140.0882289,Beginner
29,73,0,11,65,107.661813,Advanced
65,94,14,8,86,46.27026716,Intermediate
30,77,8,6,78,55.57079271,Advanced
53,87,4,5,86,62.42200874,Intermediate
85,70,3,3,76,125.1887341,Professional
56,77,11,6,88,79.63012223,Beginner
53,87,15,13,55,120.4503681,Advanced
16,63,0,0,95,62.92230816,Advanced
71,77,10,10,85,104.8454935,Beginner
89,100,15,5,62,125.3580684,Intermediate
72,75,7,4,74,89.50410981,Professional
71,100,12,8,78,90.47407675,Intermediate
64,68,13,8,86,112.6743069,Beginner
60,91,20,10,55,108.423627,Advanced
52,70,16,4,70,99.0391153,Advanced
33,65,9,0,85,97.87848484,Advanced
56,94,7,8,88,79.23759178,Intermediate
69,100,1,1,60,123.4206344,Intermediate
34,71,13,0,87,62.48954047,Advanced
84,98,10,3,61,46.56626733,Intermediate
28,68,10,2,92,90.35074464,Advanced
61,81,8,4,83,74.05699739,Beginner
38,76,11,5,73,92.79146701,Advanced
74,57,3,7,74,107.7306864,Professional
34,75,4,10,67,87.39759733,Advanced
53,95,17,0,78,46.2447407,Professional
76,79,2,11,92,47.48289685,Beginner
59,98,7,9,83,107.2534782,Intermediate
46,75,20,1,82,53.09244958,Professional
87,100,11,2,62,113.0979892,Intermediate
50,76,17,4,75,52.83639491,Professional
67,70,14,0,83,91.01501392,Professional
62,98,4,5,79,80.89520087,Intermediate
58,71,6,0,76,79.18043196,Beginner
55,77,18,0,84,59.81787262,Professional
38,70,14,0,88,47.70032554,Advanced
75,88,4,5,70,101.0578459,Professional
66,98,5,3,76,65.3818569,Intermediate
68,62,8,3,79,108.0277668,Beginner
66,96,4,8,56,75.7346024,Intermediate
49,78,13,6,90,80.11401649,Beginner
67,75,2,5,75,106.7772338,Professional
69,78,10,3,74,72.47866936,Professional
74,66,1,9,67,87.6923512,Professional
44,87,12,12,55,116.6978677,Advanced
32,74,7,6,74,85.5717517,Advanced
76,96,13,6,78,54.41195591,Intermediate
70,100,9,8,76,110.2268831,Intermediate
61,74,11,7,87,87.97552269,Beginner
68,100,9,6,73,116.6442064,Intermediate
32,75,5,9,71,70.86177317,Advanced
71,100,10,7,75,97.70791882,Intermediate
24,66,1,5,81,73.67733316,Advanced
48,80,17,8,93,92.44572627,Beginner
74,63,2,11,66,97.37964817,Professional
60,91,9,10,92,55.97812006,Intermediate
74,86,9,2,78,96.88459128,Professional
70,72,7,4,76,95.70989327,Professional
31,68,6,4,81,74.30247975,Advanced
63,67,2,4,70,74.92560378,Beginner
58,73,7,7,71,72.87960397,Professional
74,84,2,8,88,45.83497905,Beginner
69,62,8,6,85,90.92709473,Beginner
69,99,17,13,91,74.13632458,Intermediate
50,50,2,15,66,69.37828054,Professional
33,61,11,2,95,55.77144112,Advanced
78,92,4,3,61,71.94237906,Intermediate
59,73,20,4,68,89.22243126,Advanced
57,67,11,2,81,105.4135096,Beginner
71,70,7,5,75,94.3884503,Professional
25,81,3,10,67,102.079391,Advanced
74,95,5,2,60,91.9354318,Intermediate
74,96,3,2,61,86.30073724,Intermediate
60,81,7,11,99,53.64247652,Beginner
70,74,3,4,81,64.0845336,Beginner
57,68,16,8,88,119.5355785,Beginner
52,81,17,1,82,58.59039614,Professional
72,67,7,6,82,95.50312253,Beginner
66,75,8,5,74,85.07220359,Professional
69,98,14,10,86,72.88561103,Intermediate
60,81,6,5,77,98.24179128,Professional
70,74,4,10,96,56.63888626,Beginner
73,99,8,3,72,73.65565174,Intermediate
51,83,7,4,90,50.10312673,Beginner
60,99,4,6,76,130.9947313,Intermediate
29,64,10,4,96,76.13633751,Advanced
58,98,7,7,87,63.39691317,Intermediate
28,60,4,0,89,78.65872464,Advanced
75,80,7,11,88,81.14972391,Intermediate
64,95,1,0,69,91.37098733,Intermediate
73,77,4,7,70,96.38996034,Professional
35,72,8,7,75,62.81211018,Advanced
28,72,2,9,71,84.87489986,Advanced
22,63,3,0,93,71.31048994,Advanced
69,58,14,4,77,69.03819776,Professional
16,57,2,1,93,56.95517104,Advanced
63,64,4,3,70,89.38161925,Beginner
66,93,5,3,78,48.81351733,Intermediate
46,74,12,2,88,67.33831529,Beginner
50,55,7,11,70,59.69945093,Professional
54,84,9,8,95,48.83532033,Beginner
41,69,12,3,77,89.85139597,Advanced
66,78,9,9,88,80.81774256,Beginner
55,78,9,7,69,50.27363185,Advanced
25,74,8,3,80,81.39350338,Advanced
53,71,8,3,85,73.19859706,Beginner
79,99,16,8,77,81.99618552,Intermediate
65,75,6,5,75,92.93904787,Professional
67,69,8,4,81,93.93391574,Beginner
36,73,9,7,75,61.64557271,Advanced
69,54,5,10,67,74.02027187,Professional
34,72,12,1,86,59.02632146,Advanced
53,99,6,12,90,116.063919,Intermediate
63,71,13,8,86,113.0434966,Beginner
42,71,10,7,72,65.99117684,Advanced
44,75,11,8,66,83.35090115,Advanced
53,87,2,3,86,46.28448762,Intermediate
17,70,1,7,81,74.29137982,Advanced
27,60,6,1,96,50.45853859,Advanced
56,96,8,12,90,105.3764176,Intermediate
30,65,8,0,88,89.38840126,Advanced
53,97,12,16,100,65.960703,Intermediate
47,81,16,7,67,81.23126906,Advanced
66,84,1,5,86,60.91705527,Beginner
61,60,11,0,75,122.1746977,Beginner
60,68,9,3,81,95.45243472,Beginner
60,57,0,10,72,95.50564669,Professional
68,84,5,4,75,97.94698343,Professional
60,94,6,7,83,79.998154,Intermediate
48,82,13,2,83,88.40266454,Beginner
66,65,2,10,66,78.68323088,Professional
73,81,3,10,94,56.46795809,Beginner
65,82,4,5,73,92.61081383,Professional
42,78,8,12,61,77.56525734,Advanced
30,66,5,4,82,71.60650343,Advanced
47,93,6,13,99,82.65497057,Intermediate
83,79,8,3,70,87.33437375,Professional
61,73,6,6,75,89.0880604,Professional
70,80,8,15,100,47.60382641,Beginner
59,83,4,1,80,52.79940396,Beginner
71,76,10,3,74,79.63670346,Professional
39,70,10,5,76,75.3869263,Advanced
56,98,13,16,100,71.4541713,Intermediate
18,52,1,0,98,60.78344758,Advanced
43,68,12,4,76,84.41044394,Advanced
31,69,9,2,87,46.48034987,Advanced
77,83,14,1,80,87.01416285,Professional
69,94,9,4,80,52.7975068,Intermediate
15,74,1,5,82,94.05385624,Advanced
71,100,5,0,66,84.5017864,Intermediate
54,96,4,7,86,77.76223258,Intermediate
69,73,4,3,80,69.28916896,Beginner
67,78,12,3,74,71.85137316,Professional
64,99,14,15,90,112.0525849,Intermediate
63,60,11,4,78,77.94330839,Professional
70,71,4,7,69,83.11489396,Professional
56,91,4,8,87,87.72923033,Intermediate
58,64,12,5,76,65.7494135,Professional
68,97,8,4,72,106.6782017,Intermediate
57,96,0,2,74,93.83139243,Intermediate
52,78,9,6,73,61.2493919,Professional
79,100,7,0,60,115.5631876,Intermediate
62,95,3,3,76,92.17834709,Intermediate
59,76,16,2,78,61.93192097,Professional
60,99,4,3,77,77.02508816,Intermediate
72,73,3,7,70,98.20239823,Professional
62,93,10,9,83,92.29497282,Intermediate
51,80,6,3,74,71.48483971,Beginner
55,99,6,6,81,81.04762484,Intermediate
73,59,3,9,69,91.16428594,Professional
19,67,3,9,75,81.00169557,Advanced
46,92,5,11,99,50.91171674,Intermediate
25,72,11,3,93,84.65226702,Advanced
37,77,9,7,71,88.51043354,Advanced
83,88,4,9,90,82.99014191,Beginner
65,93,5,2,77,61.97135474,Intermediate
64,77,4,6,72,87.87070482,Professional
36,83,1,9,100,53.21539997,Intermediate
59,100,0,3,68,142.4435482,Intermediate
54,71,8,1,76,83.55749129,Beginner
48,67,15,0,77,123.0984555,Beginner
66,97,6,5,77,79.82171126,Intermediate
61,98,5,5,80,73.55800538,Intermediate
57,79,5,3,86,45.76553746,Beginner
27,64,3,3,83,79.38958764,Advanced
62,73,11,4,76,78.74114586,Professional
61,80,5,5,86,51.18814645,Beginner
47,80,15,8,65,88.676726,Advanced
12,63,3,2,90,84.52102586,Advanced
70,93,5,4,72,104.3764515,Intermediate
76,76,6,5,72,97.54996548,Professional
76,72,8,4,73,92.08889606,Professional
69,69,14,2,77,72.84417884,Professional
56,72,10,3,83,86.84809817,Beginner
60,81,15,2,78,63.75849878,Professional
74,77,4,7,68,92.10565821,Professional
80,66,9,2,77,100.3075874,Professional
71,86,4,8,87,56.81030022,Beginner
68,76,11,11,92,93.40162522,Beginner
75,69,10,11,89,100.8646033,Beginner
75,84,12,0,77,86.48786981,Professional
35,67,6,4,79,84.33250652,Advanced
84,99,14,4,69,82.48287148,Intermediate
44,75,17,4,87,102.0434349,Beginner
97,80,2,14,90,47.47694472,Beginner
81,97,10,3,64,121.9152259,Intermediate
60,81,12,5,72,58.05835183,Professional
25,63,3,0,87,95.42540868,Advanced
55,90,4,6,88,52.95062235,Intermediate
30,69,7,2,82,98.0373731,Advanced
70,82,2,10,95,70.0676866,Beginner
73,95,8,1,71,69.00789282,Intermediate
56,63,16,5,84,128.5901908,Beginner
67,63,7,9,67,66.71938456,Professional
72,99,9,6,72,113.9480005,Intermediate
72,61,0,9,72,112.7121805,Professional
34,72,9,4,79,71.32666493,Advanced
71,90,12,0,79,88.26624834,Professional
67,65,8,3,78,100.0976896,Beginner
36,73,3,13,62,84.56402187,Advanced
58,74,8,5,75,74.68912705,Professional
66,83,1,5,88,61.60887584,Beginner
15,66,3,6,84,65.92134022,Advanced
32,70,7,5,82,46.67092118,Advanced
75,70,7,9,87,86.83082502,Beginner
52,59,18,2,78,151.0463273,Beginner
68,100,7,4,71,105.7083949,Intermediate
39,84,8,12,56,119.0418748,Advanced
80,78,9,15,92,94.76399968,Intermediate
67,80,9,11,92,73.4666893,Beginner
34,84,8,10,63,104.8477259,Advanced
67,97,14,15,91,99.29549137,Intermediate
36,72,8,5,73,95.98670253,Advanced
44,67,15,0,80,113.5012175,Beginner
60,72,12,7,88,94.13480503,Beginner
46,88,15,3,77,50.56008776,Professional
75,84,4,9,87,65.14891407,Beginner
63,66,10,2,77,111.8158715,Beginner
71,100,11,6,75,93.61632243,Intermediate
59,91,4,4,79,88.83138056,Intermediate
52,98,8,14,94,106.4045832,Intermediate
48,88,0,6,90,64.54395618,Intermediate
80,66,5,9,86,83.36600559,Beginner
85,72,0,7,82,59.97136818,Beginner
67,78,3,3,82,55.82265912,Beginner
86,69,2,9,84,75.38065992,Beginner
42,75,9,10,64,88.21084286,Advanced
69,100,13,12,84,113.4371487,Intermediate
70,75,5,6,73,96.46566194,Professional
74,77,11,2,76,82.59768928,Professional
83,100,14,5,66,112.735804,Intermediate
31,71,2,10,68,95.28655375,Advanced
71,68,3,5,77,118.1707178,Professional
35,72,10,3,81,65.1834974,Advanced
21,64,1,2,86,93.99221037,Advanced
64,96,0,1,64,108.6056153,Intermediate
38,73,10,6,74,78.17190402,Advanced
58,100,5,8,83,95.64267273,Intermediate
73,72,7,5,80,97.33218091,Beginner
75,93,3,2,62,78.76059104,Intermediate
11,69,0,0,92,95.51780899,Advanced
70,64,8,4,80,105.0350646,Beginner
61,85,6,4,75,91.5882349,Professional
26,61,7,3,97,76.94985754,Advanced
44,65,18,6,92,103.836435,Beginner
57,85,19,0,80,48.7235284,Professional
38,81,9,11,64,79.87339973,Advanced
68,70,2,0,74,71.69393024,Beginner
18,69,3,0,91,74.31017656,Advanced
75,98,13,6,73,110.8914279,Intermediate
69,99,3,1,67,93.19263496,Intermediate
69,95,10,7,86,53.69759545,Intermediate
58,81,9,10,98,46.31091246,Beginner
51,76,11,13,55,84.96423083,Advanced
50,80,14,10,61,88.27994032,Advanced
62,94,3,0,74,66.49195349,Intermediate
64,80,11,1,80,87.75722981,Professional
65,74,9,5,83,90.60020155,Beginner
62,94,4,4,76,103.0478947,Intermediate
31,72,8,2,79,106.1094997,Advanced
62,96,4,3,74,101.7571371,Intermediate
72,60,0,10,70,111.737364,Professional
79,92,2,11,94,86.4270016,Beginner
40,70,12,4,82,50.42592101,Advanced
64,73,6,7,91,50.97349768,Beginner
66,95,2,0,69,79.98284409,Intermediate
52,72,17,5,73,59.3466814,Advanced
62,72,7,8,90,68.15576989,Beginner
31,71,3,9,73,71.5865918,Advanced
85,100,13,1,61,90.87088849,Intermediate
57,82,8,5,74,77.95103362,Professional
60,69,10,6,72,57.52873178,Professional
67,74,3,4,84,52.161094,Beginner
63,67,12,7,85,106.8138511,Beginner
64,80,5,6,88,49.66933682,Beginner
40,78,18,0,83,65.96506844,Advanced
66,74,10,7,84,101.6752397,Beginner
47,88,6,10,97,54.57194902,Intermediate
71,70,8,4,76,91.75967321,Professional
34,76,13,0,83,83.94356951,Advanced
63,75,4,8,68,75.39602694,Professional
78,100,9,2,60,144.7496834,Intermediate
68,60,9,6,72,68.17440271,Professional
68,94,11,8,85,65.58559069,Intermediate
54,88,14,16,55,101.65966,Advanced
27,66,4,4,85,58.29442514,Advanced
25,74,7,3,83,75.94277784,Advanced
76,92,9,1,73,46.38871889,Intermediate
48,74,13,9,65,83.38281094,Advanced
73,94,6,1,71,76.03630057,Intermediate
75,100,11,4,71,92.01833542,Intermediate
52,62,15,4,85,112.7765185,Beginner
33,75,8,7,75,66.73636119,Advanced
67,71,6,6,87,66.61648205,Beginner
52,99,7,10,91,81.69534804,Intermediate
17,60,0,1,94,54.34450119,Advanced
70,56,7,1,75,114.4186035,Beginner
66,94,3,0,72,74.39667997,Intermediate
47,84,15,3,77,47.57593447,Professional
45,76,11,9,70,47.49410496,Professional
61,68,1,3,74,58.89127193,Beginner
23,69,3,10,70,92.58793685,Advanced
39,91,7,15,100,60.44940925,Intermediate
79,74,3,11,92,46.46636319,Beginner
46,72,14,6,75,49.03534232,Advanced
63,94,4,0,77,63.4278258,Intermediate
69,62,4,1,71,96.85404616,Beginner
45,86,2,8,94,70.37351554,Intermediate
83,89,10,1,63,73.23661231,Intermediate
41,75,11,9,70,51.72084541,Professional
57,67,10,3,82,93.99233663,Beginner
31,70,6,6,78,64.77847924,Advanced
38,67,8,5,74,94.86774138,Advanced
25,75,2,8,73,89.87795968,Advanced
61,72,13,5,83,112.8624846,Beginner
61,70,10,7,71,62.48455433,Professional
65,79,5,5,86,57.6555692,Beginner
65,74,11,8,87,99.15023317,Beginner
58,67,8,7,73,73.66614786,Professional
44,68,8,9,69,68.64164569,Advanced
67,94,9,4,80,48.24850144,Intermediate
65,100,4,5,69,148.9130406,Intermediate
68,75,6,7,88,65.25027637,Beginner
67,51,14,4,77,150.8816364,Beginner
53,82,8,2,84,64.06805102,Beginner
37,75,5,11,61,102.7924593,Advanced
60,92,8,7,86,72.23171219,Intermediate
56,79,8,6,72,64.95563624,Professional
10,66,3,1,92,88.43487604,Advanced
19,68,1,3,87,67.45055464,Advanced
67,98,4,4,69,133.0179284,Intermediate
26,74,9,0,86,81.09072046,Advanced
56,92,9,8,91,48.69937673,Intermediate
41,67,9,8,67,87.17965504,Advanced
62,74,8,7,90,66.72754248,Beginner
84,81,2,11,92,73.20088732,Beginner
59,78,7,5,88,60.00399319,Beginner
61,95,5,6,83,67.97842465,Intermediate
69,73,3,4,84,54.42731771,Beginner
35,80,10,6,70,96.66019777,Advanced
66,84,7,4,72,81.86445477,Professional
44,97,20,1,82,64.26225484,Professional
63,68,11,6,84,107.4503245,Beginner
57,82,11,3,77,71.24133237,Professional
54,66,5,11,67,66.80910394,Professional
79,100,3,3,55,126.2857277,Intermediate
75,52,5,0,69,119.3269966,Beginner
78,67,9,5,75,134.3162204,Beginner
46,73,13,1,82,94.62631425,Beginner
87,70,0,8,84,58.62911785,Beginner
85,100,11,0,60,79.90021805,Intermediate
64,95,10,7,86,46.78591809,Intermediate
59,64,4,8,72,83.28978593,Professional
60,68,8,5,88,73.63575424,Advanced
60,79,8,7,69,62.48986777,Beginner
80,100,8,3,62,123.4358938,Intermediate
68,94,9,3,79,45.47994268,Intermediate
82,94,14,1,74,83.61729619,Intermediate
57,87,15,18,100,80.36559476,Beginner
70,94,12,5,81,56.68928366,Intermediate
53,63,6,8,73,79.58083285,Professional
26,77,0,13,64,85.8545922,Advanced
24,67,5,0,87,89.03089752,Advanced
88,50,4,11,68,138.4157397,Professional
63,81,15,2,74,53.04933837,Professional
44,76,13,7,69,85.20653186,Advanced
60,87,9,4,73,70.07798465,Professional
68,50,1,10,74,114.5400128,Professional
39,87,12,9,62,109.6075219,Advanced
58,97,1,0,69,88.79101713,Intermediate
35,69,9,3,81,69.22655817,Advanced
60,68,8,5,78,87.04631025,Professional
25,74,5,7,75,68.17728911,Advanced
35,66,10,1,87,58.52715843,Advanced
76,67,0,10,66,104.7708343,Professional
70,96,11,8,82,71.78210145,Intermediate
55,83,6,8,98,67.70446605,Beginner
59,76,13,11,94,84.3079222,Beginner
27,71,4,4,76,119.047901,Advanced
52,81,7,4,91,56.9381455,Beginner
21,73,0,8,71,115.2375842,Advanced
69,75,7,9,87,78.12517582,Beginner
67,66,11,6,82,113.077828,Beginner
29,69,5,4,79,95.92845322,Intermediate
67,69,1,8,71,102.80637,Professional
77,73,2,5,81,67.42899793,Beginner
62,65,4,10,67,75.51773526,Professional
86,99,8,0,56,117.8739724,Intermediate
54,94,3,5,84,69.83598198,Intermediate
63,90,3,2,77,62.02021319,Intermediate
71,73,6,6,71,88.40256599,Professional
61,91,3,4,78,84.17194156,Intermediate
62,100,8,10,83,110.1390358,Intermediate
77,97,11,3,74,58.90051016,Intermediate
77,73,10,13,89,103.0313585,Beginner
42,69,13,0,82,87.28760336,Beginner
54,93,9,12,99,46.37336431,Intermediate
54,94,18,1,82,56.10397973,Professional
51,65,12,6,76,59.25632822,Professional
56,64,19,9,89,137.1837192,Beginner
45,74,13,6,71,78.13102502,Advanced
35,66,10,1,86,62.57005129,Advanced
50,68,14,2,82,107.5686166,Beginner
71,99,7,2,71,81.57249576,Intermediate
74,97,12,3,74,62.52092251,Intermediate
42,68,11,5,78,51.09633546,Advanced
58,62,14,6,73,48.12804824,Professional
67,50,16,2,72,180.4174287,Beginner
82,96,8,2,62,49.62597688,Intermediate
62,81,14,0,80,70.44681456,Professional
73,100,14,8,81,64.07838113,Intermediate
67,68,8,2,76,109.1446934,Beginner
33,73,7,7,78,55.21988417,Advanced
55,73,18,7,69,51.16817556,Advanced
54,79,11,8,95,58.91653109,Beginner
27,64,3,2,83,100.9605289,Advanced
58,70,7,6,75,84.46647844,Professional
30,95,1,15,100,72.82104754,Intermediate
49,77,9,7,72,49.17676794,Professional
66,80,13,12,93,96.21936226,Beginner
34,79,7,9,68,85.59972657,Advanced
74,97,5,1,67,52.26306061,Intermediate
66,68,9,5,81,103.73231,Beginner
60,100,6,7,83,67.80131886,Intermediate
78,59,1,7,72,111.3512122,Professional
35,74,9,5,76,74.79535862,Advanced
34,75,6,8,69,93.52928123,Advanced
60,95,9,10,87,88.55805305,Intermediate
70,87,5,13,98,53.81340713,Beginner
71,77,3,5,73,99.66194273,Professional
58,69,11,5,75,65.37848045,Professional
66,86,5,7,68,85.69537657,Professional
65,98,5,4,73,106.9982664,Intermediate
32,75,3,11,66,79.94839889,Advanced
49,97,14,19,100,54.59415451,Intermediate
40,83,13,8,67,86.5133077,Advanced
58,65,9,0,78,94.62435316,Beginner
52,89,20,0,79,53.9848353,Professional
51,87,13,17,55,64.58678251,Advanced
71,97,10,3,79,56.74973048,Intermediate
68,85,3,7,89,53.9371571,Beginner
40,64,10,3,83,47.81763297,Advanced
77,100,6,1,62,86.5299733,Intermediate
79,100,7,2,62,120.9335713,Intermediate
14,67,3,2,97,91.53414013,Advanced
62,100,8,6,78,88.97583587,Intermediate
50,62,5,10,73,75.57748973,Professional
65,75,4,0,73,79.21791944,Beginner
62,94,10,8,86,71.17667099,Intermediate
55,65,10,4,80,77.99277753,Professional
75,100,10,5,73,86.01336169,Intermediate
70,63,7,7,71,82.67171922,Professional
63,76,6,6,88,57.389102,Beginner
41,82,15,8,60,118.9308644,Advanced
73,69,5,8,68,86.25073694,Professional
69,67,8,6,86,84.57143526,Beginner
57,100,2,3,75,101.748727,Intermediate
58,70,10,4,84,89.85711663,Beginner
64,97,3,1,72,90.50750168,Intermediate
73,100,6,1,65,111.4599416,Intermediate
40,81,8,12,59,90.14793581,Advanced
72,82,2,10,94,60.99479506,Beginner
41,77,10,9,66,88.23521767,Advanced
59,71,16,9,90,113.1475812,Beginner
69,76,6,5,75,98.95957514,Professional
60,90,4,8,93,62.27354814,Beginner
44,77,15,5,72,75.83472512,Advanced
19,65,0,4,84,75.67716691,Advanced
65,61,6,3,67,114.2634639,Beginner
51,96,11,3,73,62.20111474,Professional
51,78,16,8,63,84.85741154,Advanced
59,88,2,2,80,61.02406878,Intermediate
53,95,4,8,88,71.9316124,Intermediate
71,98,14,10,85,70.05915032,Intermediate
72,96,10,4,76,59.2239051,Intermediate
52,88,0,3,87,45.95305928,Intermediate
62,81,2,4,87,62.2154127,Beginner
35,65,9,2,83,72.0819241,Advanced
71,93,5,0,74,62.1870739,Intermediate
64,74,11,9,89,88.06885355,Beginner
31,58,7,1,95,54.4955271,Advanced
36,79,7,9,63,111.637858,Advanced
61,100,3,4,76,89.87921289,Intermediate
24,61,4,0,94,68.62656774,Advanced
68,70,7,4,79,96.25180099,Beginner
15,58,2,1,93,70.57196255,Advanced
92,59,6,2,77,120.6467379,Professional
59,72,10,6,87,83.3569252,Beginner
30,73,5,7,75,68.69268343,Beginner
58,77,8,6,73,74.7569939,Professional
62,80,11,7,90,76.54536435,Beginner
36,77,16,2,87,87.74437046,Beginner
80,60,1,8,69,104.9196386,Professional
54,67,12,1,79,106.4103261,Beginner
67,100,10,8,78,106.8910112,Intermediate
50,74,10,5,79,73.96401331,Professional
61,65,6,1,74,87.21779769,Beginner
38,70,14,1,90,73.00440958,Advanced
76,65,1,9,68,107.0612377,Professional
83,100,13,4,65,104.8011211,Intermediate
77,95,12,2,73,47.8791331,Intermediate
42,64,9,11,68,45.4438434,Professional
68,77,8,3,76,86.24155503,Professional
61,100,7,7,81,88.01437134,Intermediate
55,73,15,7,88,102.3293996,Beginner
45,71,11,8,68,79.21751591,Advanced
72,71,5,8,66,81.25845029,Professional
76,73,5,10,91,65.09474183,Beginner
10,53,3,2,100,51.72674054,Advanced
74,92,11,0,77,86.2066164,Professional
55,100,4,5,82,71.94735437,Intermediate
50,85,12,3,78,59.8097408,Beginner
80,98,7,0,60,98.30370274,Intermediate
92,100,9,2,55,113.7509042,Intermediate
77,100,17,10,77,108.5326529,Intermediate
44,91,1,5,91,53.07048461,Intermediate
29,66,9,2,94,68.99169873,Advanced
70,71,5,5,84,72.20674481,Beginner
45,78,15,7,70,70.83448764,Advanced
65,92,7,5,83,58.5536283,Intermediate
52,89,2,5,87,51.9050537,Intermediate
67,95,11,8,83,83.00952794,Intermediate
75,81,4,11,91,51.84435954,Beginner
64,80,9,5,71,67.24062966,Professional
63,88,5,7,67,69.34908966,Professional
26,65,0,6,79,75.04536227,Advanced
42,72,11,6,72,76.78897564,Advanced
69,62,6,8,71,90.36246765,Beginner
69,79,7,10,91,69.00760544,Beginner
75,86,2,12,95,60.94619192,Beginner
58,58,6,8,75,85.95290193,Professional
47,76,13,9,64,82.63358434,Intermediate
77,91,10,0,70,51.15714341,Intermediate
59,56,10,0,76,114.258926,Beginner
43,78,11,11,67,45.06930742,Advanced
21,62,2,0,93,85.08652103,Advanced
49,59,4,11,68,74.77071284,Professional
56,84,9,5,73,63.88924874,Professional
55,87,12,0,81,78.22366678,Professional
56,95,2,5,81,83.98466601,Intermediate
66,78,8,3,73,77.44258733,Professional
66,79,11,3,73,63.90727085,Professional
69,87,10,3,72,69.51291184,Professional
67,69,2,7,73,96.24085695,Professional
75,98,15,8,77,91.07002844,Intermediate
37,76,8,8,66,106.3102735,Advanced
61,77,8,6,73,76.06972004,Professional
69,72,2,8,70,94.17768083,Professional
59,99,2,2,78,63.6822912,Intermediate
64,63,2,8,73,101.0495705,Professional
67,59,7,5,77,97.32404509,Professional
27,64,7,0,93,61.15132194,Advanced
54,80,3,3,74,50.22376006,Beginner
15,76,0,5,76,124.3866276,Advanced
75,68,6,6,82,92.03305281,Beginner
59,97,5,6,83,74.11085749,Intermediate
55,76,12,5,86,90.91842116,Beginner
41,95,7,17,100,99.01741039,Intermediate
17,57,2,4,100,68.40556449,Advanced
38,76,11,5,74,87.23684466,Advanced
92,96,9,1,57,94.70450741,Intermediate
69,55,11,2,74,142.590134,Beginner
30,79,14,2,94,50.81253227,Beginner
66,97,9,7,81,75.94287234,Intermediate
59,91,10,7,86,53.10852887,Intermediate
30,78,4,9,66,116.0659248,Advanced
69,97,8,3,75,67.07457398,Intermediate
73,69,6,5,71,81.89063836,Professional
67,73,3,8,68,82.93146568,Professional
64,62,5,7,75,92.98930247,Professional
21,64,0,6,84,55.71077103,Advanced
44,68,5,13,59,84.46133854,Advanced
76,77,2,4,83,60.24556695,Beginner
56,77,4,9,70,76.35761194,Professional
58,93,4,4,82,67.61422726,Intermediate
48,78,15,7,64,105.443107,Advanced
53,82,6,4,78,84.94998714,Professional
72,59,3,8,72,107.9932113,Professional
48,90,1,7,89,80.83470101,Intermediate
66,71,9,12,92,81.58115961,Beginner
67,61,6,7,74,91.6207543,Professional
64,99,9,9,84,89.07215474,Intermediate
60,99,6,6,83,67.03405529,Intermediate
66,68,10,6,73,68.24849838,Professional
65,77,1,3,85,52.18775642,Beginner
57,100,11,13,94,79.57581122,Intermediate
69,55,0,9,70,104.3758703,Professional
32,74,8,4,75,105.4329937,Advanced
79,75,0,4,79,65.17529456,Beginner
82,100,8,0,61,80.2409967,Intermediate
68,71,7,6,84,83.28000101,Beginner
61,95,6,5,83,60.11245011,Intermediate
74,71,1,6,72,108.6803341,Professional
43,65,9,7,75,51.26946201,Advanced
64,97,8,5,81,62.54500349,Intermediate
72,96,11,7,79,78.79331892,Intermediate
50,99,16,22,100,96.12944141,Intermediate
20,63,1,4,85,77.31925052,Advanced
78,100,9,1,64,102.4025157,Intermediate
37,65,10,0,83,98.47540438,Advanced
63,83,9,2,79,86.18102661,Professional
70,83,10,4,69,60.58936175,Professional
69,77,6,8,88,68.17327911,Beginner
61,73,7,7,71,75.76067951,Professional
69,76,0,3,83,50.57416251,Beginner
72,68,5,8,89,66.23322222,Beginner
30,63,4,3,84,71.18461354,Advanced
64,96,10,7,84,66.75456874,Intermediate
73,93,5,0,69,66.96111831,Intermediate
69,95,8,8,79,104.7105887,Intermediate
59,95,8,8,88,56.39311459,Intermediate
57,91,4,4,84,49.58021655,Intermediate
43,96,3,10,96,73.60469837,Intermediate
26,64,7,1,93,70.35452804,Advanced
62,79,6,7,91,47.35964217,Beginner
63,94,5,3,78,72.61401308,Intermediate
60,94,12,3,73,58.96914302,Professional
49,80,14,7,91,77.22696553,Beginner
69,70,9,5,80,107.4018531,Beginner
77,85,15,4,85,92.72791804,Professional
45,64,13,1,81,78.23734925,Advanced
59,60,13,1,76,131.7992703,Beginner
56,65,13,0,76,121.8095534,Beginner
62,68,5,0,77,77.16055462,Beginner
63,95,6,10,93,52.37153833,Beginner
55,78,10,7,91,65.9676403,Beginner
69,54,4,13,66,112.5432254,Professional
70,84,20,9,56,83.04508861,Advanced
79,99,12,4,67,116.7660917,Intermediate
67,95,15,11,93,54.37439334,Intermediate
56,66,12,5,87,91.17350115,Beginner
43,72,6,13,59,89.00473669,Advanced
66,61,13,4,78,135.7432943,Beginner
83,70,3,4,75,118.0576932,Professional
59,92,10,10,92,60.69288674,Intermediate
48,67,16,3,83,115.0352876,Beginner
84,97,12,2,65,85.53058328,Intermediate
73,80,12,1,84,100.5335953,Professional
43,60,18,6,99,57.23479187,Advanced
68,77,11,2,77,82.97027519,Professional
80,84,2,6,83,51.65292886,Beginner
59,93,2,3,75,102.9135739,Intermediate
40,59,15,5,99,51.66346145,Advanced
26,71,6,3,86,55.27262101,Advanced
29,63,5,2,87,66.07762178,Advanced
72,50,5,9,70,89.62142747,Professional
53,86,5,6,94,74.66278178,Intermediate
20,67,1,6,79,82.98302516,Advanced
34,61,9,1,91,74.68643404,Advanced
73,92,10,4,78,52.98293062,Intermediate
56,72,17,10,92,111.4763124,Beginner
66,68,11,10,91,95.19730364,Beginner
47,64,14,4,70,130.68481,Beginner
76,76,6,11,90,71.34627993,Beginner
20,71,2,3,84,81.76774422,Professional
61,73,4,7,73,88.16558551,Professional
77,67,7,5,73,91.80124232,Professional
47,100,4,13,96,89.71039695,Intermediate
71,95,10,3,78,49.90588188,Intermediate
68,96,11,6,82,59.02833661,Intermediate
65,77,5,4,84,61.04743372,Beginner
64,100,13,14,94,69.75281407,Intermediate
71,62,3,1,70,99.86001577,Beginner
72,74,8,5,71,82.09010063,Professional
50,72,16,5,74,63.90907855,Advanced
30,68,7,1,85,82.29353052,Advanced
28,74,0,11,65,102.5037002,Advanced
74,100,12,7,76,89.01161476,Intermediate
65,78,11,4,74,70.08281259,Advanced
51,73,16,7,70,62.52601903,Advanced
28,70,0,11,71,65.17720218,Advanced
68,67,8,5,83,91.87095804,Beginner
62,98,15,15,97,71.22064945,Intermediate
81,77,1,12,94,52.77496904,Beginner
57,100,8,12,88,113.1527751,Intermediate
44,90,12,13,55,138.4828011,Advanced
34,83,5,14,59,82.18714605,Advanced
85,100,2,9,55,100.1097871,Intermediate
31,70,6,4,78,96.7556226,Advanced
49,89,5,8,95,46.53952562,Intermediate
53,83,14,10,95,74.84493628,Beginner
51,63,14,6,75,49.97903538,Beginner
78,65,1,3,78,72.83266299,Beginner
59,72,11,8,91,84.83646197,Beginner
55,95,8,10,92,61.04741637,Intermediate
29,74,0,10,61,142.0700888,Advanced
70,67,5,3,79,107.727799,Professional
63,70,6,4,78,100.4861523,Professional
61,65,9,2,80,101.747386,Beginner
50,70,12,10,65,67.52585187,Advanced
56,75,9,5,76,76.27248123,Professional
67,95,3,1,70,88.22420943,Intermediate
67,99,7,4,73,103.9014263,Intermediate
55,96,2,5,81,92.57267389,Intermediate
70,79,12,2,76,77.93438317,Professional
63,70,12,7,86,107.8213574,Beginner
50,80,12,5,88,78.16903827,Beginner
73,75,8,5,70,79.77513325,Professional
65,89,9,6,84,58.78084393,Intermediate
83,100,8,1,57,99.39096667,Intermediate
87,98,10,1,59,109.1629395,Intermediate
46,76,14,7,66,97.22838893,Advanced
38,66,12,0,86,86.69897691,Advanced
61,71,14,1,81,74.19145744,Professional
74,80,0,7,87,56.48950117,Beginner
86,80,1,9,86,55.47054682,Beginner
52,68,17,4,82,131.0853222,Beginner
49,75,9,5,78,74.06279279,Professional
62,60,12,6,75,67.6711331,Professional
57,80,8,3,83,73.23766069,Beginner
47,73,10,8,73,52.97828148,Professional
68,74,6,6,85,75.25146863,Beginner
72,67,0,10,68,104.1404568,Professional
27,74,2,8,71,99.75147004,Advanced
72,63,11,7,82,121.4187175,Beginner
59,98,7,7,82,95.31956524,Intermediate
28,73,2,10,72,60.36285941,Advanced
50,75,13,7,93,74.59503351,Beginner
67,100,9,10,77,142.2351179,Intermediate
32,71,6,4,75,108.1213162,Advanced
66,67,4,9,70,89.50624098,Professional
74,66,5,4,81,82.82831058,Beginner
67,75,0,2,71,62.44584815,Beginner
43,77,13,7,69,76.26007931,Advanced
75,84,2,10,92,58.05608102,Beginner
20,74,5,2,85,88.95508362,Advanced
16,66,2,4,83,100.7135015,Advanced
25,69,1,6,77,89.92347985,Advanced
63,77,5,4,77,88.94178408,Professional
57,100,7,8,85,81.05261559,Intermediate
66,89,13,0,78,68.27238468,Professional
27,61,8,2,97,56.50874239,Advanced
60,100,8,11,84,114.2934255,Intermediate
54,87,10,3,77,73.58114839,Professional
28,79,7,5,73,107.2690221,Advanced
79,62,4,8,66,80.91852679,Professional
57,54,9,10,71,60.8881588,Professional
61,93,15,1,82,73.39065322,Professional
73,72,7,4,76,101.1996952,Professional
71,58,7,4,82,96.72623381,Beginner
30,73,9,2,81,89.62032779,Advanced
65,78,10,4,73,67.85505731,Professional
53,79,13,4,75,47.87484625,Professional
72,97,14,8,80,82.47980089,Intermediate
59,96,12,13,93,90.70640551,Intermediate
29,65,4,8,77,50.982582,Advanced
86,65,1,5,80,58.13804427,Beginner
68,69,7,6,71,77.63267468,Professional
70,100,5,1,77,52.01117615,Intermediate
81,100,15,4,70,68.442313,Intermediate
52,76,14,2,81,62.06240735,Professional
81,73,7,6,69,93.8971649,Professional
55,98,7,11,89,103.3572272,Intermediate
59,83,6,5,88,45.14538212,Beginner
72,89,11,0,78,84.90928414,Professional
48,93,9,13,100,55.89381816,Intermediate
38,76,7,10,64,97.5159935,Advanced
47,81,18,8,61,102.2800618,Advanced
73,100,19,12,90,55.42325892,Intermediate
38,85,10,11,61,89.14855612,Advanced
72,98,7,2,68,106.3729258,Intermediate
60,93,4,4,80,82.97577093,Intermediate
77,100,10,2,68,77.42347209,Intermediate
67,83,8,6,83,67.4334053,Intermediate
38,70,4,12,64,77.0474803,Advanced
67,100,14,11,87,79.32403121,Intermediate
67,70,9,8,88,87.34676724,Beginner
58,72,8,6,71,73.62293894,Professional
73,69,4,6,83,74.75109386,Beginner
22,73,1,6,77,92.85355017,Advanced
69,78,6,3,73,95.07267074,Professional
29,69,4,7,78,61.42556846,Advanced
73,50,4,13,66,114.6438416,Professional
68,77,7,12,96,53.17534355,Beginner
69,79,7,10,92,62.14529554,Beginner
61,72,14,6,83,123.6270988,Beginner
71,95,11,4,80,55.03941884,Intermediate
44,96,7,18,100,81.26569057,Intermediate
54,100,8,12,92,88.98769621,Intermediate
12,57,1,2,100,89.50047773,Advanced
82,99,6,2,55,113.636868,Intermediate
91,94,11,1,59,67.42729341,Intermediate
63,100,7,9,81,114.1471201,Intermediate
28,74,4,8,76,62.12200906,Advanced
60,81,8,7,90,59.52581273,Beginner
31,72,7,4,78,85.33351264,Advanced
62,89,2,1,77,60.86720026,Intermediate
49,88,11,5,73,47.74357714,Professional
56,74,11,4,84,88.38054221,Beginner
60,79,11,2,78,73.56737288,Professional
73,93,6,1,69,87.05965228,Intermediate
49,99,10,19,100,128.8184166,Intermediate
70,68,9,4,76,86.40851768,Professional
80,63,4,6,71,101.8882258,Professional
55,76,20,2,84,67.31707659,Advanced
30,73,4,6,70,123.1393202,Advanced
46,89,13,13,55,98.2292687,Advanced
79,65,8,8,81,119.4285067,Beginner
42,100,8,17,100,90.86534711,Intermediate
60,74,9,2,78,99.48363173,Beginner
67,72,13,2,77,71.05772836,Professional
66,75,8,6,71,72.61865584,Professional
47,90,14,3,76,47.99298385,Professional
29,76,4,10,72,58.19164323,Advanced
52,88,6,6,95,80.29246445,Intermediate
71,72,6,4,76,102.3846694,Professional
80,95,7,2,55,111.7685352,Intermediate
55,100,5,10,81,139.959553,Intermediate
70,58,0,11,67,96.70529246,Professional
75,65,0,8,72,116.8835793,Professional
59,65,17,4,77,58.93985987,Professional
62,86,6,6,87,53.91809153,Beginner
55,81,13,6,86,94.79668134,Beginner
49,91,10,16,100,58.09459668,Intermediate
24,72,2,6,76,87.68122096,Advanced
64,100,5,4,75,92.62591553,Intermediate
32,78,6,8,68,100.0648161,Advanced
22,65,2,2,88,78.82231923,Advanced
15,58,3,2,92,64.44497985,Advanced
73,69,4,6,72,100.6904182,Professional
17,70,2,7,77,92.66761717,Advanced
70,71,7,8,88,73.34666001,Beginner
52,73,9,2,84,74.24610358,Beginner
87,100,12,2,56,133.0301873,Intermediate
58,96,3,5,81,84.1755305,Intermediate
73,64,3,8,70,95.68929931,Professional
49,95,12,16,100,60.75137783,Intermediate
64,65,9,6,73,64.48643723,Professional
76,100,9,2,69,78.0492054,Intermediate
50,76,15,8,65,78.5813577,Advanced
44,69,15,1,79,87.85703025,Advanced
59,82,8,5,73,73.56992232,Professional
74,71,3,6,85,64.15650177,Beginner
43,69,20,4,93,57.05088796,Advanced
69,70,7,5,81,94.64208992,Beginner
61,71,7,5,89,62.53994311,Beginner
26,65,4,1,86,89.71093023,Advanced
82,96,12,2,69,69.30827914,Intermediate
61,78,14,3,71,48.35343799,Professional
72,70,8,5,71,78.4942645,Professional
72,60,6,6,76,104.5938161,Professional
38,63,11,7,77,56.67025278,Professional
59,71,6,6,74,78.89675759,Professional
32,68,9,0,85,89.79510555,Advanced
64,73,10,4,74,68.5090853,Professional
62,86,17,0,79,54.8635832,Professional
54,80,15,5,72,50.89146538,Professional
75,69,6,4,77,103.4709959,Beginner
79,99,9,1,64,90.24115014,Intermediate
68,97,4,0,70,72.60829185,Intermediate
50,69,9,11,65,52.95870931,Professional
58,87,14,2,76,60.48272746,Professional
57,81,8,6,70,59.71105719,Professional
72,96,14,8,81,79.18842466,Intermediate
58,64,10,0,77,102.6553087,Beginner
69,99,7,2,71,77.28311538,Intermediate
67,70,7,4,82,81.715912,Beginner
74,66,1,7,71,104.2528368,Professional
62,66,9,6,75,74.04968269,Professional
80,93,5,6,59,46.90944078,Intermediate
30,72,5,7,77,56.9062068,Advanced
67,73,3,8,70,93.01827623,Professional
41,77,8,10,69,52.23679756,Advanced
58,90,1,2,77,86.85964505,Intermediate
51,56,13,3,70,137.451007,Beginner
26,77,1,11,66,92.52753365,Advanced
41,81,11,8,64,103.0738951,Advanced
26,69,3,5,80,79.62931912,Advanced
47,72,13,0,78,106.1042185,Beginner
53,91,9,4,75,65.16321192,Professional
73,55,7,7,72,87.03950924,Professional
51,89,10,14,100,75.63396085,Intermediate
69,52,2,10,72,108.1477697,Professional
73,70,7,4,76,111.6457352,Beginner
51,69,9,8,72,56.00257773,Professional
57,88,6,6,86,56.86778741,Intermediate
56,98,4,5,84,61.98459922,Intermediate
75,76,5,8,64,69.64963758,Professional
70,74,8,9,87,88.92477174,Beginner
46,67,15,1,81,69.04157045,Advanced
18,71,2,7,77,90.42181942,Advanced
73,100,9,6,72,119.1449069,Intermediate
60,68,6,7,73,78.44214947,Professional
65,96,5,2,71,103.7338856,Intermediate
18,71,3,2,90,62.80326194,Advanced
49,72,10,6,77,68.90673996,Professional
21,68,0,5,82,72.75679633,Advanced
65,65,3,9,70,88.08828538,Professional
66,79,8,13,99,54.57866853,Beginner
65,75,7,5,83,78.24422485,Beginner
51,85,8,4,88,49.14693657,Beginner
54,69,14,5,84,109.323255,Beginner
56,70,15,4,76,51.80572131,Professional
12,68,5,5,79,119.4751619,Advanced
24,70,7,0,90,86.93070495,Advanced
63,75,2,1,82,45.50711139,Beginner
47,91,4,7,89,53.49201415,Intermediate
70,91,9,4,81,50.90833042,Intermediate
58,80,8,5,73,71.6516618,Professional
60,73,7,10,66,67.38751524,Professional
82,100,11,3,64,112.8895472,Intermediate
57,59,8,2,74,98.34726219,Beginner
59,70,12,5,84,104.98092,Professional
61,90,11,4,71,58.79454397,Professional
41,81,13,7,68,90.921425,Advanced
74,77,4,0,76,61.96925122,Beginner
86,100,11,0,55,133.7551671,Intermediate
55,86,8,7,68,50.84373165,Professional
55,66,0,13,66,86.2176906,Professional
56,85,8,6,88,58.33534145,Beginner
36,66,12,0,87,72.5780892,Advanced
35,72,6,8,66,114.7592009,Advanced
66,100,3,0,69,72.99085582,Intermediate
60,64,11,5,76,75.72854802,Professional
46,68,17,5,87,110.5333797,Beginner
40,80,12,7,70,81.22824095,Advanced
58,78,10,8,92,66.57484208,Beginner
39,75,11,6,72,77.95740546,Advanced
71,67,5,7,87,63.64142484,Beginner
56,91,7,7,89,48.12785031,Intermediate
80,100,9,0,62,95.30953865,Intermediate
71,94,1,4,61,71.44501531,Intermediate
57,91,11,4,71,52.41847932,Professional
62,77,12,3,76,66.52679291,Professional
32,75,7,7,74,76.33959762,Advanced
70,96,9,5,74,100.7037732,Intermediate
62,92,20,15,55,92.14081985,Advanced
65,90,12,1,76,75.22337055,Professional
49,97,1,4,80,103.2726975,Intermediate
34,81,8,9,67,80.58536352,Advanced
67,69,7,2,76,103.5336676,Beginner
73,64,10,8,83,113.5936717,Beginner
26,68,1,7,75,86.6076746,Advanced
76,99,8,1,68,79.96979056,Intermediate
68,60,5,2,67,114.887786,Beginner
57,95,9,12,93,75.61978145,Intermediate
34,74,4,10,66,95.43350972,Advanced
12,55,0,4,100,70.82447003,Advanced
47,67,7,9,72,59.13254321,Professional
75,77,4,9,88,61.51275456,Beginner
83,100,9,1,63,65.09288116,Intermediate
67,99,11,10,85,80.80287974,Intermediate
56,70,6,10,66,57.37450621,Professional
58,95,16,1,79,58.0280435,Professional
54,96,7,10,92,70.78035895,Intermediate
66,74,4,2,79,67.61489678,Beginner
62,57,4,12,65,69.11603364,Professional
35,79,7,8,66,105.3309515,Advanced
63,100,16,17,93,113.7177965,Intermediate
65,73,4,8,69,84.29424063,Professional
65,77,14,1,78,70.49076386,Professional
84,96,10,0,63,76.09609488,Intermediate
73,57,6,5,78,113.3283526,Professional
58,91,5,6,86,65.44487902,Intermediate
57,98,6,6,84,64.81039769,Intermediate
66,70,8,8,89,76.97803491,Beginner
58,67,8,5,77,80.16421732,Professional
74,97,10,8,74,127.0114184,Intermediate
31,69,12,2,91,77.44978029,Advanced
65,71,15,9,85,129.3433854,Beginner
67,69,9,4,80,102.9254986,Beginner
53,75,11,3,83,92.39561483,Beginner
73,97,13,8,81,76.98569283,Intermediate
57,76,5,5,92,64.36527469,Beginner
83,100,8,1,56,111.3508505,Intermediate
23,71,6,0,88,78.32563491,Advanced
65,60,8,8,71,76.10427,Professional
76,71,5,5,73,100.3001721,Professional
27,73,3,7,73,95.84510932,Advanced
79,84,1,9,88,46.64436374,Beginner
78,63,3,7,85,71.3459591,Beginner
62,71,7,5,86,70.02025444,Beginner
56,73,12,5,74,59.69863173,Professional
56,96,9,9,87,78.38164804,Intermediate
81,97,11,0,67,46.86571592,Intermediate
54,72,11,7,93,69.21974194,Beginner
65,88,6,9,91,49.12943233,Beginner
69,88,6,6,67,79.00892516,Professional
69,69,12,4,74,72.99968438,Professional
49,62,12,7,75,56.67503462,Professional
67,61,10,5,75,82.33310891,Professional
85,66,1,5,73,121.7163332,Professional
81,81,3,8,89,73.21570809,Beginner
21,57,3,2,100,50.92671858,Advanced
37,66,9,3,81,68.1847929,Advanced
72,78,2,2,80,60.9369689,Beginner
47,95,13,18,100,46.88416862,Intermediate
32,69,7,4,81,61.16443645,Advanced
75,75,2,10,94,57.3494709,Beginner
71,79,13,0,81,81.96909572,Professional
50,100,8,17,96,122.3460577,Intermediate
70,99,9,7,75,123.4983823,Intermediate
56,98,3,6,83,89.45126102,Intermediate
75,100,0,6,55,115.0189734,Intermediate
53,60,14,2,81,117.9859601,Beginner
76,69,6,7,83,89.35595296,Beginner
69,66,6,8,69,83.84913817,Professional
62,65,11,7,70,56.26366203,Professional
68,74,6,5,83,76.53765128,Beginner
76,73,9,2,79,105.4200849,Professional
60,82,6,9,96,61.89319526,Intermediate
35,66,4,8,73,74.22626281,Advanced
73,79,1,5,85,45.54102754,Beginner
69,90,20,17,55,101.8277874,Advanced
61,73,5,7,72,86.33616078,Professional
70,72,12,3,74,66.18823255,Professional
62,93,1,1,74,73.17687945,Intermediate
58,97,7,9,83,116.2831524,Intermediate
64,85,15,0,79,66.21511704,Professional
84,72,7,16,96,77.70796249,Beginner
68,93,14,10,88,60.64838191,Intermediate
64,67,8,5,86,81.75855399,Beginner
71,64,6,7,69,74.71313444,Professional
38,81,16,3,79,66.25188928,Advanced
72,89,8,3,79,54.98277608,Intermediate
74,51,1,10,71,111.5537756,Professional
23,68,4,1,84,92.54326251,Advanced
25,67,9,3,97,66.33619778,Advanced
62,96,6,3,81,56.14333272,Intermediate
68,93,13,10,88,70.6720456,Intermediate
35,63,9,3,82,67.96550319,Advanced
75,100,11,6,74,86.03068452,Intermediate
59,100,7,6,76,109.0277227,Intermediate
58,83,11,2,79,78.62496702,Professional
71,85,6,10,89,65.82567627,Beginner
28,60,5,0,89,91.45484205,Advanced
29,69,6,3,81,90.20287124,Advanced
59,63,10,7,74,67.75693024,Professional
76,56,0,10,69,112.8278436,Professional
64,100,7,7,78,100.3286088,Intermediate
50,68,9,9,71,59.10948431,Professional
65,95,6,4,79,72.66052569,Intermediate
70,57,6,8,71,85.34510181,Professional
32,80,9,8,72,67.24004294,Advanced
60,68,11,4,78,77.26654034,Professional
66,94,13,9,90,58.3346849,Intermediate
40,90,2,13,100,77.65131297,Intermediate
77,100,9,1,68,61.81948572,Intermediate
48,86,9,3,76,67.96878807,Professional
63,99,10,9,84,81.92641047,Intermediate
60,97,7,7,85,70.02596441,Intermediate
39,74,14,2,81,67.79388327,Advanced
68,73,6,4,81,82.97109664,Beginner
45,71,14,5,78,49.19097993,Professional
62,96,5,5,75,119.3559818,Intermediate
50,73,13,6,89,84.14946148,Beginner
30,64,13,7,98,99.5524113,Advanced
39,78,7,12,60,95.75431681,Advanced
67,85,12,2,76,73.46257262,Professional
64,78,13,2,77,71.70798203,Professional
17,68,4,8,76,87.21478645,Advanced
64,62,9,3,80,104.0025409,Beginner
65,81,7,11,97,46.19681805,Beginner
67,96,0,2,58,134.1053443,Intermediate
83,68,3,4,74,98.06278611,Beginner
60,93,9,1,79,79.20616774,Professional
69,91,10,7,82,69.7373607,Intermediate
74,73,4,5,81,83.66274318,Beginner
60,67,9,8,70,61.40765399,Professional
29,70,4,6,77,73.34903328,Advanced
48,75,8,8,71,57.38095418,Professional
80,94,8,0,63,78.29665,Intermediate
43,72,12,7,74,50.88703497,Advanced
53,87,3,5,86,70.32635335,Intermediate
46,69,9,0,80,76.10826917,Beginner
50,100,7,13,91,107.2117442,Intermediate
61,94,8,7,86,56.13037391,Intermediate
57,83,8,2,83,99.36743257,Professional
84,52,8,12,66,137.1740057,Professional
60,94,1,0,68,109.8080105,Intermediate
61,80,6,7,71,76.74149366,Professional
59,89,4,4,81,71.44120218,Intermediate
82,76,3,12,91,59.40403259,Beginner
60,79,7,4,84,67.25053557,Beginner
92,75,9,0,78,120.9326166,Professional
36,76,12,6,77,48.06741363,Professional
75,72,11,2,78,98.04163842,Professional
49,94,4,10,92,84.57419876,Intermediate
39,74,9,7,68,100.6248377,Advanced
56,71,5,1,78,64.9941789,Beginner
25,70,3,4,80,90.40897713,Advanced
72,76,10,8,82,109.3015754,Beginner
51,88,12,17,55,110.4129197,Advanced
25,72,0,9,71,85.94094453,Advanced
64,58,12,2,76,131.6349978,Beginner
55,58,10,9,72,60.43649601,Professional
55,73,10,5,88,75.22927001,Beginner
23,69,8,2,95,65.97351219,Advanced
47,70,13,6,73,62.22053393,Advanced
70,71,5,6,86,64.36259494,Beginner
69,98,8,4,75,76.34644694,Intermediate
62,75,2,1,76,57.58615629,Beginner
58,89,7,8,91,47.63264028,Beginner
60,66,12,5,84,104.3227832,Beginner
77,68,5,5,74,104.3894139,Professional
51,79,19,6,70,58.01448648,Advanced
66,97,16,13,92,74.21468194,Intermediate
34,81,5,12,60,104.2346988,Intermediate
32,71,9,2,83,73.30429097,Advanced
74,80,2,10,94,57.39242085,Beginner
81,100,10,1,64,81.43819925,Intermediate
71,80,10,3,73,79.89826296,Professional
64,97,9,8,85,66.78021903,Intermediate
77,75,0,9,91,59.15553639,Beginner
68,90,6,3,76,74.09789491,Intermediate
80,72,0,7,70,116.0084938,Professional
57,71,11,5,86,86.80537969,Beginner
59,84,12,8,88,88.32646756,Beginner
63,78,7,6,70,70.94098858,Professional
59,65,7,5,79,92.09563252,Professional
67,71,5,6,88,58.36928149,Beginner
45,65,13,3,79,67.61453929,Advanced
71,64,3,8,70,98.0813336,Professional
64,88,4,5,86,46.23174817,Beginner
81,68,1,8,70,121.4861951,Professional
50,74,17,5,73,69.05772163,Advanced
39,64,12,0,92,47.95940044,Advanced
36,72,6,7,70,97.77452743,Advanced
68,51,3,11,67,80.329644,Professional
72,70,2,3,80,66.81632924,Beginner
73,73,3,4,83,53.03470019,Beginner
78,100,13,7,70,130.247036,Intermediate
51,66,14,6,72,66.77070413,Advanced
64,78,8,6,84,81.32136837,Beginner
76,79,13,0,78,86.86749015,Professional
36,72,2,13,63,71.57768558,Advanced
59,91,10,8,88,68.01992903,Intermediate
59,78,5,8,69,67.48380727,Advanced
45,64,10,8,74,57.25177468,Professional
56,78,11,2,83,81.41668018,Beginner
17,58,1,0,92,92.41671904,Advanced
56,74,11,4,77,68.20202692,Professional
69,97,3,0,65,98.83435462,Intermediate
73,80,0,6,85,49.0903497,Beginner
72,73,7,10,91,73.43415814,Beginner
75,82,6,10,87,74.88169808,Beginner
40,78,13,4,72,102.7244842,Advanced
76,69,3,9,64,81.87256559,Professional
45,100,20,0,78,66.61393437,Professional
25,67,0,7,76,92.66985371,Advanced
38,76,14,2,80,73.93467184,Advanced
21,62,4,3,96,88.28405486,Advanced
39,80,12,6,68,116.1264724,Advanced
63,52,4,9,73,87.94938958,Professional
61,87,12,1,79,80.87048241,Professional
68,99,2,0,62,121.5792602,Intermediate
12,62,6,5,86,77.56171384,Advanced
66,91,6,3,79,54.03844467,Intermediate
62,88,13,2,75,60.86676356,Professional
51,85,16,12,99,74.97183351,Beginner
70,78,5,9,91,49.98775663,Beginner
68,80,9,3,75,77.03526509,Professional
64,68,5,8,72,86.09261929,Professional
61,75,9,7,89,73.97506541,Beginner
88,100,11,0,59,99.46364402,Intermediate
53,87,10,5,87,69.43616956,Beginner
76,96,12,4,75,64.2379503,Intermediate
26,80,1,13,65,67.93075926,Advanced
79,67,3,4,76,91.75421274,Beginner
70,59,0,12,63,83.05365991,Professional
69,75,6,6,70,76.36619407,Professional
70,97,13,7,84,49.40263109,Intermediate
78,100,8,3,63,130.377729,Intermediate
65,95,9,9,83,96.30991336,Intermediate
60,99,3,3,78,62.59490436,Intermediate
77,100,10,4,67,113.9031212,Intermediate
79,67,2,3,76,89.9148281,Beginner
64,66,8,3,80,92.09791694,Beginner
72,76,7,5,72,84.59946402,Professional
68,95,9,5,79,62.25289862,Intermediate
46,83,12,12,58,87.05358636,Advanced
69,100,8,6,73,125.9378706,Intermediate
67,84,10,15,100,58.49838807,Beginner
78,93,6,1,66,59.18395266,Intermediate
68,75,7,7,85,78.37333324,Beginner
16,76,2,4,85,64.95007754,Advanced
65,97,3,0,71,75.44500627,Intermediate
34,73,10,5,79,56.38796839,Advanced
40,67,10,5,80,51.37932215,Advanced
72,71,8,7,83,101.0087261,Beginner
47,95,1,9,87,121.1743758,Intermediate
43,72,12,2,77,88.52832965,Beginner
85,92,13,0,69,53.14278663,Intermediate
48,68,13,1,84,91.02473107,Beginner
51,84,16,3,76,47.65462853,Professional
49,91,20,0,81,60.16553722,Professional
67,83,3,5,86,48.28556025,Beginner
30,70,8,2,86,56.42674634,Advanced
67,93,5,3,74,93.51825413,Intermediate
41,87,6,17,55,120.8129643,Advanced
58,88,8,8,93,46.98040802,Beginner
63,67,13,9,90,103.5928196,Beginner
64,62,9,2,67,128.9304943,Beginner
16,68,3,1,95,79.75713872,Advanced
69,92,11,7,82,70.4391508,Intermediate
64,67,10,5,76,81.11649782,Professional
81,71,1,6,73,131.361861,Professional
84,67,3,6,70,112.5556385,Professional
67,97,9,8,82,83.14706911,Intermediate
61,65,11,5,76,76.84933483,Professional
69,70,6,8,69,85.31315467,Professional
75,76,2,1,79,55.2445017,Beginner
44,98,2,13,93,121.9883908,Intermediate
71,78,2,8,91,50.77628382,Beginner
34,73,7,5,73,110.924537,Advanced
40,76,11,5,69,117.0746552,Advanced
65,90,11,5,81,48.24341034,Intermediate
44,72,14,3,75,88.78724127,Advanced
71,89,10,4,77,66.62359936,Intermediate
72,93,10,3,77,55.35161086,Intermediate
82,76,4,4,72,105.9997335,Professional
53,98,5,9,89,77.78591466,Intermediate
61,63,10,2,80,101.6000857,Beginner
37,85,10,10,63,92.85690884,Advanced
66,100,9,9,78,120.1142074,Intermediate
91,93,7,6,55,83.77342447,Intermediate
73,86,11,2,82,88.91406308,Intermediate
62,74,14,3,77,63.99308062,Professional
71,57,17,9,82,162.5382885,Beginner
54,71,7,0,82,63.05753459,Beginner
85,60,0,8,69,114.2732446,Professional
49,82,6,8,69,65.57731824,Professional
38,73,7,8,69,80.7906181,Advanced
67,77,15,0,80,76.65919837,Professional
60,87,6,5,85,46.58693205,Intermediate
29,61,7,0,94,49.67847741,Advanced
66,66,13,9,89,107.6211225,Intermediate
60,97,3,4,77,99.30664604,Intermediate
44,86,18,0,83,49.23337392,Professional
65,56,14,5,76,62.53281254,Professional
47,77,16,4,69,109.8527802,Advanced
61,94,17,1,82,64.659676,Professional
32,70,8,3,82,73.18909301,Advanced
35,76,7,8,66,113.2203087,Advanced
66,58,7,0,72,111.06211,Beginner
14,70,3,6,79,111.0619129,Advanced
58,64,7,4,68,109.6965446,Beginner
36,82,5,15,58,70.76871127,Advanced
72,68,6,4,76,103.8612558,Professional
63,75,11,6,70,56.13933532,Professional
62,70,10,4,82,96.63238797,Beginner
58,72,12,3,79,73.88164085,Professional
61,76,7,2,78,84.7163275,Beginner
73,78,1,1,77,45.06867836,Beginner
71,74,14,1,76,67.7457975,Professional
30,78,8,4,74,110.2953395,Advanced
80,81,3,11,89,59.75043439,Beginner
40,93,2,12,97,104.3224085,Intermediate
52,94,6,11,91,99.05469809,Intermediate
36,72,8,6,72,95.30968091,Advanced
54,65,12,0,78,111.2406514,Beginner
78,86,8,1,74,92.48876966,Professional
39,78,11,7,70,79.69742236,Advanced
74,72,1,6,73,110.9490258,Professional
78,96,8,1,66,85.68865851,Intermediate
81,69,0,8,68,111.8908412,Professional
81,64,0,9,68,115.3685691,Professional
74,69,7,8,67,72.86634215,Professional
72,66,1,2,73,55.00316554,Beginner
68,97,7,3,76,60.98082665,Intermediate
74,70,5,4,77,97.62374452,Beginner
51,84,13,7,91,74.64121114,Beginner
42,77,11,8,65,96.21136776,Advanced
55,83,5,6,91,47.63490079,Intermediate
70,100,8,6,70,128.8950773,Intermediate
68,73,9,6,71,74.52976257,Professional
51,100,5,11,94,63.85887477,Intermediate
54,92,1,3,81,65.96523278,Intermediate
69,70,9,7,84,97.52890262,Beginner
81,99,16,6,73,80.03905229,Intermediate
67,82,10,3,73,70.32772726,Professional
72,72,6,6,83,82.29667626,Beginner
53,74,15,4,77,54.60821355,Professional
33,74,20,5,91,111.3592368,Beginner
68,86,8,5,72,84.44369203,Professional
75,69,9,3,75,89.08351622,Professional
63,74,12,8,86,107.4553666,Beginner
38,78,12,5,75,75.548931,Advanced
62,67,8,6,76,86.99910584,Professional
66,96,4,2,69,118.6129144,Intermediate
73,70,9,2,80,104.0372495,Professional
70,66,5,8,69,79.32952572,Professional
44,92,2,9,95,70.59003581,Intermediate
57,81,14,0,82,71.74790304,Professional
62,79,3,0,78,54.19306008,Beginner
75,53,0,10,70,114.2223117,Professional
41,77,11,8,69,76.74100116,Advanced
75,91,9,0,73,55.26595407,Intermediate
39,84,16,4,71,100.486196,Advanced
34,85,4,14,100,55.28073833,Intermediate
72,73,10,3,75,83.47936568,Professional
78,67,5,4,76,108.3925531,Beginner
60,93,8,8,85,79.36860836,Intermediate
56,89,2,6,85,81.72692524,Intermediate
74,52,5,0,74,103.5475898,Beginner
65,96,5,3,77,65.92503972,Intermediate
62,77,7,4,76,88.66844249,Professional
69,73,8,6,70,78.99967079,Professional
68,67,7,6,73,80.61075436,Professional
74,100,10,6,74,97.89525252,Intermediate
49,91,15,11,59,76.16527134,Advanced
74,100,8,3,71,73.90462807,Intermediate
62,99,8,8,81,101.384834,Intermediate
73,79,12,2,74,72.31960374,Professional
79,62,4,6,74,112.0131007,Professional
81,100,14,6,70,105.5824632,Intermediate
21,80,1,10,68,98.54690204,Advanced
100,100,12,3,55,124.8223995,Intermediate
48,94,7,13,98,80.76237742,Intermediate
45,74,18,1,80,76.7163802,Advanced
66,77,13,12,92,98.10921263,Beginner
15,60,4,3,87,92.67493823,Advanced
77,74,4,5,72,105.1931935,Professional
73,65,3,1,74,89.55320398,Beginner
71,69,12,10,86,117.2214315,Beginner
69,62,8,0,69,130.2755575,Beginner
59,73,12,5,73,58.8935476,Professional
58,94,12,13,96,68.93733373,Intermediate
59,89,14,0,78,62.95808226,Professional
68,97,12,10,86,75.57308,Intermediate
67,73,5,8,68,83.24027835,Professional
73,66,2,5,85,58.68905825,Beginner
32,66,8,1,83,98.37397178,Advanced
31,74,10,1,83,84.56831277,Advanced
62,97,9,9,86,82.37588491,Intermediate
60,79,9,5,84,78.25245749,Beginner
67,66,5,5,86,67.50679863,Beginner
25,63,2,3,85,76.71471435,Advanced
36,76,8,8,69,80.97118217,Advanced
78,100,10,5,66,131.7833953,Advanced
63,53,1,12,68,95.35124292,Professional
77,93,12,3,75,55.22869183,Intermediate
66,76,14,2,77,63.19406446,Professional
83,95,18,7,75,84.52720195,Intermediate
69,100,10,8,80,91.85728375,Intermediate
43,80,12,9,64,85.20371376,Advanced
90,100,15,6,64,127.1378233,Intermediate
44,57,10,11,69,50.68852659,Professional
37,75,10,6,74,72.4104039,Advanced
23,72,0,8,74,87.81066924,Professional
72,73,11,3,74,71.1410926,Professional
47,83,17,7,69,55.86176784,Advanced
26,70,4,3,82,89.43462285,Advanced
45,79,11,13,61,52.5245123,Advanced
44,80,13,9,66,74.21370771,Advanced
70,71,2,6,73,103.4549468,Professional
71,75,6,4,75,91.6232746,Professional
71,83,5,5,71,88.24502045,Professional
62,97,13,0,79,75.75968332,Professional
62,74,8,4,82,83.03810808,Beginner
84,78,3,5,81,53.7084976,Beginner
75,71,3,6,83,69.43728988,Beginner
67,65,8,6,73,82.06168289,Professional
71,62,3,8,71,98.24485298,Professional
87,72,1,6,68,113.447019,Professional
73,50,5,15,62,109.9016645,Professional
33,69,14,3,93,71.78824524,Advanced
66,77,11,11,92,87.74907157,Beginner
66,95,8,5,80,66.56939311,Intermediate
49,84,20,6,67,86.12281277,Advanced
53,97,7,8,87,82.52535093,Intermediate
49,75,10,0,79,82.25360809,Beginner
78,75,10,13,91,98.6261136,Beginner
24,73,3,5,80,77.92834101,Advanced
50,70,14,3,85,100.3407221,Beginner
23,57,5,4,100,67.65802317,Advanced
77,71,5,3,77,109.5967596,Professional
76,54,1,10,69,101.8851651,Professional
64,87,7,4,73,80.11593428,Professional
59,73,10,7,90,76.37046025,Beginner
59,94,2,4,81,64.72999732,Intermediate
26,66,1,10,73,66.42716789,Advanced
74,70,8,4,75,91.48345191,Professional
61,76,20,5,68,72.43525835,Advanced
58,91,12,2,77,68.70822323,Professional
50,84,12,7,91,64.1026408,Beginner
78,69,3,1,72,99.17210156,Beginner
65,72,2,0,78,61.20202256,Intermediate
57,57,2,11,71,85.32423845,Professional
75,77,1,3,76,69.98364338,Beginner
46,73,11,9,67,67.85911374,Advanced
71,64,5,7,73,98.42679102,Professional
54,71,14,6,87,99.45147644,Beginner
55,77,16,11,95,98.22430681,Beginner
73,69,5,5,78,100.8496103,Beginner
10,71,2,3,87,92.70430748,Advanced
68,90,5,2,75,71.85247155,Intermediate
52,81,11,2,82,80.60733831,Beginner
65,76,9,8,89,76.04957106,Professional
61,74,11,4,76,71.88428017,Professional
35,75,8,7,70,96.28642912,Advanced
44,80,15,7,67,80.07156152,Advanced
31,76,2,12,63,91.38774098,Advanced
64,95,4,4,74,106.949149,Intermediate
63,87,14,3,72,54.60313324,Professional
60,78,9,9,93,60.93423384,Beginner
44,73,13,8,75,72.20378497,Advanced
15,75,5,12,71,70.40498091,Advanced
10,65,6,4,92,51.11789472,Advanced
77,64,5,2,73,108.9416555,Beginner
67,64,9,4,82,100.7608988,Beginner
71,94,6,1,72,70.03646071,Intermediate
54,76,16,9,61,89.17189305,Advanced
65,57,4,4,68,98.74613529,Beginner
63,76,4,8,68,81.5200078,Professional
57,82,15,2,76,51.41859746,Professional
53,70,18,10,93,114.1871094,Beginner
67,99,13,12,89,76.39307807,Intermediate
74,95,10,4,66,124.7666496,Intermediate
79,95,5,6,60,61.0929396,Intermediate
63,75,8,8,91,63.92500511,Beginner
21,65,1,4,89,46.62426594,Advanced
39,84,10,11,60,103.4968014,Advanced
49,81,11,4,88,69.16653891,Beginner
51,81,10,4,85,72.31085921,Beginner
70,85,2,6,85,46.2584177,Beginner
74,59,9,6,71,80.02338697,Professional
27,63,7,2,93,91.36758088,Advanced
63,59,9,7,74,78.53022002,Professional
27,78,3,10,68,92.53558463,Advanced
61,69,14,3,79,69.7835862,Professional
22,68,1,7,75,96.64154806,Advanced
63,64,13,3,76,136.7191488,Beginner
58,90,15,1,77,57.8286786,Professional
33,68,6,4,78,85.90071388,Advanced
65,96,2,3,72,95.40441664,Intermediate
65,65,6,3,84,71.34676336,Beginner
69,99,14,11,85,95.29389594,Intermediate
76,77,3,6,81,75.97219142,Beginner
41,77,12,7,70,72.23503443,Advanced
69,59,13,7,83,131.2622933,Beginner
45,72,17,0,81,84.41166822,Advanced
58,78,9,6,87,71.99797207,Beginner
71,67,10,9,86,104.963763,Beginner
69,98,10,8,84,63.15595247,Intermediate
68,50,6,8,75,96.52606723,Professional
78,78,1,9,88,46.68566685,Beginner
59,94,7,8,87,79.18176739,Intermediate
47,85,11,15,55,85.23896067,Advanced
58,100,8,11,87,94.68747607,Intermediate
45,77,17,4,76,62.75092582,Advanced
71,62,8,0,70,130.0352535,Beginner
88,100,17,7,68,107.8470425,Intermediate
78,80,1,8,85,58.05809184,Beginner
73,78,7,12,94,67.52190644,Beginner
72,99,8,3,70,92.91824202,Intermediate
54,87,14,2,77,56.22596911,Professional
48,72,12,7,72,47.90080525,Professional
30,75,9,2,79,108.7087916,Advanced
59,77,20,7,67,60.90506548,Advanced
78,66,6,6,79,108.5229609,Beginner
43,79,9,11,56,130.6916608,Advanced
49,77,7,0,83,50.57266602,Beginner
61,94,8,7,86,54.33952777,Intermediate
55,96,0,5,77,123.4668241,Intermediate
59,98,4,6,82,84.42224082,Intermediate
42,86,7,16,55,106.0181306,Advanced
13,72,2,6,79,103.0352178,Advanced
54,85,9,5,88,59.89316087,Beginner
65,63,7,6,77,93.40101365,Professional
22,67,7,2,95,76.11282053,Advanced
56,75,12,4,83,99.93719227,Beginner
43,68,11,7,75,50.55357744,Advanced
25,71,2,5,75,115.5458317,Advanced
67,94,3,0,66,98.12773861,Intermediate
79,65,9,4,75,96.98432486,Professional
61,64,8,5,79,89.55241857,Professional
90,78,3,7,81,45.74829751,Beginner
47,97,2,9,90,87.22565325,Intermediate
77,67,2,8,67,94.58278393,Professional
30,69,6,3,80,91.3887513,Advanced
73,64,11,8,84,118.9967073,Beginner
69,78,9,13,95,70.76012376,Beginner
70,64,7,8,69,75.61557955,Professional
46,88,4,9,97,55.12359538,Intermediate
89,82,5,3,70,110.487287,Professional
65,100,8,7,77,112.2709487,Intermediate
74,70,1,4,83,52.57756575,Beginner
54,99,5,8,85,91.77724876,Intermediate
71,99,12,7,80,63.48358712,Intermediate
79,74,9,3,72,82.04464345,Professional
18,66,3,3,85,97.36567041,Advanced
42,88,2,9,100,47.64241595,Intermediate
74,91,3,2,61,96.20542187,Intermediate
71,98,10,6,76,89.36918386,Intermediate
79,100,16,8,79,68.35456481,Intermediate
70,73,2,6,74,109.3395906,Professional
78,86,12,0,78,93.80449883,Professional
27,64,8,2,95,65.98161665,Advanced
76,100,17,11,82,84.85424727,Intermediate
54,99,5,9,89,83.39947618,Intermediate
34,61,11,2,97,54.76971999,Advanced
77,74,8,6,79,108.6422157,Beginner
62,94,3,10,97,78.90149576,Beginner
62,98,6,5,80,69.55767343,Intermediate
58,75,14,6,83,117.1820335,Beginner
32,75,4,9,68,91.16692814,Advanced
67,98,7,4,74,95.81967163,Intermediate
63,96,8,5,83,48.65397367,Intermediate
79,83,3,3,74,114.9351025,Professional
25,64,5,0,91,87.21539412,Advanced
77,75,0,8,66,101.8929521,Professional
61,69,8,4,82,88.94510408,Beginner
69,75,4,4,77,112.2029524,Professional
37,69,10,4,82,52.06315808,Advanced
59,76,13,9,90,89.66176992,Beginner
79,74,5,2,79,125.5685727,Professional
25,74,5,4,79,87.80939774,Advanced
81,64,2,8,69,120.2393796,Professional
62,73,11,5,82,107.679429,Beginner
66,74,11,3,76,73.95113163,Professional
71,70,9,4,75,82.26433058,Professional
63,90,3,2,76,78.24288061,Intermediate
73,67,7,11,93,72.66548744,Beginner
42,73,20,9,93,128.0911969,Beginner
63,69,11,7,71,61.15903687,Professional
54,76,13,6,91,78.53260878,Beginner
26,73,6,4,82,63.99416251,Advanced
57,67,12,1,76,121.6357168,Beginner
92,100,8,6,55,91.96415741,Intermediate
39,82,15,4,75,66.97844459,Advanced
77,69,0,4,81,59.94056521,Beginner
80,60,2,11,65,113.0141028,Professional
65,63,4,9,69,81.00357839,Professional
43,84,8,15,55,91.67943732,Advanced
33,73,5,9,71,76.18575931,Advanced
37,65,12,0,87,77.43136086,Advanced
62,91,5,1,79,59.52030176,Intermediate
57,89,1,1,80,45.42127025,Intermediate
61,87,6,6,84,69.13839511,Intermediate
55,76,10,4,78,72.81490015,Professional
76,76,7,11,88,83.54102687,Beginner
47,76,15,6,70,75.78880078,Advanced
33,66,8,3,84,48.84605115,Advanced
54,75,14,10,97,78.04487175,Beginner
68,72,13,1,79,78.66219684,Professional
68,100,7,4,71,112.0035271,Intermediate
32,84,6,11,62,98.85801255,Advanced
74,92,2,4,56,104.6911949,Intermediate
60,74,13,5,80,120.8310523,Beginner
60,79,4,3,85,45.79054462,Beginner
60,50,17,3,64,193.4333565,Beginner
52,75,10,2,84,76.86722818,Beginner
57,71,18,8,84,143.7749181,Beginner
78,100,6,1,59,129.3682571,Intermediate
44,79,10,14,60,57.02001426,Advanced
70,74,4,6,85,62.25401577,Beginner
54,74,16,9,92,100.5048466,Beginner
53,75,16,2,77,47.44643403,Professional
66,50,2,11,70,87.71022274,Professional
45,72,12,6,70,92.72401424,Advanced
42,73,13,4,73,102.7929666,Advanced
44,84,12,11,58,98.39727547,Advanced
53,95,3,8,84,117.6013111,Intermediate
57,81,6,4,85,53.9811884,Beginner
35,77,8,7,69,102.0161536,Advanced
52,88,9,8,95,49.1411658,Beginner
63,66,12,1,73,139.4901264,Beginner
76,71,3,4,77,120.8887756,Professional
61,55,4,14,66,106.7190054,Professional
73,66,3,8,71,100.1438526,Professional
52,100,6,12,89,114.2866424,Intermediate
60,74,6,7,72,82.22362547,Professional
71,94,5,0,69,60.25249866,Intermediate
33,79,12,3,81,67.13134787,Advanced
71,100,8,6,75,97.32309017,Intermediate
66,64,10,6,83,110.6804499,Beginner
62,58,10,0,72,127.8978228,Beginner
81,55,5,5,79,104.7634672,Beginner
43,73,8,12,63,61.64453869,Advanced
48,97,1,9,85,119.9244129,Intermediate
10,59,4,0,97,89.48813402,Advanced
88,67,3,5,77,96.29209351,Beginner
26,69,1,8,75,76.15420484,Advanced
85,97,6,4,55,86.00120966,Intermediate
54,70,14,3,81,115.7177284,Beginner
55,76,7,4,86,55.55685275,Beginner
74,51,2,9,72,112.0039281,Professional
78,58,4,3,77,103.8029152,Beginner
76,64,2,0,73,88.05902247,Beginner
39,84,6,17,55,68.40907858,Advanced
66,90,4,2,73,89.58618952,Intermediate
58,73,1,10,69,89.8617534,Professional
69,99,9,5,79,68.75274358,Intermediate
63,63,7,2,81,87.35210381,Beginner
61,74,8,6,73,77.82157156,Professional
64,58,6,8,73,90.24089482,Professional
55,85,6,4,87,47.66670721,Beginner
37,84,12,7,66,99.40417285,Advanced
11,66,3,3,88,88.71407488,Advanced
69,66,4,1,78,76.22663063,Beginner
67,98,9,8,79,103.4013502,Intermediate
47,94,10,8,96,56.96629363,Beginner
66,75,3,2,79,65.43170222,Beginner
62,100,16,0,76,53.26689515,Professional
33,83,8,8,65,118.7351353,Advanced
69,58,14,5,78,148.8946365,Beginner
73,68,4,10,63,74.40253857,Professional
83,62,0,9,67,115.7943242,Professional
61,70,6,6,74,84.93638955,Professional
55,100,7,9,87,85.86545549,Intermediate
79,100,11,4,64,115.9807679,Intermediate
31,71,2,9,68,98.25531388,Advanced
27,73,7,4,84,55.64109606,Advanced
47,67,14,6,76,50.20683397,Advanced
69,74,6,6,84,75.56527143,Beginner
48,80,16,6,67,89.83783305,Advanced
65,76,12,2,77,68.4307833,Professional
72,79,7,13,95,61.18954879,Beginner
49,93,9,9,99,69.89729241,Beginner
39,84,2,10,100,58.29144649,Intermediate
37,77,10,6,69,100.9804318,Advanced
32,73,7,5,76,87.10210822,Advanced
68,100,3,0,67,97.42044937,Intermediate
50,92,9,2,81,82.21928208,Professional
62,71,12,6,83,109.0712562,Beginner
10,50,4,1,100,48.93822733,Advanced
66,75,8,6,84,87.20931248,Beginner
60,76,10,9,92,68.96416371,Beginner
73,87,11,0,78,91.03261294,Professional
59,59,6,8,74,87.2278553,Professional
26,68,8,2,99,45.70742807,Advanced
51,97,3,8,88,84.86594829,Intermediate
75,100,5,0,60,109.0577247,Intermediate
75,65,13,1,79,82.59483925,Professional
52,80,12,5,73,46.88968581,Professional
73,92,9,2,75,49.88994475,Professional
70,59,0,11,66,99.50761439,Professional
74,79,3,5,73,107.3456282,Professional
59,73,8,6,74,77.89511068,Professional
47,94,0,7,91,69.90470457,Intermediate
74,70,3,5,82,72.45661174,Beginner
39,52,20,1,78,185.9989371,Beginner
48,72,13,7,70,64.64613095,Advanced
49,74,17,5,72,67.03304691,Advanced
61,55,6,11,68,70.05609791,Professional
66,73,12,2,79,76.61799794,Professional
55,89,0,1,82,47.78116429,Intermediate
69,93,8,2,75,55.29839143,Intermediate
76,77,6,2,77,106.2218465,Professional
56,66,10,10,66,48.03651448,Professional
51,81,10,0,79,83.01486677,Beginner
32,73,3,10,66,90.29782263,Advanced
37,72,8,7,73,76.42774021,Advanced
74,99,10,7,75,101.948787,Intermediate
27,63,7,1,94,68.48596228,Advanced
73,79,9,3,74,87.64938577,Professional
35,80,10,6,71,84.2253606,Advanced
69,79,4,5,73,93.79470763,Professional
50,100,3,10,88,106.3697014,Intermediate
79,99,6,0,61,101.3969428,Intermediate
63,98,13,12,89,85.46028529,Intermediate
70,90,6,2,74,75.68084218,Intermediate
30,71,3,8,73,86.63874247,Advanced
63,83,6,10,97,56.48797397,Beginner
50,79,17,8,66,70.38122336,Advanced
65,80,6,9,93,46.6723184,Beginner
72,95,9,3,75,61.08113539,Intermediate
61,53,15,4,79,148.6582648,Beginner
63,96,9,6,82,70.87844832,Intermediate
60,100,11,11,90,69.12808187,Intermediate
10,58,2,2,100,64.42808505,Advanced
48,86,13,14,55,107.332024,Advanced
55,78,6,7,72,67.04718997,Professional
19,71,3,10,74,70.40916875,Advanced
72,94,8,3,75,62.24229197,Intermediate
65,78,5,7,70,78.15961006,Professional
49,96,11,6,68,54.67079492,Professional
18,71,4,0,87,110.3977853,Advanced
86,97,11,1,60,73.75203081,Intermediate
48,83,19,0,82,48.45073716,Professional
86,50,3,11,67,128.2423447,Professional
54,90,17,1,77,46.9380525,Professional
54,87,18,12,55,90.4149713,Advanced
55,66,14,5,85,109.0415111,Beginner
58,92,4,6,85,73.75397935,Intermediate
53,62,11,0,78,105.085162,Beginner
38,81,14,5,74,73.13973827,Advanced
72,98,4,1,64,129.3521929,Intermediate
39,74,11,6,75,56.44788044,Advanced
66,99,9,9,80,118.9661187,Intermediate
45,69,14,3,87,86.96086938,Beginner
71,67,7,6,72,89.72570515,Professional
52,73,10,5,90,65.84697701,Beginner
58,64,0,12,66,80.13854695,Professional
44,84,13,7,72,46.63342068,Professional
58,81,17,1,78,51.08833004,Professional
56,64,16,6,86,120.4474584,Beginner
23,66,2,4,87,48.3580179,Advanced
52,66,3,10,71,81.97195845,Professional
57,77,5,0,80,54.64194237,Beginner
50,81,15,10,60,84.55680648,Advanced
48,86,19,0,84,51.82261765,Professional
56,77,5,1,82,51.74601533,Beginner
66,78,16,0,79,68.53633734,Professional
77,66,12,3,74,83.49793661,Beginner
67,78,5,6,71,90.48282791,Professional
68,83,12,0,79,80.95491299,Professional
62,78,5,6,87,54.72293444,Beginner
74,74,7,3,76,97.99220114,Professional
57,82,2,1,75,74.34717906,Intermediate
59,95,4,0,76,52.84499336,Intermediate
59,99,5,7,82,89.33623189,Intermediate
55,84,13,11,96,73.03153233,Beginner
71,98,12,7,82,54.42064049,Intermediate
85,87,4,14,96,49.2124034,Beginner
55,97,11,14,98,68.27528533,Intermediate
71,97,6,4,74,78.49088106,Intermediate
56,74,12,6,72,49.76136752,Professional
58,76,12,4,76,66.00777213,Professional
74,70,7,1,82,116.3937326,Professional
10,50,5,3,100,89.82155086,Advanced
68,66,2,8,72,104.9957864,Professional
84,100,10,2,63,100.5046854,Intermediate
76,98,7,0,63,97.42306837,Intermediate
68,75,6,6,73,93.85411043,Professional
77,100,8,5,69,118.2261569,Intermediate
23,65,3,2,89,61.89036819,Advanced
21,71,0,7,79,71.42055643,Advanced
69,97,7,5,74,96.01559654,Intermediate
53,72,15,7,64,99.60727928,Advanced
33,81,9,7,68,112.2140662,Advanced
58,69,6,0,79,74.88751441,Beginner
37,85,7,12,55,140.7633318,Advanced
67,93,5,3,73,100.7683089,Intermediate
72,85,5,3,75,103.2099081,Professional
28,82,0,17,56,78.18748681,Advanced
64,85,15,1,85,87.83358473,Professional
67,99,8,7,78,100.3535843,Intermediate
75,100,7,1,64,109.321706,Intermediate
68,87,15,0,79,77.82851975,Professional
81,50,4,12,69,133.4185373,Professional
15,66,0,0,92,79.41823085,Advanced
57,80,9,5,74,74.4089521,Professional
76,78,5,2,79,119.9461427,Professional
59,80,9,5,75,74.72584665,Professional
79,58,3,7,72,109.9359997,Professional
34,77,10,6,76,67.29886176,Advanced
74,66,3,6,74,112.9358464,Professional
66,62,0,12,66,95.02647799,Professional
39,76,11,6,71,92.36286394,Advanced
47,76,11,1,83,76.69400538,Beginner
43,65,12,3,81,61.12830178,Advanced
63,100,7,7,76,111.8577827,Intermediate
64,83,11,6,66,51.54969544,Professional
54,71,10,5,77,67.00456636,Professional
74,60,2,11,68,116.6724943,Professional
57,66,7,0,80,74.2413972,Beginner
39,62,10,2,84,57.7862929,Advanced
62,91,6,7,83,89.33636847,Intermediate
22,75,2,7,77,71.15698622,Advanced
63,71,13,3,77,70.78066748,Professional
55,71,13,5,86,96.03402123,Beginner
58,88,8,9,93,48.06989141,Beginner
66,97,13,9,87,65.05984826,Intermediate
79,98,13,2,64,95.61994338,Beginner
63,76,13,9,88,106.3970267,Beginner
64,100,12,14,82,146.8887147,Intermediate
55,97,7,12,92,95.38370487,Intermediate
60,78,10,6,86,82.27058834,Beginner
79,63,2,4,78,85.86986681,Beginner
59,93,8,8,89,49.40336608,Intermediate
31,76,2,17,55,97.24267562,Advanced
67,70,6,5,86,67.56640822,Beginner
73,72,12,2,76,75.09452694,Professional
72,64,7,6,82,94.20939988,Beginner
82,80,0,10,89,50.16304428,Beginner
40,80,15,2,74,105.8981426,Advanced
55,94,4,7,87,61.98661359,Intermediate
77,75,4,1,81,120.8367428,Professional
64,77,6,5,72,76.01326005,Professional
57,97,6,6,84,75.24961799,Intermediate
11,58,6,4,91,61.11379445,Advanced
73,68,6,6,72,93.07385805,Professional
56,55,4,14,63,56.14823535,Professional
68,100,6,3,70,100.0122809,Intermediate
68,96,6,0,71,53.32380325,Intermediate
61,66,4,2,72,81.99470164,Beginner
62,63,8,2,80,92.00710394,Beginner
33,69,7,4,80,71.71043304,Advanced
57,82,13,13,100,65.95958988,Beginner
83,93,0,9,55,108.3003832,Intermediate
58,92,11,10,93,54.02606648,Intermediate
33,76,10,7,73,72.95282413,Advanced
73,66,5,5,83,81.79776183,Beginner
30,64,7,1,89,54.65199722,Advanced
88,100,12,1,59,112.8881098,Intermediate
62,99,6,4,78,66.91888709,Intermediate
41,82,13,8,67,79.6745613,Advanced
54,78,10,6,71,54.52142858,Beginner
71,65,1,9,70,101.1001213,Professional
36,81,7,11,62,99.96271741,Advanced
30,65,3,7,78,65.05412474,Advanced
61,96,2,2,65,99.00528952,Intermediate
71,60,5,7,72,93.72223905,Professional
64,70,9,6,85,85.51373979,Beginner
10,72,1,2,88,97.29231743,Advanced
63,88,20,11,55,79.2732341,Advanced
72,94,14,7,85,56.33676115,Intermediate
69,84,6,5,72,90.65009211,Professional
64,68,5,8,71,83.2099318,Professional
56,89,7,8,91,60.30692171,Intermediate
44,72,3,12,67,56.95158251,Professional
27,80,10,3,83,67.62651069,Advanced
65,100,8,9,79,125.1223146,Intermediate
64,64,9,7,88,88.05063228,Beginner
70,66,7,4,78,103.5518683,Beginner
58,76,11,6,87,86.77279478,Beginner
32,73,8,4,79,78.06890232,Advanced
59,63,2,10,71,87.52182342,Professional
66,98,4,2,73,72.92422545,Intermediate
68,99,12,7,84,48.34983963,Intermediate
65,100,10,8,81,87.57578487,Intermediate
64,86,10,7,88,52.86493548,Intermediate
56,67,4,9,73,86.43440937,Professional
71,64,8,7,71,80.19409025,Professional
68,73,5,3,79,77.8173099,Beginner
64,69,6,9,67,67.41410813,Professional
51,89,12,15,100,65.07109533,Intermediate
68,77,6,10,93,58.79287543,Beginner
76,98,10,3,70,83.97789511,Intermediate
49,81,14,11,60,72.71878245,Advanced
84,65,4,7,81,94.49053058,Beginner
71,100,10,8,73,135.5304975,Intermediate
47,74,14,7,71,64.01848688,Advanced
70,66,6,4,81,86.49377637,Beginner
68,87,10,2,74,78.59059686,Professional
80,100,8,1,61,115.4854381,Intermediate
71,68,7,6,72,86.80345697,Professional
64,80,5,6,89,49.08981532,Beginner
17,84,0,10,68,105.2447837,Advanced
37,77,5,13,61,79.50735202,Advanced
68,76,8,4,75,84.47751762,Professional
64,100,4,4,71,117.8966478,Intermediate
41,98,6,16,100,71.82925074,Intermediate
65,100,4,3,70,109.6264964,Intermediate
72,61,4,2,78,86.54315628,Beginner
77,66,3,6,72,102.7456665,Professional
27,65,2,5,81,80.33449516,Advanced
80,58,5,7,70,98.14589266,Professional
60,100,9,12,89,95.40755231,Intermediate
54,64,11,7,73,57.0678393,Professional
56,66,14,2,78,128.6959722,Beginner
80,100,11,3,63,116.0268252,Intermediate
43,75,11,9,68,73.52638681,Advanced
67,100,7,4,76,67.46746113,Intermediate
68,68,2,10,65,80.68713077,Professional
45,83,16,8,67,72.25193662,Advanced
41,68,10,6,78,46.40573808,Advanced
75,74,14,1,76,71.90982016,Professional
46,62,20,8,90,143.2041554,Beginner
76,99,12,5,74,72.3936539,Intermediate
55,83,7,6,91,45.18858609,Beginner
73,89,7,0,73,55.4988914,Intermediate
46,70,9,9,69,46.46349392,Professional
34,76,5,10,67,87.52021597,Advanced
15,50,5,1,97,51.71511213,Advanced
66,81,9,2,77,84.1382062,Professional
71,63,8,4,80,106.101493,Beginner
71,74,9,9,87,91.50404492,Beginner
57,68,13,6,86,100.9069166,Beginner
58,100,10,12,91,85.39998542,Intermediate
49,74,12,11,62,77.09212159,Advanced
27,68,4,5,80,69.01461945,Advanced
52,94,4,7,91,45.36375627,Intermediate
79,70,8,5,72,92.25324157,Professional
89,60,2,8,70,135.4071526,Professional
48,72,11,7,74,58.86719865,Professional
36,68,7,5,75,102.7800738,Advanced
32,67,9,1,88,61.93089973,Advanced
64,70,3,8,71,90.95547327,Professional
32,67,10,0,90,60.82504591,Advanced
79,65,4,9,85,85.57450052,Beginner
59,83,4,4,86,50.00553735,Beginner
36,80,7,12,64,68.43241784,Advanced
57,73,9,9,67,55.82201632,Professional
63,76,8,7,88,72.00895222,Beginner
56,59,1,11,71,94.89693223,Professional
56,85,20,10,58,79.10657435,Advanced
73,69,4,3,78,81.49900075,Beginner
27,68,6,1,92,93.49029184,Advanced
37,88,9,12,57,104.9715566,Advanced
30,77,6,8,73,71.34792216,Advanced
46,96,2,11,91,118.1479655,Intermediate
36,76,7,9,66,94.35813844,Advanced
61,95,5,5,81,78.56374715,Intermediate
61,98,13,11,91,65.50180924,Intermediate
70,75,8,10,92,70.51665168,Beginner
77,57,10,8,67,67.31102341,Professional
42,80,17,3,85,103.9679501,Beginner
53,66,7,1,78,75.29687034,Beginner
51,82,12,5,88,76.70285018,Beginner
76,100,3,1,60,108.4726375,Intermediate
61,86,16,0,82,67.32972229,Professional
60,97,2,5,73,139.839915,Intermediate
42,79,11,7,70,77.18198283,Advanced
49,87,16,12,58,77.29335777,Advanced
78,67,6,6,78,110.9524672,Beginner
67,100,12,10,79,125.5961518,Intermediate
67,74,8,2,79,96.46342232,Professional
72,80,2,6,71,100.2351491,Professional
76,100,8,3,67,106.1437546,Intermediate
84,100,15,2,67,61.90916925,Intermediate
82,84,4,0,78,118.2727273,Professional
77,74,6,7,65,76.89803346,Professional
59,71,9,5,75,78.80350695,Intermediate
60,83,14,3,74,48.48223674,Professional
67,58,10,7,72,75.38036729,Professional
60,66,12,4,78,73.60591037,Professional
90,100,10,2,55,111.1514124,Intermediate
57,74,10,6,74,72.82943809,Professional
56,97,12,12,91,76.30439367,Intermediate
71,81,8,3,73,81.01325402,Professional
63,95,1,0,68,106.3279666,Intermediate
48,72,14,7,71,61.56167435,Advanced
70,70,6,7,69,76.510216,Professional
74,75,12,1,80,90.60946075,Professional
62,81,7,8,92,49.37824463,Beginner
33,79,7,9,68,78.6565717,Advanced
71,69,3,9,67,84.17430535,Professional
32,72,4,10,71,65.07129234,Advanced
32,78,6,7,73,79.48344643,Advanced
29,78,8,3,76,104.741272,Professional
48,65,18,0,89,56.53322728,Advanced
56,73,10,4,79,81.96785018,Professional
61,76,12,9,89,98.35663724,Beginner
64,96,5,1,75,55.55685848,Intermediate
28,52,7,5,100,61.87587612,Advanced
69,57,8,2,76,117.819933,Beginner
68,80,8,5,71,76.52957848,Professional
55,99,9,15,95,103.8527285,Intermediate
66,73,14,3,75,61.2341367,Professional
44,80,15,3,80,49.06649476,Professional
59,97,9,11,89,78.47069084,Intermediate
56,75,12,7,89,83.96839623,Beginner
74,100,10,5,70,104.0631908,Intermediate
37,66,9,4,81,49.17771264,Advanced
59,100,7,8,81,106.4151587,Intermediate
70,71,10,3,76,78.6918697,Professional
18,65,3,7,81,63.64097833,Advanced
54,93,5,8,89,75.87472186,Intermediate
63,91,15,0,79,67.80656358,Professional
64,75,11,3,76,72.74352283,Professional
66,86,7,3,75,82.56360542,Professional
69,65,6,5,84,83.00424176,Beginner
63,92,11,8,91,58.79269622,Intermediate
48,86,6,12,100,68.60100272,Intermediate
53,86,0,4,84,74.28385187,Intermediate
63,79,11,4,74,69.40797113,Professional
82,100,8,0,61,100.3143592,Intermediate
49,88,11,5,73,46.17316294,Professional
90,100,14,3,59,128.4511277,Intermediate
37,72,10,4,75,101.4717978,Advanced
58,89,15,0,79,61.40000202,Professional
54,60,12,3,70,130.439474,Beginner
68,69,6,1,75,96.78775133,Beginner
67,62,6,7,73,82.70506847,Professional
69,100,11,10,80,115.5091537,Intermediate
40,88,10,14,57,73.27870334,Advanced
66,72,7,5,84,79.04750715,Beginner
65,71,6,2,81,70.62541561,Beginner
32,58,1,6,80,67.19512259,Advanced
82,60,5,9,85,90.33487792,Beginner
48,75,15,4,86,99.16349736,Beginner
68,94,10,6,80,73.07256058,Intermediate
48,94,9,14,100,84.35601605,Intermediate
69,87,10,0,79,83.16205974,Advanced
73,71,4,6,72,95.95405077,Professional
43,83,13,9,63,94.67651373,Advanced
67,75,11,4,74,74.66564878,Professional
37,71,8,7,73,76.01631812,Advanced
55,84,8,5,88,55.75948576,Beginner
86,76,0,8,86,47.40965972,Beginner
68,67,0,0,80,45.29160989,Beginner
36,74,10,5,75,72.28263982,Advanced
71,60,3,9,68,88.58134737,Professional
53,96,1,4,82,72.38181029,Intermediate
70,64,11,7,79,135.6539554,Beginner
75,88,9,0,68,46.19651348,Intermediate
53,78,14,7,89,95.03682486,Beginner
21,66,3,1,90,69.95029509,Advanced
79,50,4,13,63,112.7543098,Professional
80,66,1,8,69,107.8611895,Professional
52,75,16,4,76,45.74398779,Professional
63,74,11,9,90,83.2088211,Beginner
67,63,11,6,81,121.4654682,Beginner
53,94,3,6,86,77.68706914,Intermediate
57,96,8,10,88,97.11057703,Intermediate
41,60,8,4,81,56.06560152,Advanced
71,93,5,2,60,87.05544826,Intermediate
24,73,5,3,81,85.61837038,Advanced
60,62,15,9,90,115.8837702,Beginner
54,72,13,4,78,61.02773861,Professional
44,69,18,1,88,65.30409644,Advanced
72,56,4,1,76,95.76806518,Beginner
75,93,13,2,71,55.91795276,Intermediate
72,81,8,3,75,96.10882188,Professional
60,96,10,9,91,52.46070077,Professional
58,67,5,9,70,72.86671834,Professional
35,73,12,1,83,79.61147505,Advanced
59,55,5,8,75,94.96496746,Professional
63,91,9,8,87,63.0171417,Intermediate
71,86,7,3,74,92.46470013,Professional
31,70,5,7,78,55.68464563,Advanced
64,89,9,7,90,61.2735778,Intermediate
65,77,3,8,69,89.65007747,Professional
56,94,7,7,94,76.81106621,Intermediate
22,67,2,2,85,84.70386527,Advanced
55,76,9,6,91,55.31413318,Beginner
52,67,16,5,85,117.9458257,Beginner
58,95,6,7,86,62.52874075,Intermediate
42,74,13,7,75,45.9482716,Advanced
76,100,12,5,73,82.78963587,Intermediate
84,75,0,7,83,63.11459645,Beginner
72,98,3,0,61,135.4790999,Intermediate
63,84,12,12,93,86.25767645,Beginner
74,69,5,5,75,104.2952926,Professional
82,67,3,4,77,124.2928813,Professional
64,69,7,6,75,87.03279985,Professional
30,63,7,0,89,86.21858616,Advanced
31,70,7,2,81,95.09374174,Advanced
33,75,7,5,72,112.5425253,Advanced
80,63,0,9,67,109.0697543,Professional
24,63,4,1,92,49.96643299,Professional
53,94,4,8,90,68.68371743,Intermediate
67,75,4,2,79,72.25247442,Beginner
35,70,10,2,83,65.71812864,Advanced
62,96,5,6,81,83.66295111,Intermediate
87,83,6,7,86,82.38661414,Beginner
76,61,5,9,66,81.68225591,Professional
66,99,17,1,77,52.51607748,Professional
61,100,10,12,89,92.95552443,Intermediate
79,94,6,3,60,74.85398136,Intermediate
62,91,9,9,91,48.65010391,Intermediate
32,70,7,5,79,61.93678389,Advanced
58,64,11,4,78,69.7844379,Professional
33,79,13,1,81,94.75434945,Advanced
74,69,2,9,65,84.99716083,Professional
28,70,4,6,78,77.89378282,Advanced
48,79,20,1,79,79.26426824,Advanced
55,70,15,5,84,116.7720087,Beginner
65,84,2,8,68,91.0797116,Professional
67,74,8,10,92,69.90757503,Beginner
65,92,6,4,76,97.12477678,Intermediate
55,100,0,4,73,130.8577342,Intermediate
63,99,11,12,88,90.61195527,Intermediate
19,69,1,4,83,84.04555978,Advanced
72,97,9,0,64,95.46108048,Intermediate
63,69,6,7,71,83.60589154,Professional
34,67,9,2,84,65.42289914,Advanced
22,67,1,4,83,82.8980848,Advanced
74,94,8,1,65,70.32092371,Intermediate
76,65,11,12,90,117.5225263,Beginner
72,73,7,5,73,90.04339851,Professional
46,84,4,8,100,73.78037238,Intermediate
69,71,8,4,74,82.79129252,Professional
72,79,7,5,70,85.63845735,Professional
33,74,11,3,83,59.52386039,Advanced
75,99,9,2,71,68.38853097,Intermediate
74,63,3,8,69,94.40648655,Professional
79,68,0,3,79,57.09256402,Beginner
60,83,13,3,76,69.94357946,Professional
65,66,4,6,77,102.8088589,Professional
65,58,9,6,74,80.55995866,Professional
67,82,2,5,86,52.22955663,Beginner
55,67,14,4,79,58.31234657,Professional
51,77,14,6,73,51.36438431,Professional
19,65,0,2,84,102.6622422,Advanced
72,71,9,3,77,90.10979051,Professional
27,69,2,7,77,68.28357449,Advanced
56,71,9,1,79,92.65154168,Beginner
55,100,9,15,93,114.9484414,Intermediate
66,97,12,10,88,70.16447034,Intermediate
72,70,11,10,88,107.1366222,Beginner
64,100,12,8,83,71.35947034,Intermediate
50,73,12,10,62,79.71346505,Advanced
21,75,1,9,70,102.5419277,Advanced
82,94,12,1,67,83.44818144,Intermediate
52,86,14,9,91,84.15274892,Beginner
66,64,10,6,85,101.8262616,Beginner
35,78,7,9,66,99.42538516,Advanced
64,88,9,4,72,72.79188,Professional
65,88,6,1,80,60.31841539,Intermediate
56,76,16,4,74,45.4506368,Professional
14,62,0,1,96,84.16192953,Advanced
27,76,5,7,74,75.00813272,Advanced
40,66,13,0,84,87.22304797,Advanced
33,65,6,4,83,50.22646085,Advanced
68,89,8,17,100,56.67998895,Beginner
57,92,2,4,80,80.1651748,Intermediate
62,70,12,7,87,102.8638898,Beginner
64,75,10,14,96,73.41147673,Beginner
71,75,1,7,90,61.69931253,Beginner
58,57,10,2,70,125.3443135,Beginner
69,98,15,11,88,69.44996415,Intermediate
72,77,5,6,82,75.64729374,Beginner
39,67,11,2,80,89.55460221,Advanced
67,68,6,6,72,81.08724713,Professional
56,97,5,8,84,93.33639359,Intermediate
70,67,12,10,88,111.2778009,Beginner
51,63,12,3,81,107.5764723,Beginner
38,74,11,4,75,91.65183219,Advanced
63,77,17,0,83,73.22443972,Professional
59,83,17,0,78,48.33325798,Professional
62,98,4,3,78,71.57773195,Intermediate
59,50,1,13,66,72.60424922,Professional
30,76,4,10,69,77.32823195,Advanced
73,78,3,9,91,47.8196346,Beginner
78,73,6,10,88,82.32983084,Beginner
66,63,6,1,73,109.1904726,Beginner
69,76,6,7,87,69.4731951,Beginner
44,75,12,7,66,108.0815444,Advanced
23,70,0,7,76,79.40980453,Professional
52,91,8,11,100,71.48717211,Intermediate
77,70,3,9,91,50.89895762,Beginner
78,74,6,7,79,104.2955843,Beginner
33,80,7,9,65,100.496675,Advanced
66,68,6,6,74,97.36967397,Professional
51,84,13,3,76,51.55274714,Professional
71,82,5,11,94,45.60312619,Beginner
55,76,11,4,85,82.14001228,Beginner
26,68,0,8,75,77.03038428,Advanced
71,97,4,0,63,105.6921437,Intermediate
85,100,12,4,61,132.3416318,Intermediate
56,62,8,10,69,61.11877194,Professional
63,71,12,4,77,75.41721921,Professional
60,72,5,4,86,55.10857395,Beginner
34,78,3,9,66,106.8324231,Advanced
60,93,8,6,87,48.20315697,Intermediate
29,69,3,8,71,94.26172518,Advanced
62,72,11,11,97,68.53670039,Beginner
57,80,17,3,75,51.98631319,Professional
63,100,0,0,69,96.13617156,Intermediate
74,97,8,3,67,121.734636,Intermediate
74,100,7,3,65,132.6250431,Intermediate
59,71,4,5,66,91.97259375,Beginner
64,90,7,3,83,52.78550702,Intermediate
76,80,4,6,68,96.23668642,Professional
67,92,8,3,79,50.96177093,Intermediate
35,73,11,1,81,100.8085386,Advanced
91,65,0,12,87,67.00108,Beginner
71,72,1,3,82,46.78598063,Beginner
60,65,12,4,81,113.7372645,Beginner
68,99,10,6,79,81.23319787,Intermediate
65,95,2,0,70,80.64211872,Intermediate
68,68,11,3,78,86.82204443,Professional
43,77,14,7,71,56.23776041,Advanced
70,90,4,4,70,92.05081804,Professional
59,86,8,10,97,51.93863503,Beginner
70,98,3,0,66,87.09577071,Intermediate
32,75,4,10,70,65.60095344,Advanced
29,70,5,6,80,49.24860955,Advanced
63,67,7,8,70,72.36238808,Professional
57,57,5,10,72,80.30434643,Professional
34,76,7,7,69,103.5772673,Advanced
74,71,5,7,68,86.32352698,Professional
55,92,6,9,93,58.27424589,Intermediate
69,65,9,6,71,69.34394165,Professional
36,73,7,8,71,72.16788943,Advanced
30,61,8,2,94,82.10187356,Advanced
72,78,11,3,76,93.03211348,Professional
68,64,9,2,74,120.2853307,Beginner
77,72,1,7,70,111.0563968,Professional
84,97,14,4,70,82.22867355,Intermediate
64,66,5,9,69,79.33264636,Professional
44,67,17,2,86,94.16574529,Advanced
67,100,7,7,77,105.1633204,Intermediate
26,73,6,1,81,109.0743601,Advanced
44,95,0,8,91,79.65778343,Intermediate
54,100,16,0,77,47.7929381,Professional
66,76,13,2,79,77.62367567,Professional
78,72,7,4,72,90.63587867,Professional
60,100,4,5,75,119.7907278,Intermediate
73,97,10,4,73,86.81307362,Intermediate
11,56,6,1,94,83.95008482,Advanced
34,73,5,9,70,79.2301537,Advanced
40,93,1,11,99,67.26983957,Intermediate
63,76,7,6,72,80.80817378,Professional
38,74,9,6,71,91.49052105,Advanced
60,74,5,5,74,79.18671979,Professional
74,71,4,5,80,80.24845424,Beginner
86,69,0,3,74,77.68519736,Beginner
33,93,1,7,98,48.97951096,Intermediate
58,79,11,11,98,60.96224311,Beginner
53,92,16,0,82,65.91160019,Professional
63,63,14,7,84,129.3864976,Beginner
33,81,14,4,75,83.77682631,Advanced
65,73,2,8,69,89.61328874,Professional
62,79,1,8,69,91.45258455,Professional
29,69,3,6,76,85.84744901,Advanced
70,73,3,4,82,59.58233259,Beginner
78,96,14,7,81,60.75575068,Intermediate
27,73,4,5,75,101.8027139,Advanced
71,65,1,11,66,103.9968812,Professional
60,94,10,9,89,69.65043756,Intermediate
65,68,5,7,74,92.62028971,Professional
55,67,11,1,79,103.3612622,Beginner
68,62,5,7,74,95.29978937,Professional
55,99,9,13,92,110.3875655,Intermediate
70,68,12,9,83,128.5807946,Beginner
39,70,11,4,77,76.82809775,Advanced
32,68,6,5,77,77.75273151,Advanced
10,66,8,8,83,71.88460797,Advanced
85,85,1,11,87,60.07230485,Beginner
51,95,7,11,96,56.98064015,Intermediate
51,95,3,7,87,78.32076706,Intermediate
50,97,3,8,87,94.28122576,Intermediate
63,63,14,2,80,67.72029939,Professional
58,92,6,5,82,65.78434506,Intermediate
89,79,3,11,90,62.44395008,Beginner
77,53,5,16,64,115.8210442,Professional
76,62,1,12,63,96.73968628,Professional
55,89,19,15,55,79.34812258,Advanced
47,84,16,12,57,81.071634,Professional
60,98,7,8,82,103.1531768,Intermediate
60,74,5,8,72,78.14347745,Professional
77,99,9,1,67,81.579888,Intermediate
40,69,8,8,72,66.96060592,Advanced
62,99,8,7,82,83.99342765,Intermediate
65,78,2,4,84,49.46576769,Beginner
74,66,3,2,77,84.16870277,Beginner
57,70,7,2,84,68.1954317,Beginner
46,74,12,8,66,89.56827934,Advanced
44,94,4,12,100,58.72001205,Intermediate
58,96,13,12,95,54.25539861,Intermediate
73,74,10,3,75,79.90496411,Professional
57,70,10,0,76,107.4141705,Beginner
61,80,8,4,75,80.13847433,Professional
60,64,10,5,87,89.28046557,Beginner
61,71,10,0,73,117.8945525,Beginner
65,73,8,5,74,81.28114019,Professional
57,94,7,11,93,69.51724333,Intermediate
60,93,11,13,97,58.52831238,Beginner
45,71,19,2,87,72.72105129,Advanced
38,95,3,14,100,53.94724033,Intermediate
76,84,4,9,87,61.63716789,Beginner
79,74,8,1,78,104.2809613,Professional
73,70,5,4,78,92.84755934,Beginner
61,79,9,9,92,66.13517313,Beginner
62,91,8,5,85,48.73920637,Intermediate
56,65,14,6,73,45.93153982,Professional
59,65,11,1,77,117.5034553,Beginner
23,76,5,4,81,82.35730546,Advanced
68,95,9,7,81,83.4569533,Intermediate
94,54,1,8,69,137.2637689,Professional
40,94,4,13,100,54.38067356,Intermediate
27,72,1,10,70,82.12950549,Advanced
67,78,8,5,72,83.72278692,Professional
75,97,7,0,63,100.5313106,Intermediate
29,71,1,11,64,100.5957401,Advanced
46,84,14,11,62,64.9877593,Advanced
81,97,6,2,62,64.55401697,Intermediate
66,75,4,2,80,68.9251322,Beginner
71,64,7,5,82,91.77647526,Beginner
71,78,4,5,72,94.97921192,Professional
29,72,9,2,86,56.23639774,Advanced
31,64,5,3,83,85.54301728,Advanced
47,87,14,2,78,52.78339698,Professional
62,99,8,6,83,68.30294602,Intermediate
27,67,4,4,83,58.10514236,Advanced
70,67,4,5,76,107.7456874,Professional
68,74,13,1,79,82.50837922,Professional
69,82,8,4,71,78.91034715,Professional
64,80,12,12,93,87.37591873,Beginner
57,77,17,13,97,105.7705424,Beginner
79,75,2,4,74,115.4818225,Professional
79,75,6,15,96,69.28203052,Beginner
58,58,6,10,69,72.43065851,Professional
67,99,9,5,80,53.65945309,Intermediate
73,70,8,5,71,83.49505797,Professional
57,86,14,2,77,60.04025402,Advanced
56,79,3,2,87,67.92757865,Beginner
62,66,9,5,84,94.12240429,Beginner
36,70,10,3,79,82.46992895,Advanced
13,60,0,2,100,48.23178983,Advanced
78,61,7,3,73,128.9986566,Beginner
31,63,8,0,89,71.86279623,Advanced
53,76,13,4,77,59.60619343,Professional
63,66,10,6,73,64.40163506,Professional
41,80,12,9,67,73.44402461,Advanced
61,81,8,8,91,54.66529716,Professional
89,94,4,4,55,108.0532636,Intermediate
64,90,12,3,75,58.34115601,Professional
47,77,16,5,73,69.17720238,Advanced
86,76,2,3,74,124.2461973,Professional
79,100,9,0,67,45.55582039,Intermediate
76,63,8,5,74,89.70096333,Advanced
53,94,5,7,91,46.915968,Intermediate
83,84,0,9,86,47.98242924,Beginner
61,69,4,8,72,83.5255485,Professional
39,74,12,4,75,82.49974255,Advanced
21,72,3,2,82,104.3625779,Advanced
20,76,1,2,86,94.84874401,Advanced
68,97,12,12,84,118.8919533,Intermediate
32,56,10,4,100,61.26604909,Advanced
71,78,6,13,98,45.83503626,Beginner
60,97,12,11,93,58.53852228,Intermediate
33,74,6,8,71,87.76985343,Advanced
67,63,4,6,77,107.7739892,Advanced
67,84,16,2,71,45.97023611,Professional
56,88,9,5,71,59.24424519,Professional
51,94,9,14,97,100.9966958,Intermediate
45,82,15,7,64,112.78025,Advanced
69,94,8,2,73,72.21037177,Intermediate
42,81,11,11,62,88.6282159,Advanced
63,97,10,10,85,100.2025781,Intermediate
47,85,17,8,65,79.47169451,Professional
66,81,20,6,61,84.99015099,Advanced
80,100,8,2,62,120.3657429,Intermediate
67,81,1,7,70,101.5748719,Professional
78,83,11,1,77,102.3760328,Professional
38,73,9,7,71,82.55803972,Advanced
48,85,6,2,89,64.76156528,Beginner
80,85,1,11,91,50.48662731,Beginner
72,94,7,1,70,83.84578217,Advanced
55,72,15,5,83,123.5841348,Beginner
12,60,3,0,93,87.89801748,Advanced
79,100,8,3,63,120.2210649,Intermediate
66,95,5,4,76,95.56959666,Intermediate
77,90,7,2,68,55.56902568,Intermediate
64,68,14,10,88,119.1074176,Beginner
76,59,2,7,76,128.070193,Professional
37,80,10,9,69,62.60663515,Advanced
56,93,7,9,91,67.06457883,Intermediate
57,72,14,7,88,107.3844145,Beginner
56,71,16,9,91,111.6865813,Beginner
77,96,13,4,75,61.33067044,Intermediate
80,72,7,3,75,100.5911009,Professional
56,95,5,8,88,77.79186182,Intermediate
23,66,2,6,76,96.3158289,Advanced
74,72,8,12,92,83.02160072,Beginner
63,77,7,5,73,79.82631782,Intermediate
56,89,14,12,95,78.09366749,Beginner
55,72,13,4,77,57.32922583,Professional
48,85,18,7,64,97.07093369,Advanced
47,72,14,6,72,74.4616358,Advanced
52,97,7,13,97,80.22936112,Intermediate
66,62,9,5,75,81.36031259,Professional
79,76,5,3,76,112.897092,Professional
78,69,1,7,71,116.8738818,Professional
75,100,14,9,79,84.52313572,Intermediate
59,76,7,5,75,81.28116074,Professional
78,64,0,2,77,63.16916944,Beginner
29,68,5,3,81,96.75031614,Advanced
79,76,1,9,89,45.21873765,Beginner
52,73,16,8,68,59.97678735,Advanced
69,95,7,3,74,70.48494117,Intermediate
64,76,2,4,87,53.44015254,Beginner
64,75,3,3,68,80.71299677,Beginner
69,61,5,2,79,86.73116633,Beginner
35,77,8,8,68,100.3207569,Advanced
67,67,8,6,85,88.16184163,Beginner
59,69,9,6,90,73.02668771,Beginner
84,72,2,9,86,67.67198641,Beginner
64,100,4,4,72,115.3873081,Intermediate
80,66,4,6,82,85.78831837,Beginner
77,94,1,13,99,97.61484621,Beginner
81,74,0,0,68,86.05986864,Beginner
75,95,6,1,65,74.48408041,Intermediate
44,76,13,7,71,69.26066227,Advanced
58,77,8,3,81,79.67041457,Beginner
64,65,4,9,69,81.9231761,Professional
57,68,7,6,75,78.6262579,Professional
75,82,4,3,76,114.5646273,Professional
67,100,6,3,71,100.0516706,Intermediate
58,84,16,15,100,82.10446463,Beginner
66,96,5,4,75,94.88075077,Intermediate
66,92,1,1,65,91.18365503,Intermediate
76,62,10,6,77,132.7984913,Beginner
55,98,4,6,83,76.00193801,Intermediate
94,62,1,6,73,112.2520086,Beginner
62,91,10,10,91,59.73090093,Intermediate
30,77,5,8,68,105.9532119,Advanced
57,92,5,5,88,52.49379639,Beginner
12,64,4,4,87,71.42765621,Advanced
72,74,12,16,99,88.75303553,Advanced
74,81,2,4,80,59.20220909,Beginner
38,77,8,9,66,88.58430739,Advanced
87,88,0,13,92,50.95887629,Beginner
60,72,10,3,78,108.9003991,Beginner
31,69,7,4,85,54.17342058,Advanced
70,88,11,5,83,53.03700691,Intermediate
73,100,4,0,62,123.5429983,Intermediate
34,75,8,7,75,64.40624092,Advanced
43,92,2,10,97,65.50672858,Intermediate
69,68,4,4,77,107.6745652,Professional
62,91,13,3,73,56.00669964,Professional
67,95,10,7,81,80.61023339,Intermediate
76,74,1,7,69,99.51354785,Professional
26,62,5,0,90,80.53151444,Advanced
55,72,17,13,99,98.09503355,Professional
53,60,11,7,75,59.45184866,Professional
65,65,15,8,85,135.5601485,Beginner
68,90,9,5,81,52.19549642,Intermediate
63,67,11,4,81,111.1153382,Beginner
49,92,11,7,92,55.49321743,Intermediate
43,91,2,2,87,45.16886727,Intermediate
24,73,4,4,80,95.40641481,Advanced
48,81,14,11,61,67.19482866,Advanced
67,84,9,3,75,81.34029715,Professional
60,91,10,11,91,72.2496837,Intermediate
31,70,7,5,80,58.5236144,Advanced
58,80,13,2,79,60.62191843,Professional
61,69,7,7,72,73.40522074,Professional
57,72,4,2,74,71.10007592,Beginner
76,69,6,10,89,74.42410611,Beginner
51,79,7,1,84,53.95646707,Beginner
32,70,8,4,81,72.09846324,Advanced
68,69,11,8,84,111.0238822,Beginner
85,77,0,5,78,64.61587521,Beginner
51,68,3,12,66,64.4888979,Professional
54,70,18,2,75,90.70310203,Beginner
20,66,3,0,91,83.53046252,Advanced
61,56,15,7,88,122.5566137,Beginner
55,82,15,3,75,52.31252216,Professional
85,100,2,6,55,149.5317243,Intermediate
42,74,6,15,61,47.55272856,Advanced
31,75,3,11,67,71.97018706,Advanced
40,79,11,8,66,94.24634987,Advanced
25,70,5,3,85,69.91510055,Advanced
20,62,4,10,80,48.61691513,Advanced
74,66,5,4,78,95.06023246,Professional
48,78,14,9,65,79.8846787,Advanced
64,68,9,4,83,91.02075033,Beginner
53,95,5,9,91,64.18313336,Intermediate
73,80,1,6,86,49.04164887,Beginner
71,93,10,5,78,73.76474508,Intermediate
39,78,11,8,71,63.61922446,Advanced
30,80,3,11,64,95.67260926,Advanced
77,94,5,1,60,104.3398027,Intermediate
48,92,6,12,98,62.02955973,Intermediate
63,69,8,8,69,67.91925705,Professional
63,80,5,2,80,63.02875695,Beginner
18,61,1,0,93,77.44750015,Advanced
37,82,9,10,62,108.7338272,Advanced
48,89,0,4,82,88.01568076,Intermediate
49,78,17,8,70,45.46388289,Advanced
59,76,7,4,86,64.76518272,Beginner
67,75,5,5,84,69.20501615,Beginner
55,65,14,6,73,46.71247472,Professional
37,70,11,4,82,45.33391956,Advanced
94,100,18,3,63,84.2344568,Intermediate
52,80,13,7,91,80.21408242,Beginner
57,73,11,5,85,91.76149519,Beginner
51,78,3,1,82,56.94185132,Beginner
73,68,4,5,82,80.31272216,Beginner
45,69,14,3,80,53.89606104,Advanced
61,99,9,11,88,92.67148238,Intermediate
58,75,15,2,80,67.57470563,Professional
40,65,12,2,84,52.197362,Advanced
51,89,0,3,85,56.7591498,Intermediate
60,55,1,11,72,105.9208084,Professional
32,67,10,0,87,88.07151921,Advanced
53,62,9,8,72,58.49696432,Professional
69,71,7,5,74,86.03350943,Professional
25,68,2,6,81,63.90227536,Advanced
67,79,6,10,94,46.45368441,Beginner
66,98,12,9,87,52.32796015,Intermediate
38,72,10,5,76,72.34814034,Advanced
50,85,20,1,74,90.34634899,Advanced
41,62,10,1,83,77.75102037,Advanced
67,67,5,1,77,88.5603251,Beginner
61,99,11,12,88,106.5773841,Intermediate
30,68,7,2,85,78.0931339,Advanced
31,82,4,12,61,104.1550143,Advanced
43,70,16,1,84,55.42497319,Advanced
60,69,18,0,82,58.86512625,Professional
63,86,11,2,76,68.59349252,Professional
55,63,10,7,74,60.36060763,Professional
81,73,7,3,74,97.22191058,Professional
55,89,18,14,55,85.83275432,Advanced
56,66,8,7,72,64.30250068,Professional
73,74,7,3,77,101.5375559,Professional
59,97,6,7,80,99.91642668,Intermediate
70,70,11,1,82,94.16293349,Professional
63,78,10,5,73,66.39471878,Professional
63,93,8,7,82,89.34478835,Intermediate
65,100,8,8,79,109.6867422,Intermediate
63,80,12,11,93,86.98038488,Beginner
78,92,9,1,68,52.60630032,Intermediate
60,68,7,8,70,74.10836517,Professional
71,70,13,15,97,104.1479641,Beginner
85,61,0,2,72,92.55315897,Beginner
44,73,15,2,77,85.81387261,Advanced
65,97,10,8,85,65.94539893,Intermediate
66,69,7,6,74,94.30775429,Professional
13,62,6,5,100,70.87822469,Advanced
70,100,6,2,71,81.34017326,Intermediate
78,100,9,2,66,105.529387,Intermediate
45,93,3,10,96,67.732719,Intermediate
35,62,9,0,88,73.81361196,Advanced
73,97,11,7,78,82.6113314,Intermediate
65,75,0,1,82,63.09377985,Beginner
76,93,12,5,77,56.13185749,Intermediate
21,76,2,7,77,77.56891024,Advanced
64,67,10,7,88,88.9925587,Beginner
58,92,3,9,97,88.44411512,Beginner
67,71,10,4,74,75.85536787,Beginner
32,70,6,5,79,65.82572661,Advanced
72,100,10,7,72,118.6196293,Intermediate
76,97,8,3,69,99.48551019,Intermediate
60,62,12,2,77,124.2676389,Beginner
62,62,4,9,71,83.41403866,Professional
23,61,3,0,92,83.36972432,Advanced
47,72,20,1,83,90.77799167,Advanced
46,72,10,12,66,54.90179049,Advanced
78,70,7,12,92,82.64863725,Beginner
61,96,6,5,83,51.03660361,Intermediate
74,77,17,0,78,73.99784821,Professional
83,98,11,3,70,75.73826456,Intermediate
26,60,5,3,91,126.3040124,Advanced
40,62,11,1,89,59.23177019,Advanced
25,73,3,6,76,95.03303398,Advanced
60,68,5,8,73,89.25642798,Professional
71,63,5,6,75,100.4195818,Professional
31,75,3,10,67,94.52847592,Advanced
24,58,3,0,94,63.4996372,Advanced
45,86,10,16,55,66.87128688,Advanced
83,64,2,4,76,121.4871182,Professional
62,94,10,8,92,73.94095925,Intermediate
69,96,10,7,77,105.5313262,Intermediate
66,55,9,0,72,129.569163,Beginner
72,100,14,10,83,77.71677921,Intermediate
49,83,19,6,69,75.85185212,Advanced
87,74,4,3,74,119.394253,Professional
52,64,10,8,72,56.4574804,Professional
53,99,12,15,100,56.4757187,Intermediate
68,65,8,5,76,88.16566335,Professional
55,100,4,9,83,113.7631438,Intermediate
69,72,11,4,73,71.60231914,Professional
66,73,11,10,90,92.12619807,Beginner
10,59,7,4,89,74.75566544,Advanced
52,97,3,1,71,126.2606163,Intermediate
60,75,6,6,90,46.39726481,Beginner
82,98,11,0,64,70.92353359,Intermediate
75,54,11,3,76,140.4510059,Beginner
85,70,6,4,72,103.4762044,Professional
48,80,11,3,86,69.96759589,Beginner
70,74,0,9,67,100.9398263,Professional
62,92,7,5,84,57.47060509,Intermediate
22,70,1,9,76,74.34148471,Advanced
72,64,8,6,73,85.0292407,Professional
80,68,5,4,75,117.048791,Professional
69,92,8,2,77,50.38826777,Intermediate
67,80,7,5,74,91.67030371,Professional
66,96,11,9,85,77.27096672,Intermediate
74,65,11,6,71,76.30055576,Professional
62,85,4,2,83,65.28981901,Intermediate
64,86,14,1,77,69.15987019,Professional
16,65,1,1,90,80.3563729,Advanced
61,82,7,5,72,70.82934198,Professional
65,79,8,6,85,75.90221798,Beginner
68,53,1,10,71,103.4822199,Professional
51,92,5,12,96,77.32764455,Intermediate
64,95,7,5,78,80.83478499,Intermediate
72,65,0,11,66,88.6944131,Professional
64,58,8,8,70,72.94864799,Professional
58,94,0,1,75,84.64606353,Intermediate
49,78,16,3,76,52.23256539,Professional
60,77,16,6,68,57.76789696,Professional
77,72,6,7,82,93.09578251,Beginner
58,90,3,3,83,48.53981917,Intermediate
38,72,16,3,82,52.48580802,Professional
52,75,14,5,74,45.59104042,Professional
27,69,1,8,73,90.96862442,Advanced
69,66,1,13,62,90.53535159,Professional
88,100,13,3,59,141.7940858,Intermediate
36,76,7,9,67,86.25111817,Advanced
47,74,10,9,69,46.20450209,Professional
66,99,10,7,85,45.63649103,Intermediate
53,67,14,3,79,59.70275336,Professional
33,78,7,9,70,74.36898825,Advanced
73,71,4,4,80,79.15546088,Beginner
22,75,1,12,67,83.39599423,Advanced
74,64,6,7,69,85.87109953,Professional
38,78,13,4,74,94.15708077,Advanced
63,71,6,5,88,58.94741376,Beginner
72,59,8,6,72,80.38533488,Professional
41,72,11,5,72,102.5561698,Advanced
58,66,15,7,88,112.0553914,Beginner
55,94,5,9,88,87.57582128,Intermediate
69,84,5,3,76,99.09654505,Professional
58,66,16,3,81,70.50275296,Professional
72,100,0,2,57,133.5254998,Intermediate
91,100,17,6,57,164.5480379,Intermediate
23,78,3,8,71,93.2331619,Advanced
67,83,4,4,75,102.2542337,Professional
56,77,9,6,89,64.42816359,Beginner
63,79,8,7,66,51.48718318,Professional
81,66,6,6,70,95.46667174,Advanced
46,76,13,7,66,93.9515297,Advanced
47,75,15,7,92,80.8694292,Beginner
60,100,9,12,91,87.89222044,Intermediate
59,89,5,4,84,47.89407955,Intermediate
71,64,10,9,87,102.1806848,Beginner
67,88,3,6,86,46.24586097,Beginner
74,99,12,7,76,93.53641951,Intermediate
25,62,7,3,96,83.1686603,Advanced
77,68,5,3,74,106.1876158,Beginner
36,80,9,6,71,96.80107852,Advanced
68,74,12,5,71,64.37212356,Professional
66,50,3,12,68,82.2709219,Professional
37,76,12,5,75,80.30486772,Advanced
63,55,13,1,74,148.4349996,Beginner
41,84,3,10,100,56.16852693,Intermediate
27,70,0,7,78,73.92300177,Advanced
74,52,1,11,69,116.4269074,Professional
72,72,3,4,81,65.44958918,Beginner
53,98,6,10,89,96.98453798,Intermediate
69,95,9,6,79,83.57951508,Intermediate
68,79,0,3,84,54.85944974,Beginner
57,93,7,9,93,49.92705959,Intermediate
63,89,9,11,95,52.59551869,Beginner
85,70,1,6,82,54.35607645,Beginner
79,84,8,2,73,90.00386717,Professional
73,68,4,5,82,75.42487143,Beginner
40,72,11,3,79,80.73323225,Advanced
75,98,15,8,78,97.81322164,Intermediate
32,65,2,8,75,77.4432284,Advanced
65,91,4,3,76,79.90999465,Intermediate
29,70,1,9,71,86.35083875,Advanced
73,76,2,5,84,51.6177406,Beginner
65,97,3,0,62,118.1653894,Intermediate
55,82,17,14,55,62.07902028,Advanced
64,95,9,6,84,48.42910466,Intermediate
39,73,10,6,74,70.87681748,Advanced
36,74,9,6,73,80.10827884,Advanced
51,51,2,14,68,77.12508087,Professional
52,77,12,3,84,88.29954943,Beginner
40,72,8,8,68,90.52701174,Advanced
62,71,7,7,71,75.60039217,Professional
74,93,10,2,74,58.42099631,Intermediate
59,78,12,6,70,55.53054846,Professional
66,75,11,5,71,63.52917384,Professional
63,63,12,2,74,137.8831448,Beginner
67,81,11,3,75,78.28225377,Professional
18,66,5,2,99,59.98591803,Intermediate
70,83,4,9,94,57.35054522,Beginner
58,69,9,1,78,98.31808864,Beginner
46,75,13,8,67,85.29186043,Intermediate
33,71,9,3,84,49.34135272,Advanced
36,75,9,7,73,59.57669432,Advanced
58,58,14,4,82,121.6699064,Beginner
38,69,11,3,81,58.17584521,Advanced
60,91,10,10,92,70.01448145,Intermediate
71,98,5,0,70,57.12597348,Intermediate
62,100,9,10,83,106.0662818,Intermediate
54,83,13,4,74,57.82743077,Professional
71,94,9,3,75,64.53636741,Intermediate
47,76,15,6,70,77.44733721,Advanced
61,70,9,5,86,81.68505248,Beginner
57,72,19,13,96,120.6112346,Beginner
34,64,7,0,86,88.03543539,Advanced
62,76,3,3,86,51.67646661,Beginner
63,58,6,10,68,71.45313713,Professional
32,70,7,5,82,47.5312647,Advanced
43,72,14,3,76,81.98580038,Advanced
72,73,5,7,86,71.55619216,Beginner
35,73,10,5,77,70.50886669,Advanced
70,92,5,1,73,66.44456302,Intermediate
89,100,10,0,56,107.2512567,Intermediate
78,55,5,5,81,97.04633422,Beginner
82,77,3,3,76,122.2062759,Professional
33,69,8,3,79,92.03303241,Advanced
57,88,11,3,75,66.90206473,Professional
17,67,2,8,85,67.3019645,Advanced
68,100,8,6,74,114.557381,Intermediate
54,77,11,8,93,67.70434883,Beginner
57,76,9,4,85,76.50601528,Beginner
38,76,7,10,66,88.91664768,Advanced
81,98,11,2,66,95.67323685,Intermediate
53,83,7,4,77,75.49023252,Professional
59,77,8,8,66,54.43281478,Professional
74,100,16,11,85,72.47136745,Intermediate
78,98,19,13,88,62.13617344,Intermediate
75,67,2,7,71,104.4165586,Professional
65,65,12,5,74,68.17859095,Professional
81,100,16,9,76,101.1472521,Intermediate
48,89,18,2,75,62.38381077,Professional
60,71,7,10,98,50.23627746,Beginner
31,68,3,7,72,107.8584949,Advanced
31,73,4,7,71,108.7757902,Advanced
81,73,6,5,70,96.31698579,Professional
70,94,10,0,76,82.02918179,Professional
70,54,7,9,69,78.94674163,Professional
63,88,9,7,82,79.04901794,Intermediate
53,90,14,2,78,64.17471384,Professional
69,100,12,10,80,111.4957513,Intermediate
12,61,1,1,96,93.54510373,Advanced
51,81,8,5,91,47.96770349,Beginner
32,77,7,8,71,81.17939297,Advanced
78,96,2,5,55,99.8268362,Intermediate
29,61,4,1,87,78.89690011,Advanced
55,72,8,1,82,73.96571477,Beginner
34,67,15,3,98,53.75183064,Advanced
31,64,3,5,76,104.9930193,Advanced
69,59,10,3,76,126.6768133,Beginner
57,74,9,4,85,76.56859399,Beginner
58,74,14,10,92,94.99415881,Beginner
78,80,1,7,83,60.14696013,Beginner
74,75,7,11,91,69.06135955,Beginner
32,74,11,2,83,76.39306918,Advanced
36,71,8,5,74,89.24576462,Advanced
79,67,6,8,82,101.2747711,Beginner
84,78,2,7,85,54.66250165,Beginner
59,86,14,2,76,57.75549974,Professional
60,86,7,5,71,70.99790094,Professional
54,94,3,6,86,67.84104612,Intermediate
42,78,8,13,59,89.12774259,Advanced
35,72,4,10,67,90.69418299,Advanced
90,100,10,0,55,119.6846781,Intermediate
71,97,15,11,87,60.98312778,Intermediate
19,63,1,3,84,100.2431806,Advanced
77,70,12,1,78,91.12217171,Professional
46,72,18,10,98,87.8046175,Beginner
53,92,12,9,94,63.0782924,Beginner
40,70,15,2,86,61.59549667,Advanced
73,71,4,8,67,88.75034063,Professional
73,100,9,4,74,69.03503209,Intermediate
61,82,2,5,88,59.2399301,Beginner
23,71,0,8,77,67.18376399,Advanced
16,59,0,0,95,73.86367717,Advanced
29,65,7,1,88,57.3300773,Advanced
64,99,9,5,76,70.90530548,Intermediate
62,57,4,10,71,84.39145027,Professional
43,69,20,4,93,59.56335426,Advanced
44,77,16,3,75,87.98515086,Advanced
37,67,9,3,80,75.40460299,Advanced
68,65,5,3,80,79.43202393,Beginner
68,63,0,10,67,93.92847684,Professional
63,94,4,4,82,56.62785251,Intermediate
57,99,5,8,79,134.5086462,Intermediate
21,66,2,2,87,72.28203529,Advanced
70,75,0,0,77,55.59252509,Beginner
64,69,5,7,72,82.80552398,Professional
78,100,11,3,67,104.8561612,Intermediate
23,66,1,8,72,88.33623076,Advanced
61,72,7,5,76,80.67263125,Professional
20,64,2,0,91,79.50834305,Advanced
57,66,12,0,76,114.6114756,Beginner
52,99,6,11,89,112.5122082,Intermediate
88,99,6,5,55,130.0994578,Intermediate
61,97,11,11,92,54.14741552,Intermediate
52,88,15,1,80,57.33346721,Intermediate
38,89,1,8,100,90.47747461,Intermediate
79,65,6,8,83,96.82534424,Beginner
66,71,9,5,74,79.64612049,Professional
56,73,14,4,76,52.79458067,Professional
69,62,6,4,81,87.7569838,Beginner
64,50,1,15,65,94.73783859,Professional
58,74,7,7,72,74.50664132,Professional
58,100,7,10,86,93.57266996,Intermediate
71,52,6,1,68,123.4722186,Beginner
51,82,11,4,74,51.9238669,Professional
44,92,7,15,100,92.11752853,Intermediate
31,61,5,3,85,63.00182922,Advanced
77,75,1,8,87,49.1027828,Beginner
59,63,6,9,70,72.93761492,Professional
91,92,11,0,61,71.47966877,Intermediate
64,100,13,12,88,91.50820982,Intermediate
63,93,6,6,81,79.90415453,Intermediate
63,77,6,6,89,55.92605927,Beginner
19,67,5,3,94,102.0757657,Advanced
59,93,14,13,97,58.47956439,Intermediate
21,65,0,4,82,87.26781588,Advanced
66,83,0,1,80,58.85289367,Advanced
13,54,8,5,89,65.5348812,Advanced
44,71,13,5,75,61.04282696,Advanced
53,96,5,10,88,104.1233894,Intermediate
68,90,13,9,92,64.40595057,Intermediate
70,71,3,7,70,92.16769552,Professional
12,59,0,4,100,66.9244417,Advanced
70,70,10,7,83,107.3508332,Beginner
70,69,6,6,86,73.94082522,Beginner
64,68,7,5,77,93.4444938,Professional
38,71,5,10,66,86.82792852,Advanced
52,72,17,6,72,51.62333839,Advanced
84,100,13,6,67,123.989905,Beginner
49,78,13,12,61,59.76566945,Advanced
68,59,11,7,84,114.2213739,Beginner
23,69,5,0,88,81.72967271,Advanced
38,82,11,9,68,66.69476071,Advanced
64,94,4,3,73,107.9211305,Intermediate
27,80,2,12,64,90.70957851,Advanced
64,100,7,7,77,106.447665,Intermediate
63,86,3,6,88,51.82131557,Beginner
36,78,10,6,71,90.5671135,Advanced
60,71,11,5,85,91.63403852,Beginner
37,76,11,5,75,82.3249962,Advanced
35,74,7,7,71,83.15192199,Advanced
52,100,13,19,100,93.77256,Intermediate
52,80,17,8,62,94.08876434,Advanced
54,81,5,6,75,81.78094707,Professional
65,78,8,5,72,72.8376484,Professional
37,76,17,1,87,76.74113071,Advanced
76,68,4,7,83,78.77171412,Beginner
25,59,1,2,86,77.25463814,Advanced
63,77,9,9,93,63.46675369,Beginner
64,78,4,7,71,84.45689001,Professional
82,100,19,9,79,67.77149198,Intermediate
61,78,10,9,92,73.87566515,Beginner
53,85,10,5,74,60.67113435,Professional
72,100,10,7,73,125.7930741,Intermediate
53,78,10,7,71,49.47151079,Professional
57,72,10,4,85,83.4228369,Beginner
62,90,7,3,86,84.19733137,Intermediate
64,74,0,0,78,50.04664224,Beginner
62,100,8,9,84,91.13697135,Intermediate
32,74,8,4,76,88.10672807,Advanced
60,96,1,2,75,85.664748,Intermediate
50,78,10,3,86,68.96642753,Beginner
45,74,10,10,64,82.98507809,Advanced
30,71,4,6,75,90.67149337,Advanced
75,80,6,10,87,76.43299146,Beginner
41,79,11,7,64,124.3619546,Advanced
72,65,3,6,74,104.6943399,Professional
57,92,12,15,95,95.38818844,Intermediate
64,90,9,5,86,63.59708343,Intermediate
42,72,14,2,79,79.29752369,Advanced
39,73,10,6,74,64.75955903,Advanced
50,84,17,1,80,50.33455344,Professional
28,69,6,2,84,82.47816427,Advanced
27,82,10,3,81,72.60116304,Advanced
27,60,5,0,93,64.90894577,Advanced
29,76,5,7,73,87.92499117,Advanced
52,78,12,15,55,61.73965571,Advanced
55,74,20,15,99,120.0183766,Beginner
52,95,4,8,88,85.39228919,Intermediate
64,70,5,4,86,54.57836578,Beginner
60,77,7,6,90,52.8439989,Beginner
59,75,18,12,94,113.924422,Beginner
45,83,8,8,70,50.61759553,Professional
46,73,11,2,85,79.93173571,Beginner
52,90,3,2,86,66.36621787,Intermediate
79,59,10,10,85,126.7383058,Beginner
59,95,8,8,84,92.04177925,Intermediate
63,66,1,12,66,95.80051437,Professional
63,71,7,6,73,79.01582243,Professional
60,81,12,13,99,62.82560955,Beginner
81,77,2,6,84,56.96014379,Beginner
56,96,5,8,86,83.14414484,Intermediate
61,79,10,4,76,78.62204845,Professional
80,100,12,4,67,106.9113982,Intermediate
65,83,9,4,73,76.08090328,Professional
77,91,4,4,55,98.61902794,Intermediate
55,96,8,11,89,98.42114735,Intermediate
53,77,13,13,55,94.76747259,Advanced
81,73,5,13,92,72.66763722,Beginner
32,67,7,3,80,94.80778373,Advanced
47,85,12,14,55,80.63799575,Advanced
60,88,13,2,75,57.62965042,Professional
76,69,5,7,83,80.43050807,Beginner
27,78,3,9,67,113.3188997,Advanced
46,78,12,9,60,110.591853,Advanced
68,98,3,0,67,92.00447625,Intermediate
49,87,13,4,74,48.27952156,Professional
57,62,7,8,71,75.86618634,Professional
69,70,3,6,89,46.7039734,Beginner
35,72,9,7,72,79.78637541,Advanced
49,68,16,3,77,62.05594939,Advanced
38,80,16,2,78,76.16704008,Advanced
69,50,4,10,72,95.95229674,Professional
34,77,10,5,76,74.40386148,Advanced
60,88,20,0,76,58.00325616,Professional
38,76,7,12,65,60.83697693,Advanced
74,61,8,5,79,116.4897551,Beginner
30,80,14,2,80,71.66103426,Advanced
29,73,5,4,75,121.7918246,Advanced
76,71,6,3,78,109.2436089,Professional
58,96,4,8,83,105.0488485,Intermediate
63,62,4,7,75,95.16941249,Professional
49,57,14,0,77,125.0550008,Beginner
59,80,11,9,93,68.19895234,Beginner
27,62,2,3,83,84.36448891,Advanced
78,80,4,10,89,62.06203495,Beginner
65,50,0,13,69,98.6538373,Professional
20,67,1,3,88,58.55953711,Advanced
44,79,13,6,75,48.45436929,Professional
24,72,4,5,81,59.43945615,Advanced
67,80,11,1,79,84.56587449,Professional
61,58,12,2,79,117.4432302,Beginner
62,73,5,1,81,60.45741401,Beginner
81,71,7,10,85,98.94504191,Beginner
67,81,14,0,83,83.64403935,Professional
76,56,0,10,69,111.1718941,Professional
61,92,9,6,87,49.66923943,Intermediate
64,70,6,8,70,76.73954216,Professional
58,85,16,1,77,51.89428134,Professional
54,96,8,10,94,56.14362135,Intermediate
23,71,4,3,83,81.84537064,Advanced
33,67,3,8,74,71.6799565,Advanced
43,89,10,1,85,56.06734631,Beginner
72,91,9,0,80,104.8219368,Professional
60,71,13,4,75,59.6830122,Professional
72,76,7,3,77,103.4004767,Professional
81,71,3,5,73,114.9413845,Professional
43,83,19,2,75,89.89169546,Advanced
19,71,5,12,67,97.00460373,Advanced
30,66,5,4,82,63.65868526,Advanced
32,61,6,2,89,52.70957039,Advanced
68,76,3,9,66,82.56259599,Professional
74,100,10,5,69,114.629172,Intermediate
48,88,1,5,93,64.43053512,Intermediate
75,100,6,2,64,120.9891818,Intermediate
75,86,6,3,74,99.10128308,Professional
23,68,2,4,83,74.04529957,Advanced
66,76,5,3,80,105.6557726,Professional
38,79,8,11,64,74.83098774,Advanced
45,62,18,0,86,47.19819992,Beginner
42,80,8,12,58,100.0417308,Advanced
58,100,10,13,93,76.08517861,Intermediate
66,76,4,4,84,56.81380593,Intermediate
70,65,13,7,80,139.4481795,Beginner
57,69,12,4,82,108.6597536,Beginner
53,90,5,8,90,67.99500833,Intermediate
72,77,7,6,70,83.51051799,Professional
53,81,7,6,92,49.64872636,Beginner
53,93,3,6,86,74.56477124,Intermediate
67,92,10,4,77,72.91740044,Intermediate
63,87,2,6,91,73.85353738,Beginner
74,77,5,7,84,71.3802716,Beginner
67,79,7,8,88,67.05978416,Beginner
62,77,9,3,78,89.7510725,Professional
47,85,15,9,59,112.7348124,Advanced
77,68,1,3,78,66.06330211,Professional
26,64,2,5,83,61.32257276,Advanced
56,93,6,9,93,59.41850341,Intermediate
72,66,2,2,79,69.43675051,Beginner
52,70,5,11,65,48.06850211,Professional
66,96,11,7,84,59.47891953,Intermediate
23,66,1,5,82,91.56962436,Advanced
36,84,6,14,56,94.90191076,Advanced
72,98,12,6,79,67.6491688,Intermediate
53,73,15,2,80,59.30216422,Professional
75,73,8,4,73,84.90828827,Professional
59,76,6,3,85,55.98173987,Beginner
24,68,2,5,83,59.4732673,Advanced
47,81,15,6,92,76.68625757,Beginner
67,100,9,8,79,98.62820801,Intermediate
61,70,11,8,90,89.29020764,Beginner
70,71,10,6,81,108.6591245,Beginner
87,97,7,5,55,62.85036699,Intermediate
35,71,9,3,78,86.61951729,Intermediate
61,59,9,7,73,71.0853332,Professional
52,68,15,2,79,127.0778038,Beginner
51,59,7,3,73,93.20782741,Beginner
65,96,4,3,76,81.55631885,Intermediate
65,61,4,11,65,73.42507295,Professional
19,65,1,1,90,83.67403372,Advanced
11,61,4,2,94,66.65100186,Advanced
64,94,7,4,82,53.42382355,Intermediate
78,68,2,8,68,99.84967645,Professional
58,69,3,2,76,59.9363205,Beginner
58,97,10,12,91,99.63027917,Intermediate
17,68,2,7,80,77.7441432,Advanced
77,62,1,9,67,101.2007092,Professional
76,64,2,8,69,100.9699984,Professional
64,100,4,3,74,83.34561121,Intermediate
70,67,6,3,79,89.85592179,Beginner
61,91,8,6,84,65.99845835,Intermediate
82,61,10,11,85,124.1929878,Beginner
60,75,10,7,88,80.64759075,Beginner
61,81,0,0,79,63.44366574,Beginner
57,68,14,3,79,124.7532309,Beginner
64,100,5,6,71,135.3702949,Intermediate
57,64,10,0,76,107.3670701,Beginner
98,61,3,7,69,145.3535038,Professional
66,98,4,1,71,84.77835279,Intermediate
68,63,6,1,75,96.39032462,Beginner
71,96,5,1,67,60.45905806,Intermediate
74,72,4,7,69,91.91702005,Professional
69,75,7,3,79,104.4660803,Professional
73,96,6,1,69,74.92414031,Intermediate
69,80,4,6,87,50.53769278,Beginner
80,63,0,7,72,117.7198647,Professional
69,95,11,5,81,49.19799118,Intermediate
31,57,5,0,92,51.08090802,Advanced
74,76,6,4,74,102.4674463,Professional
76,78,11,2,74,75.44864371,Professional
69,96,9,5,77,72.55223567,Intermediate
26,70,3,2,84,89.46260836,Advanced
68,74,4,6,87,55.50647161,Beginner
41,72,9,8,72,56.43491757,Intermediate
70,75,3,2,78,72.49707223,Beginner
60,78,7,6,73,78.84120137,Professional
54,94,8,11,94,64.87187976,Intermediate
31,59,4,3,85,71.5808066,Advanced
85,94,10,1,61,70.1901619,Intermediate
30,70,0,11,69,79.67977645,Advanced
41,84,5,17,55,112.0994992,Advanced
36,73,6,7,68,112.9744487,Advanced
68,97,8,5,75,102.0832767,Intermediate
82,100,17,6,73,74.21611847,Intermediate
72,94,9,4,74,83.51185399,Intermediate
32,74,7,5,73,100.6805743,Advanced
86,99,16,5,70,79.59473776,Intermediate
46,75,11,9,64,88.52000017,Advanced
66,91,5,1,78,52.05656237,Intermediate
57,79,10,10,97,56.94897341,Beginner
59,100,20,4,83,52.47241829,Professional
34,76,10,7,76,54.47737891,Advanced
64,55,8,9,71,71.87232139,Professional
62,65,10,0,74,118.4524377,Beginner
70,73,14,11,86,126.5686424,Beginner
68,74,4,6,87,54.95410627,Beginner
63,79,4,1,79,58.77858919,Beginner
78,59,3,8,70,102.6830123,Professional
67,79,7,11,95,54.21330195,Beginner
19,76,4,3,82,95.75551423,Advanced
54,91,5,0,71,99.8474142,Intermediate
74,70,3,4,80,72.18310972,Beginner
33,70,6,6,75,85.54675545,Advanced
73,67,7,3,75,115.4244032,Beginner
74,100,8,3,71,88.15851826,Intermediate
66,99,10,10,84,98.90229881,Intermediate
69,96,13,9,80,85.9858951,Intermediate
71,71,4,5,83,69.80739807,Beginner
63,77,7,7,70,74.55822294,Professional
29,75,5,7,74,88.06065052,Advanced
24,64,3,3,87,58.35881877,Advanced
62,88,8,3,76,87.24940859,Professional
66,63,4,8,72,91.63656854,Professional
83,65,4,5,72,108.6805587,Professional
81,54,5,2,70,133.975493,Beginner
79,99,12,3,72,65.12574173,Intermediate
68,89,5,0,70,64.83699821,Intermediate
52,95,7,11,95,59.02598641,Intermediate
47,93,10,14,100,46.24193274,Intermediate
97,100,8,7,55,107.3178513,Advanced
33,93,5,17,100,46.44028292,Intermediate
64,70,11,10,93,84.78765217,Beginner
65,96,10,9,86,70.60979172,Beginner
81,93,13,5,80,70.75866996,Intermediate
75,59,4,8,70,95.3169309,Professional
76,68,0,8,72,124.3098515,Professional
74,91,4,1,63,89.55390746,Intermediate
62,97,0,2,69,60.02206239,Intermediate
15,66,1,0,94,69.63399988,Advanced
72,84,3,11,94,55.37532344,Beginner
65,90,7,3,81,46.35661753,Intermediate
70,85,3,5,82,61.29975379,Beginner
43,72,12,6,74,57.4334834,Advanced
73,95,5,1,69,82.30366222,Intermediate
19,69,0,5,82,87.77185171,Advanced
70,78,3,11,97,66.43722911,Beginner
59,96,13,14,97,57.81466941,Intermediate
47,98,6,14,99,80.90461095,Intermediate
78,60,8,4,77,102.4009846,Professional
61,100,5,6,77,101.6254221,Intermediate
20,69,5,0,92,71.14829359,Advanced
19,73,2,4,86,54.3793395,Advanced
65,70,11,7,84,108.7417531,Beginner
53,69,15,5,85,114.3453382,Beginner
74,100,13,9,78,93.46877263,Intermediate
58,88,10,4,73,61.65302256,Professional
63,95,9,7,83,78.61766323,Intermediate
57,73,11,4,83,90.40558107,Beginner
61,71,7,1,79,80.48994442,Beginner
56,97,11,3,71,48.07664653,Professional
38,69,5,10,69,55.7561202,Advanced
67,98,10,10,81,110.3792456,Intermediate
43,78,12,7,66,107.6853991,Advanced
64,74,9,5,81,99.48001636,Beginner
43,73,9,10,64,80.78294066,Advanced
63,72,11,4,75,73.68645887,Professional
33,68,8,3,82,70.2644915,Advanced
72,80,6,5,72,92.77148033,Professional
67,97,10,6,81,68.27930497,Intermediate
62,63,8,2,68,120.584688,Beginner
55,80,9,8,68,49.61616013,Professional
69,61,11,4,76,136.3724939,Beginner
49,100,1,3,79,90.85210444,Intermediate
65,98,6,3,74,90.55817514,Intermediate
63,70,7,4,78,95.99380847,Professional
72,94,6,1,71,79.54232985,Intermediate
30,78,9,4,75,98.91520767,Advanced
83,60,1,9,69,122.9466044,Professional
50,94,1,6,85,87.54501294,Intermediate
25,66,2,3,83,91.60485811,Advanced
48,79,15,8,65,82.19843245,Advanced
65,94,8,5,81,67.38847535,Intermediate
26,72,4,6,79,63.60387044,Advanced
56,86,15,0,80,61.03661788,Professional
75,81,4,11,92,51.17114858,Beginner
46,79,19,3,75,80.75680808,Advanced
47,85,10,15,55,108.3377119,Advanced
74,66,0,4,80,63.45659475,Beginner
51,85,10,10,96,50.92919322,Beginner
67,96,8,3,77,59.79796867,Intermediate
45,80,12,5,76,47.44352208,Professional
63,96,12,13,89,113.5326376,Intermediate
20,58,2,6,85,51.40357582,Advanced
58,63,4,10,70,81.34769092,Professional
55,63,9,0,79,87.92433314,Beginner
93,100,6,6,55,108.0615706,Intermediate
62,96,9,10,86,95.55343401,Intermediate
55,86,14,2,78,61.09372473,Professional
50,82,14,3,79,56.6862345,Professional
63,50,4,11,72,87.31112635,Professional
85,100,7,0,55,135.6020687,Intermediate
51,93,8,15,96,115.4781949,Intermediate
65,72,4,0,77,73.01856483,Beginner
47,100,7,12,98,60.71470882,Intermediate
70,67,15,12,90,127.9227959,Beginner
68,57,11,0,69,151.0198331,Beginner
22,69,3,2,83,100.6899915,Advanced
36,73,10,4,77,75.22617248,Advanced
42,67,16,3,86,115.2521652,Advanced
33,67,8,2,81,91.56430377,Advanced
84,67,1,10,90,56.21343428,Beginner
37,72,10,6,76,64.18217064,Advanced
55,74,20,1,75,82.62795989,Advanced
44,100,20,4,84,68.28699581,Professional
71,64,8,5,77,100.9306453,Professional
34,75,7,4,75,99.40772636,Advanced
14,59,1,0,98,68.90068677,Advanced
17,70,1,3,88,63.96959516,Advanced
58,65,14,4,80,126.4774223,Professional
28,67,7,0,88,86.38432195,Advanced
43,80,10,11,60,93.83888745,Advanced
44,79,12,9,65,86.09773855,Advanced
65,85,6,9,93,47.63556961,Beginner
74,79,2,8,91,85.12119892,Beginner
22,70,1,5,80,80.00337312,Advanced
32,77,3,12,62,104.6768152,Advanced
54,68,12,5,77,65.38412136,Professional
65,98,6,4,78,70.86164961,Intermediate
72,81,0,5,83,47.54142395,Beginner
77,72,1,4,80,67.92033365,Beginner
32,70,10,0,85,82.8411112,Advanced
65,76,8,5,73,77.22854757,Professional
23,65,2,1,85,95.04649665,Advanced
37,77,5,12,61,89.23914692,Advanced
80,98,14,3,73,52.80507148,Intermediate
56,94,7,7,89,51.078253,Intermediate
74,100,5,0,63,102.4130307,Intermediate
69,69,3,4,84,59.54963385,Beginner
60,66,6,8,73,83.17933206,Professional
21,63,2,2,93,50.74650901,Advanced
49,70,11,0,82,84.13811208,Beginner
71,95,9,5,71,111.7187989,Intermediate
33,89,8,11,62,93.34062766,Advanced
82,58,3,10,69,130.620667,Professional
54,74,15,8,64,84.15814263,Advanced
53,76,11,4,77,64.43356817,Professional
80,87,8,18,100,66.30066753,Beginner
28,73,3,7,73,96.38304422,Advanced
69,92,8,2,76,58.97645716,Advanced
81,86,0,13,95,70.71871688,Beginner
68,84,9,2,76,84.50117325,Professional
60,75,12,8,89,91.02181546,Beginner
63,67,9,5,84,92.78432861,Beginner
67,99,7,5,75,100.5864576,Intermediate
66,73,8,6,71,73.53610796,Professional
64,99,10,11,82,132.9240308,Intermediate
52,88,15,14,55,107.2321914,Advanced
63,72,9,5,72,83.43364576,Professional
52,65,15,5,86,108.2630972,Beginner
31,77,7,7,73,84.20168204,Advanced
59,89,5,7,68,68.11298114,Beginner
62,82,7,6,70,72.96482481,Professional
71,68,10,7,82,112.2657178,Beginner
52,71,16,4,77,46.4837733,Professional
58,66,13,5,84,108.1526692,Beginner
42,65,17,1,82,119.3271777,Beginner
30,79,1,16,60,58.56710084,Advanced
75,66,2,4,83,60.87400682,Beginner
67,70,8,3,78,107.1533145,Beginner
67,71,8,8,86,89.77030199,Beginner
73,62,4,1,75,98.02320406,Beginner
33,68,9,1,85,71.67406548,Advanced
53,78,5,7,74,81.69188039,Professional
43,75,16,1,75,115.9830085,Advanced
70,59,4,2,68,111.3864895,Beginner
58,77,7,2,82,63.85191305,Beginner
62,97,8,5,79,81.06525987,Intermediate
20,63,2,0,91,85.52918734,Advanced
59,100,2,2,75,88.38208316,Intermediate
50,95,5,9,94,51.47857012,Intermediate
61,86,17,1,77,55.50902634,Professional
62,93,8,6,86,51.40043254,Intermediate
55,91,2,3,79,89.54191853,Intermediate
10,63,4,1,94,66.83928641,Advanced
63,88,16,0,76,48.47380113,Professional
71,100,15,12,84,94.32872544,Intermediate
67,71,8,5,74,79.66777762,Professional
65,69,9,4,77,90.6811812,Professional
54,75,13,6,73,54.26220249,Professional
70,98,10,7,80,78.4877213,Intermediate
41,81,12,7,66,106.1094142,Advanced
54,91,6,9,94,49.27203843,Intermediate
65,85,10,1,78,84.001591,Professional
50,70,12,8,65,89.7150161,Advanced
73,77,5,3,77,108.4671973,Professional
10,59,3,0,100,55.19752599,Advanced
56,92,5,5,81,77.99900551,Intermediate
65,74,7,6,72,80.80576267,Professional
80,95,12,2,74,52.13661519,Intermediate
74,100,10,4,70,103.5198553,Intermediate
69,77,2,5,86,49.7510984,Beginner
86,61,0,1,71,94.04285708,Beginner
86,68,3,10,63,123.8306131,Professional
68,100,8,6,73,115.1754134,Intermediate
52,75,20,1,78,75.69615253,Advanced
75,75,8,2,78,105.8265065,Professional
70,76,2,6,87,48.70581585,Beginner
49,84,13,5,86,87.26172999,Beginner
23,76,4,6,79,71.05368352,Advanced
44,69,17,0,77,132.6231624,Beginner
55,62,11,2,81,101.5630409,Beginner
50,95,4,8,91,62.03783275,Intermediate
62,64,12,2,77,122.7268905,Beginner
64,71,11,8,88,90.80486742,Beginner
55,71,11,1,79,98.73399565,Beginner
26,64,6,0,90,68.14015072,Advanced
76,60,4,1,73,102.364148,Advanced
57,85,8,10,97,50.71973038,Beginner
96,73,5,7,80,45.27371896,Beginner
64,99,5,5,74,121.6449661,Intermediate
54,89,2,4,84,70.52834124,Intermediate
10,54,1,4,100,74.60105382,Advanced
67,71,8,8,89,82.7310365,Beginner
54,75,13,4,78,64.00865353,Professional
51,63,20,9,89,153.4914076,Beginner
44,71,14,7,66,94.27127519,Advanced
70,95,5,1,72,74.25780884,Intermediate
66,65,10,6,83,106.5201034,Beginner
66,70,7,3,80,87.36854169,Beginner
32,62,6,1,85,77.10837098,Advanced
63,50,9,6,77,90.41085735,Professional
61,80,9,6,86,77.82825727,Beginner
63,71,7,0,75,95.29450845,Beginner
46,69,13,5,74,78.47607797,Advanced
63,75,12,10,92,90.44848003,Beginner
65,100,2,3,70,112.875515,Intermediate
40,77,10,8,68,91.86619274,Advanced
42,74,7,12,63,64.34282297,Advanced
67,60,9,6,85,99.61996996,Beginner
65,99,9,9,81,107.6817749,Intermediate
70,73,4,7,69,84.72439018,Professional
55,70,13,5,74,56.43463688,Professional
43,71,12,6,75,51.39408571,Advanced
32,78,6,9,68,86.23310026,Advanced
74,97,12,6,74,95.44938121,Intermediate
61,83,1,3,86,66.00131836,Beginner
73,80,2,9,90,48.66084328,Beginner
79,98,9,2,69,71.77579155,Intermediate
77,66,1,6,74,117.5302463,Professional
48,91,6,11,98,56.74020518,Intermediate
44,60,11,4,82,46.45475306,Advanced
10,69,2,1,89,103.0467853,Advanced
76,76,13,17,98,94.79084304,Beginner
75,95,17,10,86,52.05089002,Intermediate
66,85,6,6,68,73.29828864,Professional
81,100,8,1,61,119.4524418,Intermediate
61,63,7,8,72,76.61488806,Professional
15,60,1,3,100,70.18872442,Advanced
69,77,4,8,68,86.40807362,Professional
69,79,3,8,91,50.78731465,Beginner
61,67,7,3,84,76.47743936,Beginner
50,98,13,18,100,59.90752725,Intermediate
72,95,7,2,70,82.78592309,Intermediate
80,56,9,4,73,147.9973214,Beginner
63,97,5,3,77,75.79757577,Intermediate
59,100,0,2,70,122.4448831,Intermediate
36,73,10,4,76,93.46795863,Intermediate
30,75,3,11,67,74.21647912,Advanced
79,73,2,9,89,52.5891783,Beginner
60,78,10,5,74,71.69908277,Professional
78,99,8,2,63,118.4317195,Intermediate
33,68,8,3,82,79.05831393,Advanced
44,71,11,6,68,106.2165569,Advanced
42,74,18,0,85,65.43597386,Advanced
76,92,4,2,62,78.25895853,Intermediate
65,73,14,2,80,66.90725737,Professional
34,69,3,6,75,87.27801881,Advanced
23,68,2,3,83,85.66728711,Advanced
28,62,4,2,85,86.39172969,Advanced
43,82,11,3,88,56.0598251,Beginner
68,68,11,5,72,71.95234011,Professional
53,68,11,1,81,95.79544014,Beginner
77,59,0,2,70,74.95666763,Beginner
35,63,12,1,93,46.44556394,Intermediate
47,90,2,8,92,69.5057432,Intermediate
77,78,2,8,87,47.70257978,Beginner
20,76,1,5,76,116.5062467,Advanced
83,90,14,1,75,84.48104648,Beginner
67,54,3,11,67,77.24786739,Professional
49,81,20,0,81,66.56866148,Professional
57,89,5,6,88,53.67051886,Intermediate
69,60,9,0,71,132.3941483,Beginner
28,68,0,10,70,86.43331283,Advanced
61,76,9,6,88,74.39294827,Beginner
78,67,2,6,73,114.9050547,Professional
76,74,3,6,82,73.02346516,Beginner
73,100,6,5,68,132.3657362,Intermediate
56,80,15,12,97,86.12946801,Beginner
65,65,6,2,80,82.37421053,Beginner
57,71,2,11,67,78.3790884,Professional
64,68,2,3,70,77.59315516,Beginner
75,100,9,3,69,89.85775227,Intermediate
29,67,8,0,90,70.36170412,Advanced
60,84,8,8,91,60.01483591,Beginner
60,98,3,4,78,78.58528342,Intermediate
52,89,15,14,55,92.74806999,Advanced
72,67,5,4,80,83.47396549,Beginner
41,82,11,10,64,71.75813911,Advanced
58,94,9,8,88,70.99081703,Intermediate
60,62,7,3,81,92.75415904,Beginner
68,73,6,7,69,77.32941483,Professional
61,82,9,7,87,73.3496472,Beginner
23,70,2,3,81,98.88315204,Advanced
59,83,10,6,69,54.00409387,Professional
52,92,3,6,90,47.81427577,Intermediate
64,70,10,6,71,66.8139433,Professional
83,77,10,1,75,94.36641506,Professional
24,73,2,7,77,71.57481936,Advanced
69,70,5,4,82,74.08392577,Beginner
34,90,11,9,63,106.2991603,Advanced
45,75,13,2,85,86.33386945,Beginner
65,79,13,12,94,89.53329995,Beginner
67,97,11,8,83,76.93533261,Intermediate
60,100,7,8,84,75.78450037,Intermediate
33,55,9,3,99,54.34355586,Advanced
61,69,9,1,76,108.1737909,Professional
55,73,10,4,87,74.4644088,Beginner
40,83,14,7,70,78.15171776,Advanced
53,79,9,2,83,74.57265095,Beginner
44,78,16,4,74,78.04118663,Advanced
58,96,4,7,85,84.45219778,Intermediate
65,71,8,6,72,79.16175745,Professional
43,71,20,7,90,135.3332585,Beginner
60,66,10,0,75,111.3710736,Beginner
65,90,8,4,81,55.79161974,Intermediate
72,89,13,1,80,86.53303978,Professional
65,100,4,4,72,113.2656377,Intermediate
26,64,7,3,92,107.0885024,Advanced
54,76,12,5,84,97.41498397,Beginner
39,81,13,6,70,97.78516441,Advanced
53,73,6,8,71,64.67017015,Professional
71,60,17,13,88,152.3397808,Beginner
58,98,20,14,55,92.24638909,Advanced
27,76,4,7,73,86.73768845,Advanced
21,69,0,7,80,65.41412109,Advanced
42,73,15,2,80,77.96271034,Advanced
70,77,4,6,85,63.72035446,Beginner
55,74,10,5,87,78.47322688,Beginner
66,74,9,6,83,97.85516527,Beginner
77,53,11,7,71,78.94879132,Professional
50,98,6,12,92,106.4736287,Beginner
47,86,9,4,89,48.97509612,Beginner
59,64,15,7,85,127.0126381,Beginner
27,77,1,11,64,110.8427895,Advanced
31,69,8,2,83,72.97567462,Advanced
83,92,14,4,70,82.03579986,Intermediate
61,100,6,9,81,120.9313109,Intermediate
56,68,13,8,91,89.28297362,Beginner
54,78,9,5,74,61.38360185,Professional
67,96,9,7,79,90.0145936,Intermediate
17,69,0,3,86,79.0771088,Advanced
61,100,4,6,77,98.16269167,Intermediate
34,64,8,2,88,56.07411268,Advanced
72,96,3,13,96,59.12655079,Beginner
39,67,6,7,70,99.27178267,Advanced
60,75,6,4,85,60.98094195,Beginner
70,70,10,5,78,115.2007627,Beginner
13,58,0,2,99,82.80726087,Advanced
70,95,10,6,79,79.69812636,Intermediate
31,79,4,13,67,51.12912646,Advanced
71,86,6,13,97,49.01916177,Beginner
64,68,7,8,70,77.12711414,Professional
69,97,13,9,85,66.29446861,Intermediate
79,93,11,2,71,68.81374683,Intermediate
57,66,11,5,76,65.48968213,Professional
69,73,2,8,69,96.99597185,Professional
28,70,7,1,86,76.6700617,Advanced
55,68,13,0,76,124.7911133,Beginner
41,84,8,14,55,93.80133024,Advanced
81,74,1,11,91,48.34507127,Beginner
50,66,13,7,75,49.73745444,Professional
43,71,14,1,77,103.0144051,Advanced
71,64,5,5,75,101.3242113,Professional
80,100,14,9,69,137.9608546,Intermediate
36,70,9,7,72,71.45207999,Advanced
42,87,13,4,89,69.79620287,Beginner
75,71,1,2,77,67.88665146,Beginner
75,98,11,4,75,62.36626636,Intermediate
58,99,8,11,87,101.7457211,Intermediate
28,67,5,6,76,83.34698559,Advanced
68,100,12,9,84,77.32868104,Intermediate
30,72,5,7,77,63.07700251,Advanced
66,65,7,0,73,104.0098851,Beginner
55,89,13,4,74,56.23972078,Professional
61,69,8,4,85,78.20858984,Beginner
32,80,0,13,63,90.74755116,Advanced
70,76,6,6,70,79.96446966,Professional
71,79,11,0,80,91.74955175,Professional
60,82,7,6,73,82.74337607,Professional
52,91,2,5,86,61.82716398,Intermediate
79,55,3,7,70,95.20961871,Professional
70,64,5,7,70,82.28626985,Professional
38,87,9,14,58,77.57671452,Advanced
41,74,13,4,74,93.89667118,Advanced
26,59,1,2,86,83.67341405,Advanced
77,70,2,4,80,69.94972504,Beginner
62,86,12,5,69,51.75554681,Professional
26,69,3,4,80,94.3956227,Advanced
72,75,8,4,72,73.61525613,Professional
66,98,3,0,70,72.72164368,Intermediate
69,100,5,2,66,110.8164456,Intermediate
24,69,0,6,75,104.1306446,Advanced
22,59,4,3,98,73.834233,Advanced
62,80,7,5,85,67.01532047,Beginner
47,92,7,13,100,59.61601141,Intermediate
61,75,9,5,73,71.05654602,Professional
79,77,0,3,75,72.2676653,Advanced
76,100,12,7,69,130.7066336,Intermediate
49,71,8,6,77,71.20641198,Professional
42,76,13,5,72,88.49890797,Advanced
31,63,8,0,89,84.45607171,Advanced
76,83,3,9,88,57.01913528,Beginner
45,80,16,6,69,78.60081903,Advanced
63,92,9,7,85,64.48893978,Intermediate
83,66,11,1,77,95.16141776,Professional
60,75,8,5,87,69.2735785,Beginner
62,91,10,8,90,51.16087098,Intermediate
26,83,8,4,75,106.5468125,Advanced
56,91,17,16,55,83.2456755,Advanced
71,62,6,7,71,86.88450761,Professional
73,98,10,7,73,127.1266197,Intermediate
75,75,3,4,75,110.1321331,Professional
80,100,13,8,78,76.67738481,Intermediate
73,70,1,4,84,46.8995804,Beginner
61,86,4,4,84,48.63104464,Beginner
10,61,8,3,94,61.15367001,Advanced
70,98,5,1,68,90.22405771,Intermediate
73,100,9,7,72,132.7417755,Intermediate
63,77,10,10,93,69.3322309,Beginner
50,73,16,8,94,93.58268151,Beginner
75,74,4,7,69,93.32394755,Professional
71,92,4,0,69,74.10689131,Intermediate
83,100,12,1,65,84.17269611,Intermediate
67,69,10,4,76,81.64030611,Professional
62,71,14,4,74,61.41280139,Professional
49,73,14,5,76,52.52241543,Professional
59,69,7,0,79,82.51455542,Beginner
74,68,8,9,85,97.74013771,Beginner
27,72,3,8,77,45.124925,Advanced
77,74,6,11,90,74.69701882,Beginner
49,83,11,6,93,55.15472438,Beginner
30,69,2,8,73,78.80660105,Advanced
78,69,6,10,88,88.34576417,Beginner
35,86,8,11,58,131.7862194,Advanced
42,67,13,2,81,67.62168973,Advanced
101,100,18,0,55,115.1160396,Intermediate
73,70,10,5,73,83.40910855,Professional
58,72,8,3,85,69.35991324,Beginner
27,74,4,5,73,115.7876657,Advanced
64,95,13,12,91,71.78835785,Intermediate
66,73,16,1,80,73.15167169,Professional
35,76,5,11,62,98.04717211,Advanced
70,95,7,3,69,120.6553051,Intermediate
28,71,0,11,69,75.06187998,Advanced
59,66,10,0,76,106.55149,Beginner
37,68,9,5,80,49.63017315,Advanced
81,65,1,1,66,102.0418069,Beginner
56,75,8,5,77,80.22027168,Professional
61,66,14,8,88,114.6210363,Beginner
36,73,6,10,69,63.97788227,Advanced
33,62,10,1,92,72.55083788,Advanced
52,70,15,6,87,103.3752168,Beginner
83,72,0,12,96,71.11123399,Beginner
77,96,9,6,70,121.7060408,Intermediate
26,66,2,4,80,96.32792843,Advanced
26,72,2,8,75,79.54792824,Advanced
83,71,3,12,92,64.18828299,Beginner
65,88,7,6,67,64.75018216,Professional
74,83,6,3,76,106.4073477,Professional
71,79,5,6,83,71.00295983,Beginner
71,68,7,7,85,89.09386056,Beginner
64,82,10,4,73,71.71048201,Professional
78,67,2,6,83,71.1559783,Beginner
46,82,18,4,71,91.8271622,Advanced
81,100,14,8,70,120.8607306,Intermediate
23,62,2,2,90,61.60001631,Advanced
58,89,9,7,93,71.46714233,Intermediate
35,79,10,7,72,68.34510389,Advanced
27,73,5,3,79,104.4485562,Advanced
34,82,6,11,60,110.7802713,Advanced
65,74,12,10,91,91.6543907,Beginner
32,86,3,16,55,99.89246252,Advanced
76,69,5,9,87,79.82150745,Beginner
66,93,0,2,65,92.13473384,Intermediate
44,85,11,13,55,96.89048185,Advanced
45,81,12,11,59,97.26625261,Advanced
69,82,5,4,72,87.36273865,Professional
27,69,8,1,89,59.12294664,Advanced
57,72,14,8,91,96.16845184,Beginner
54,93,6,8,90,61.88828648,Intermediate
87,81,8,0,78,117.5560331,Professional
66,90,3,1,71,55.91391546,Intermediate
70,67,13,4,75,70.94915162,Professional
38,75,13,3,77,88.4828985,Advanced
18,63,1,3,86,85.40360602,Advanced
38,76,5,12,58,119.5141754,Advanced
71,65,8,6,72,79.38541336,Professional
35,86,4,17,55,70.51502122,Advanced
71,96,9,5,75,98.38988651,Intermediate
52,95,2,6,82,101.2297765,Intermediate
67,95,7,4,75,86.7593376,Intermediate
76,99,16,11,84,71.17670522,Intermediate
45,59,10,12,68,52.31910421,Professional
72,69,7,6,82,93.24054595,Beginner
60,96,6,6,83,71.88789884,Intermediate
74,72,0,6,88,58.1357226,Beginner
71,81,7,13,96,55.35128068,Beginner
15,65,3,5,85,69.76392731,Advanced
72,80,3,6,85,53.58757025,Beginner
61,94,8,9,84,107.6044047,Intermediate
27,69,0,8,72,98.36101311,Advanced
50,95,1,8,87,93.4670086,Intermediate
44,91,11,16,100,57.96587966,Intermediate
65,87,12,1,77,74.76607155,Professional
61,73,9,6,72,63.63538593,Professional
47,97,7,13,98,71.48716345,Intermediate
59,78,10,4,76,71.21999839,Professional
61,55,11,0,73,128.8311447,Beginner
77,97,8,1,66,90.13153281,Intermediate
89,95,5,7,55,72.95442272,Intermediate
71,50,4,8,76,104.832582,Professional
20,66,0,3,82,103.6205591,Advanced
53,100,9,14,94,96.29748593,Intermediate
68,72,4,7,90,48.5720704,Beginner
58,70,7,0,76,82.83533763,Beginner
64,65,6,4,84,76.28684516,Beginner
41,81,14,7,71,65.36876838,Advanced
78,67,2,0,73,59.10879853,Beginner
61,71,9,5,77,89.32967893,Professional
61,93,11,3,73,63.04038646,Professional
62,66,6,9,68,67.83187378,Professional
42,70,12,4,77,75.47864132,Advanced
52,87,16,12,55,93.74028976,Advanced
33,71,4,8,72,75.72242284,Advanced
59,93,20,1,81,45.02749242,Professional
61,81,8,6,70,65.69853826,Professional
58,97,7,9,86,106.3631286,Intermediate
23,65,1,3,84,89.37834804,Advanced
56,72,12,4,77,63.21430501,Professional
39,63,11,1,86,50.53474783,Advanced
59,79,9,3,79,82.59059718,Professional
71,98,9,4,78,51.842439,Intermediate
46,85,19,10,95,94.54996448,Beginner
78,93,14,6,80,53.26988773,Intermediate
72,86,3,12,97,59.24238766,Beginner
62,85,3,3,84,53.10607941,Beginner
50,68,11,5,93,63.26536025,Beginner
60,76,4,9,69,79.03926246,Professional
78,96,5,2,59,88.1851591,Intermediate
28,64,6,1,89,62.28326412,Advanced
62,72,6,0,77,82.79644751,Beginner
65,97,4,2,72,83.51092991,Intermediate
68,68,4,8,71,92.40885504,Professional
66,62,3,8,73,95.41232715,Professional
79,100,14,6,72,99.71546822,Intermediate
55,58,1,12,70,88.13310929,Professional
57,95,5,6,85,63.66807723,Intermediate
67,96,15,0,75,65.40925341,Professional
32,78,12,2,80,87.88537406,Advanced
70,80,4,9,91,46.71872985,Beginner
22,74,2,5,79,82.21091028,Advanced
69,69,4,2,78,74.98269181,Beginner
74,96,15,9,82,83.92424037,Intermediate
39,81,14,4,72,97.83373662,Advanced
30,68,9,0,90,55.85809974,Advanced
82,93,8,1,63,62.87956657,Intermediate
63,72,11,9,90,87.72469572,Beginner
79,94,12,5,75,65.86692686,Intermediate
66,76,9,4,75,78.65909093,Professional
31,69,9,0,85,102.8807727,Advanced
81,66,7,5,72,92.58159448,Professional
59,87,11,9,91,74.10989785,Beginner
79,100,11,4,66,121.08941,Intermediate
20,55,1,1,99,52.86198069,Advanced
56,96,9,11,92,69.94720352,Intermediate
73,67,6,7,68,78.0871746,Professional
27,67,4,3,82,94.40673344,Advanced
41,73,13,4,75,88.41372163,Advanced
29,64,3,4,80,96.30491935,Advanced
59,97,11,11,92,68.43221233,Intermediate
40,78,11,9,69,65.11755958,Advanced
86,65,6,7,76,129.9074618,Beginner
61,90,9,7,92,69.63132279,Intermediate
35,73,8,6,73,86.92484616,Advanced
52,70,12,6,91,73.76591351,Beginner
25,72,0,11,72,60.68743907,Advanced
78,98,7,1,63,114.5768925,Intermediate
65,91,10,2,76,83.30990841,Professional
87,59,2,8,72,140.0005045,Professional
62,95,20,19,55,96.95636331,Advanced
60,79,13,3,76,64.57311423,Professional
23,71,0,8,73,89.08752756,Advanced
59,69,11,6,74,63.75116611,Professional
63,68,16,11,90,125.8162939,Beginner
73,99,12,7,79,68.54219154,Intermediate
79,69,9,3,75,98.8171639,Professional
87,93,8,3,58,59.10332238,Intermediate
81,94,14,3,73,53.47517537,Intermediate
22,66,2,2,86,76.9408109,Advanced
75,100,7,0,64,87.63879999,Intermediate
80,98,4,4,55,81.60432073,Intermediate
45,96,5,12,96,88.69015872,Intermediate
53,69,13,3,84,97.35487284,Beginner
44,71,19,1,87,66.15243301,Advanced
47,75,12,9,64,90.31262365,Advanced
60,67,10,5,86,87.49227152,Beginner
68,65,10,6,83,108.6173061,Beginner
36,62,11,0,90,61.06859592,Advanced
63,100,10,11,82,127.5310686,Intermediate
72,50,10,7,74,82.71194727,Professional
56,85,14,2,78,64.45598162,Professional
86,73,0,7,82,64.53396357,Beginner
37,81,6,13,59,92.8456606,Advanced
57,84,8,4,75,74.55066702,Professional
44,94,19,0,80,54.21314699,Professional
69,70,5,3,78,88.33867326,Intermediate
62,99,12,11,88,91.15588089,Intermediate
65,88,13,0,80,75.00680116,Professional
39,70,6,9,68,83.67518404,Advanced
75,100,15,10,77,118.2054338,Intermediate
62,100,1,2,69,119.3869726,Intermediate
37,66,8,3,78,95.03259445,Advanced
40,76,10,7,67,102.5469647,Advanced
65,79,8,3,78,99.39170258,Professional
69,95,9,6,80,68.61315773,Intermediate
49,76,16,6,88,104.3157728,Beginner
69,72,5,8,69,84.44712268,Professional
77,95,10,1,71,62.21745441,Intermediate
35,76,4,12,63,87.52237592,Advanced
60,75,5,8,71,81.32886714,Professional
30,70,6,4,80,81.67577452,Advanced
59,52,0,13,67,83.84362927,Professional
72,71,14,9,82,138.7550466,Beginner
53,71,6,1,85,48.24985585,Beginner
81,100,12,2,68,67.62074821,Intermediate
41,80,12,9,69,56.05385674,Advanced
68,96,10,8,77,118.3281316,Intermediate
40,72,13,3,79,70.2921024,Advanced
58,84,6,6,90,47.05779879,Beginner
66,57,6,10,70,86.33318477,Professional
66,68,7,7,89,71.61660576,Beginner
60,94,8,8,87,63.75789768,Intermediate
81,68,0,7,86,51.03756295,Beginner
64,75,11,5,72,61.15788633,Professional
28,68,2,6,76,81.1939859,Advanced
72,80,8,1,79,105.5333864,Professional
73,69,5,3,79,112.750309,Professional
51,72,20,2,79,57.59791239,Advanced
60,90,5,4,84,47.69885702,Intermediate
74,72,9,11,90,87.47202606,Beginner
68,96,8,4,78,66.26083533,Intermediate
69,94,13,9,86,69.44996434,Intermediate
80,77,1,9,89,49.97562392,Beginner
63,69,15,3,77,60.83208657,Professional
73,70,11,2,78,85.90184087,Professional
63,70,6,1,79,78.78601143,Beginner
74,50,4,12,65,82.52842277,Professional
37,90,3,13,100,63.02575084,Intermediate
26,76,3,8,75,65.37944362,Advanced
69,69,9,4,76,85.07475667,Professional
72,62,1,9,71,107.9278056,Professional
47,76,13,7,63,112.4265551,Advanced
77,66,9,2,79,103.6420192,Professional
39,72,13,2,79,86.68414267,Advanced
56,92,2,5,81,94.81001975,Professional
63,98,5,4,80,64.74764521,Intermediate
68,86,15,10,95,74.56439465,Intermediate
41,83,11,10,59,120.9844793,Advanced
42,82,2,8,100,59.43521069,Intermediate
78,100,11,5,66,120.1687916,Intermediate
10,64,5,3,90,82.11572092,Advanced
37,79,3,15,56,80.5196696,Advanced
79,73,9,13,89,102.5921255,Beginner
50,100,4,11,100,116.9452191,Beginner
64,96,11,10,88,70.18977376,Intermediate
74,97,6,1,67,99.17934171,Intermediate
68,97,9,2,75,54.64483108,Intermediate
88,100,14,1,58,110.448716,Intermediate
80,70,7,12,90,88.3768436,Beginner
70,100,8,7,72,135.1256093,Intermediate
66,71,1,0,73,73.21322704,Beginner
69,69,5,7,69,84.18502763,Professional
44,94,0,7,92,62.32059419,Intermediate
20,65,3,0,90,96.76532757,Advanced
37,84,9,11,61,98.66875556,Advanced
19,70,1,2,84,95.56057271,Advanced
67,76,6,4,75,89.7076697,Professional
40,79,10,8,65,103.5692035,Advanced
99,94,9,4,55,147.8936724,Intermediate
84,81,10,0,77,103.0515326,Professional
67,68,4,2,80,67.99111144,Beginner
49,72,14,7,68,86.50133749,Advanced
56,63,7,7,75,78.97994313,Professional
78,89,8,1,67,45.50322032,Intermediate
61,97,8,8,85,81.20580737,Intermediate
83,66,8,2,78,110.8463229,Professional
55,100,5,11,87,109.2431315,Intermediate
51,88,19,1,84,53.87925314,Professional
77,83,8,13,90,86.33781886,Beginner
73,82,0,7,88,60.97909838,Beginner
44,81,11,11,59,93.53426351,Advanced
32,67,12,2,93,71.29062425,Advanced
82,79,2,9,89,68.16991282,Beginner
68,82,9,14,98,63.67940955,Beginner
56,84,7,5,87,50.18120889,Intermediate
66,70,8,6,84,91.28687997,Beginner
72,92,8,0,73,47.34950636,Intermediate
22,68,1,8,76,78.63203929,Advanced
46,76,15,6,70,86.37598502,Advanced
58,78,3,3,88,58.58965817,Beginner
44,78,14,5,91,78.23592076,Beginner
46,99,7,15,97,108.9133292,Intermediate
49,76,18,3,71,107.3275024,Advanced
35,73,6,9,72,65.98779332,Advanced
65,94,5,0,77,64.28018783,Intermediate
39,75,8,9,68,73.62441158,Advanced
72,68,5,4,79,90.24022132,Beginner
54,96,4,6,83,95.58426598,Intermediate
56,96,4,5,79,94.24559767,Intermediate
43,82,11,10,60,109.7586278,Advanced
29,68,2,8,74,78.55791162,Advanced
36,70,7,5,73,101.6039252,Advanced
64,99,9,9,82,101.4942543,Intermediate
53,70,13,10,65,57.99244594,Advanced
58,92,2,0,72,92.0572731,Intermediate
52,76,11,5,89,72.39695142,Professional
66,78,9,13,100,50.62321878,Beginner
71,73,4,7,87,59.3093343,Beginner
53,100,7,13,96,74.04868565,Intermediate
73,82,12,0,81,98.30280047,Professional
37,61,10,0,90,47.60371107,Advanced
43,67,15,0,83,75.68375324,Advanced
48,88,13,15,55,69.86216535,Advanced
46,84,17,2,80,47.29294953,Professional
61,58,9,7,75,74.6587616,Professional
69,100,4,1,66,106.3817646,Intermediate
62,66,11,5,84,103.0964474,Beginner
70,81,9,3,76,77.35509615,Professional
77,74,7,12,90,85.60218597,Beginner
67,55,10,3,79,121.380598,Beginner
83,51,2,12,65,122.6840402,Professional
58,72,13,8,89,96.73217046,Advanced
67,75,0,10,66,101.0162852,Professional
67,93,8,3,79,53.00688142,Intermediate
78,96,12,4,69,103.3124971,Intermediate
70,100,7,3,71,97.90908859,Intermediate
49,72,12,8,71,52.91924033,Advanced
51,90,1,7,87,78.83283341,Intermediate
59,93,5,6,84,60.3229936,Intermediate
11,56,5,2,96,46.48650937,Advanced
10,75,6,10,72,101.984761,Advanced
46,79,13,10,63,82.62578063,Advanced
43,78,13,4,89,73.56206658,Beginner
65,69,8,6,71,68.70719276,Professional
36,77,8,9,67,80.66160699,Advanced
63,76,11,8,89,89.6468219,Beginner
69,64,10,8,86,105.8456779,Beginner
34,79,9,7,71,89.19680936,Advanced
25,76,0,11,68,82.59551008,Advanced
45,96,3,10,93,83.92199077,Intermediate
61,87,7,6,88,52.76209763,Intermediate
80,100,13,8,74,95.69830435,Intermediate
37,83,14,5,71,107.1531357,Advanced
66,69,0,2,73,59.3474423,Beginner
48,98,0,7,79,156.7956051,Intermediate
69,77,5,7,87,59.82530949,Beginner
52,84,16,12,57,77.64480116,Advanced
74,90,2,4,72,101.9587057,Professional
69,63,8,6,72,75.26642619,Professional
61,70,15,8,85,127.3472634,Beginner
63,66,7,1,79,85.08905021,Intermediate
35,79,10,6,72,95.584254,Advanced
50,64,20,4,80,164.7109511,Beginner
28,71,13,5,94,103.3886963,Advanced
61,60,8,7,72,68.04475112,Professional
58,99,3,7,77,130.2716866,Intermediate
63,53,5,11,70,89.46941232,Professional
65,74,6,6,73,84.61545175,Professional
26,63,3,3,88,56.71313026,Beginner
48,75,15,8,69,59.25734471,Advanced
58,76,7,1,79,78.08840099,Beginner
57,88,7,7,92,64.78000913,Intermediate
21,77,0,7,70,127.3574394,Advanced
45,73,20,6,86,136.0794104,Beginner
64,77,9,8,88,77.6112114,Beginner
36,78,4,13,60,98.6735341,Advanced
83,100,12,4,64,119.5698265,Intermediate
68,97,6,2,73,81.10568252,Intermediate
31,75,9,3,81,67.77633283,Advanced
66,95,8,4,79,54.96474618,Intermediate
63,60,11,7,74,70.96245864,Professional
72,67,4,5,83,73.55214544,Beginner
52,98,11,15,100,76.29829132,Intermediate
52,75,5,8,72,76.07823585,Professional
53,80,20,4,74,68.04004253,Advanced
31,74,6,6,72,101.8035965,Advanced
67,75,5,7,90,55.06334434,Beginner
73,75,13,1,77,75.84503402,Professional
71,51,8,2,75,125.4697941,Beginner
62,70,12,4,75,68.2542711,Professional
68,58,18,12,90,149.3863477,Beginner
66,81,12,1,79,82.94651152,Professional
63,65,4,9,71,85.89626639,Professional
55,84,2,0,76,49.98755588,Intermediate
60,75,8,4,77,79.53176728,Professional
58,55,11,0,77,116.4547879,Beginner
62,100,3,6,70,159.8079224,Intermediate
68,78,6,6,83,78.55987695,Beginner
60,94,4,4,78,79.25005666,Intermediate
78,65,7,7,82,105.9591753,Beginner
63,74,12,5,72,63.1426545,Professional
82,88,2,11,94,83.98590008,Beginner
63,96,10,8,85,77.64219514,Intermediate
19,63,3,1,95,77.06816071,Advanced
65,70,1,10,67,87.92681218,Professional
63,60,10,5,76,80.98307403,Professional
70,100,11,8,78,91.97885495,Intermediate
89,100,11,0,55,124.7333293,Intermediate
83,100,10,2,59,133.0870827,Intermediate
66,100,4,4,67,134.0614663,Intermediate
32,70,6,5,79,74.04501,Advanced
58,60,16,4,80,140.3737946,Beginner
24,64,3,1,87,85.37079763,Advanced
86,99,10,0,63,84.26592602,Intermediate
52,93,7,10,95,54.16395698,Intermediate
82,71,5,4,72,100.6273333,Professional
73,65,1,0,75,74.80866169,Beginner
72,57,12,8,84,128.6533159,Beginner
35,80,7,11,63,96.37844106,Advanced
61,100,12,15,90,122.1962874,Intermediate
71,54,12,8,85,126.037659,Beginner
55,93,1,1,82,57.10232599,Intermediate
32,73,7,5,77,79.86683333,Advanced
60,98,8,7,86,58.14897421,Intermediate
50,71,9,7,75,65.03301925,Professional
62,88,0,3,85,72.81938717,Beginner
63,72,8,4,77,88.56175838,Professional
39,77,5,14,59,79.53001303,Advanced
69,67,1,9,68,94.00531337,Professional
73,76,14,2,75,70.46885368,Professional
61,73,4,3,85,52.12185882,Beginner
32,65,10,1,90,79.31702338,Advanced
57,100,10,13,91,93.77288167,Intermediate
68,68,6,6,74,83.96146422,Professional
47,94,6,10,97,50.43733189,Intermediate
20,73,1,4,77,126.7634209,Advanced
78,96,15,11,81,113.1837224,Intermediate
59,93,7,6,86,57.01570776,Intermediate
38,73,9,6,72,83.87164856,Advanced
73,60,7,5,75,95.56568632,Professional
63,54,3,11,69,88.57672683,Professional
66,97,4,2,75,58.36755019,Intermediate
33,71,9,3,83,60.53711809,Advanced
66,89,11,6,88,71.93479082,Intermediate
69,80,9,15,100,60.01399099,Beginner
29,65,7,0,91,61.81124804,Advanced
42,85,12,10,62,89.46111722,Advanced
61,60,4,11,68,79.93296134,Professional
53,93,3,7,87,76.13328165,Intermediate
51,72,6,9,69,60.31254584,Professional
69,65,6,1,76,99.78080684,Beginner
63,94,6,5,78,92.46057065,Intermediate
67,76,5,4,83,63.96561602,Beginner
64,94,10,10,90,60.86489655,Intermediate
40,86,17,5,73,69.87788769,Advanced
64,87,4,10,97,67.97158708,Beginner
76,71,4,9,88,71.37392317,Beginner
65,68,1,9,70,92.65478655,Professional
62,100,9,8,82,85.10149839,Intermediate
55,97,6,9,84,115.8416915,Intermediate
66,99,5,2,74,68.76862371,Beginner
64,74,12,11,93,86.36860021,Beginner
55,79,16,11,94,96.64398811,Beginner
82,100,6,0,55,152.1748491,Intermediate
56,57,5,11,68,65.33848756,Professional
69,64,6,3,79,96.06343851,Beginner
57,76,6,6,76,90.45161743,Professional
38,79,11,7,70,78.67114784,Advanced
63,70,8,3,79,87.86597992,Professional
66,72,6,8,89,65.53066403,Beginner
75,78,6,10,87,76.15223232,Beginner
69,99,4,0,70,60.98602537,Intermediate
45,73,15,3,85,95.69460177,Beginner
74,100,5,2,63,130.3440187,Intermediate
76,100,14,8,74,120.8602189,Intermediate
62,65,12,5,82,112.8970899,Beginner
90,66,0,6,78,82.61023531,Beginner
47,75,13,9,66,71.15653183,Advanced
75,96,10,4,70,104.3836073,Intermediate
65,82,18,0,76,48.48259957,Professional
56,76,6,10,64,49.08903656,Professional
24,64,1,6,78,96.0737559,Advanced
80,91,9,0,65,72.32641788,Intermediate
71,72,1,7,71,104.3364191,Professional
59,99,10,11,92,65.31967186,Intermediate
48,92,5,10,98,45.59346896,Intermediate
48,76,9,8,70,50.57841406,Professional
63,72,9,5,84,87.43283,Beginner
57,88,1,4,82,70.91514163,Intermediate
87,100,11,0,57,121.8739326,Intermediate
72,68,14,2,76,67.86199013,Professional
56,84,7,3,82,70.61889543,Beginner
62,94,5,3,77,73.92700774,Intermediate
42,76,13,5,75,61.79128901,Advanced
57,88,15,1,77,52.9503803,Advanced
28,74,5,6,73,92.11819364,Advanced
44,83,15,8,67,61.07844974,Advanced
75,100,6,0,60,121.8662389,Intermediate
44,75,20,11,97,113.9543778,Beginner
31,80,3,12,59,121.4031313,Advanced
49,83,11,6,71,45.84717187,Professional
70,100,3,2,63,139.5716769,Intermediate
63,67,3,10,67,75.50662836,Professional
34,81,3,11,100,83.06492914,Intermediate
34,72,7,7,74,78.20037226,Advanced
51,74,10,0,79,88.08929698,Beginner
69,66,11,7,83,115.3954998,Beginner
89,70,1,9,82,82.01127544,Beginner
62,100,10,10,85,92.74364679,Intermediate
59,70,12,6,85,103.0170985,Beginner
74,81,4,9,88,59.58008777,Beginner
47,84,9,9,67,45.70336765,Professional
74,71,6,7,84,82.27082953,Beginner
15,76,1,8,78,68.15210592,Advanced
71,50,0,12,67,102.2336894,Professional
45,85,13,11,60,82.29373387,Advanced
61,76,12,2,78,72.55019922,Professional
63,72,6,2,79,81.42313658,Beginner
61,59,13,2,77,134.5448564,Beginner
64,65,7,3,82,83.6828944,Beginner
63,85,1,3,84,61.59927355,Beginner
42,78,13,9,67,68.78186232,Advanced
52,71,13,5,87,90.3329231,Beginner
14,75,1,6,79,97.96433786,Advanced
73,71,2,7,71,103.4548599,Professional
61,76,8,7,69,64.7189789,Professional
78,67,5,7,69,86.0842733,Professional
58,63,4,8,76,95.2849188,Professional
68,71,7,6,72,80.37072102,Professional
64,59,8,1,78,100.2928879,Beginner
22,63,4,0,94,54.5627092,Advanced
78,87,1,16,100,85.05085224,Beginner
67,94,9,7,78,101.1774311,Intermediate
55,77,9,6,74,68.17028091,Professional
58,71,8,0,76,91.61210793,Beginner
56,100,6,8,84,97.20306757,Intermediate
68,72,6,6,73,90.79726402,Professional
78,50,1,13,63,101.0198122,Professional
63,71,13,9,89,104.4474543,Beginner
65,97,2,1,66,132.1968884,Intermediate
61,100,9,11,85,113.8384027,Intermediate
67,95,6,5,75,107.3900271,Intermediate
71,78,1,6,71,107.8118756,Professional
51,90,6,10,95,56.61502049,Intermediate
73,64,1,11,66,103.5044378,Professional
72,93,11,6,82,54.6354082,Intermediate
42,89,10,15,55,100.7772829,Advanced
41,82,9,11,57,121.4961815,Advanced
56,76,7,8,68,59.18777248,Professional
32,66,6,3,82,79.04045159,Advanced
71,94,10,6,80,64.31465859,Intermediate
61,88,1,7,95,92.0775331,Beginner
65,95,3,1,77,65.44466334,Intermediate
28,66,7,1,93,76.47197966,Advanced
69,90,8,2,79,59.23982205,Intermediate
78,67,4,6,72,103.6725588,Professional
69,78,2,1,77,65.85139765,Beginner
63,72,14,11,94,97.65131109,Beginner
47,83,15,9,62,94.73982781,Advanced
66,69,12,2,80,84.14002813,Professional
81,75,1,3,77,55.13875557,Beginner
43,69,10,6,70,91.9910609,Advanced
30,67,6,5,74,105.6912232,Advanced
73,96,11,5,77,74.23824685,Intermediate
68,81,2,2,77,64.77452395,Beginner
33,73,3,11,68,69.54863037,Advanced
52,78,6,5,74,82.18579366,Beginner
55,84,11,5,72,53.91591722,Professional
62,99,8,8,83,91.24867501,Intermediate
72,69,8,8,86,90.80710114,Beginner
55,74,11,7,90,75.82453778,Beginner
33,75,4,10,65,100.1563353,Advanced
51,89,8,6,92,50.39649724,Beginner
72,73,1,6,88,51.89298319,Beginner
58,72,12,3,80,106.1414349,Beginner
57,73,1,12,65,86.41732505,Professional
79,76,0,6,83,50.40788856,Beginner
62,62,9,4,85,91.44574136,Beginner
61,82,10,9,91,74.74937527,Beginner
38,68,10,4,79,68.00323732,Advanced
70,66,6,5,76,100.6350848,Professional
69,98,7,5,74,91.45476129,Intermediate
55,98,9,11,96,54.23012796,Intermediate
70,72,4,2,76,64.82109733,Beginner
67,73,7,5,83,85.33542041,Beginner
40,79,9,10,63,83.93380677,Advanced
60,65,12,4,76,65.15481558,Professional
76,74,0,3,79,52.50853137,Beginner
59,65,5,8,73,84.63012426,Professional
56,90,3,5,82,94.7791624,Intermediate
51,79,6,8,72,69.78569841,Professional
25,68,4,4,83,77.85424343,Advanced
68,71,6,6,86,71.02662987,Beginner
59,87,10,10,95,46.47370811,Intermediate
28,82,5,9,68,105.5759686,Advanced
51,58,20,4,82,154.2025765,Professional
69,78,8,3,75,85.83870956,Professional
62,96,6,4,80,69.20252316,Intermediate
71,87,7,2,75,96.51308552,Professional
71,60,5,9,68,82.07468811,Professional
65,96,10,13,85,134.9908801,Intermediate
74,83,10,2,74,85.63216629,Professional
78,94,5,2,64,58.2786058,Intermediate
32,58,6,0,90,71.75777143,Advanced
92,73,4,7,80,51.50168334,Beginner
69,81,5,6,85,66.08566042,Beginner
57,72,9,1,79,87.00190161,Beginner
48,68,12,0,81,96.23464823,Beginner
79,67,1,6,82,65.73518257,Beginner
63,66,5,7,74,90.19795906,Professional
34,69,6,6,75,80.29853412,Advanced
34,68,9,1,82,94.59721542,Advanced
66,86,7,10,92,58.6430273,Beginner
25,65,0,8,76,77.06375301,Advanced
62,76,6,6,73,79.71129828,Professional
84,100,14,4,70,68.67228895,Intermediate
31,75,7,6,76,73.71431961,Advanced
50,75,16,7,89,100.0714848,Beginner
44,71,15,2,79,73.76188497,Advanced
84,71,8,16,95,88.01928615,Beginner
38,75,16,3,88,88.56171239,Beginner
48,67,14,2,85,100.9653232,Beginner
25,56,8,6,100,57.36194283,Advanced
75,72,4,8,87,69.72057352,Beginner
61,75,11,5,74,71.87297503,Professional
67,75,8,9,89,76.55750732,Beginner
29,71,8,2,83,81.93681016,Advanced
66,74,10,5,71,62.93103214,Professional
76,96,3,2,61,81.70682613,Intermediate
61,72,10,4,77,79.73629378,Professional
69,95,8,3,76,57.45551901,Intermediate
20,65,1,2,88,73.10832932,Advanced
41,74,11,8,72,46.65392382,Advanced
35,76,12,4,75,94.31978538,Advanced
41,71,5,13,61,81.30960717,Advanced
65,63,1,11,65,78.75567898,Advanced
44,80,12,10,63,89.52647695,Advanced
60,98,4,4,79,78.66760371,Intermediate
37,76,4,13,60,102.0028994,Advanced
57,98,13,15,97,75.72301345,Intermediate
27,63,2,4,83,75.71482035,Advanced
54,70,10,1,85,75.12891529,Beginner
27,67,6,1,88,68.87340942,Advanced
69,93,12,8,87,47.54829097,Intermediate
57,70,12,5,85,101.7870974,Beginner
49,87,8,12,100,64.01754641,Intermediate
30,73,5,6,75,87.94178209,Advanced
33,63,11,0,90,67.69338936,Advanced
58,71,6,2,84,56.83860343,Beginner
59,73,7,7,72,75.03777762,Professional
23,70,2,5,81,82.04634447,Advanced
15,62,0,0,96,71.74401524,Advanced
11,75,2,5,81,99.59410374,Advanced
81,72,7,10,86,96.05426587,Beginner
31,81,13,1,83,77.71749227,Advanced
31,75,8,5,77,78.03703269,Advanced
60,72,13,3,78,67.28130848,Professional
71,100,6,3,66,132.5514127,Intermediate
51,90,1,4,87,46.60764448,Intermediate
54,77,14,5,83,108.2835103,Beginner
40,76,13,4,75,83.18377169,Advanced
35,77,6,10,64,94.47024594,Advanced
59,95,7,8,84,92.06530868,Intermediate
57,93,9,10,92,57.69504182,Intermediate
73,80,6,5,71,94.14811859,Professional
24,57,2,0,97,50.75973739,Advanced
47,90,12,6,91,63.12928087,Beginner
44,74,17,7,92,92.87702462,Beginner
59,85,5,3,84,48.23589848,Beginner
61,87,15,1,76,55.26960472,Professional
68,66,11,3,77,79.29143475,Professional
84,99,12,2,61,120.0750618,Intermediate
38,80,10,9,69,64.19960837,Advanced
76,72,7,8,83,96.34074388,Beginner
64,93,6,5,81,70.07832857,Intermediate
62,77,8,4,75,75.2007106,Professional
42,79,8,13,58,89.1958235,Advanced
82,75,7,14,92,85.66116648,Beginner
89,99,9,3,55,107.8112614,Intermediate
38,82,8,11,59,111.5706793,Advanced
28,80,6,7,71,91.37467639,Advanced
59,85,20,10,58,67.2544391,Advanced
59,83,12,3,75,58.85692454,Professional
58,61,2,11,68,86.09043896,Professional
58,91,14,20,55,105.6888721,Advanced
65,84,15,1,76,57.63681377,Professional
58,93,1,0,77,51.1856943,Intermediate
39,78,8,12,65,55.72028722,Advanced
70,95,10,7,83,65.25753904,Intermediate
71,76,5,6,70,90.58167629,Professional
68,99,2,0,63,104.5428711,Intermediate
66,98,13,12,87,94.95413331,Intermediate
27,69,0,9,72,94.74488421,Advanced
67,95,8,4,77,72.13819681,Intermediate
75,68,8,4,75,96.0103348,Professional
34,77,7,5,74,101.9544289,Advanced
72,100,3,0,61,120.3358001,Intermediate
60,91,1,0,72,87.85564768,Intermediate
58,95,5,6,86,52.31946887,Intermediate
55,56,11,2,70,131.2595149,Beginner
61,73,8,4,82,85.7620008,Beginner
56,89,19,1,83,56.63538429,Professional
77,67,0,6,75,130.0991859,Professional
38,76,8,8,67,102.8662007,Advanced
38,72,8,6,70,102.261383,Advanced
74,95,4,0,65,81.75586436,Intermediate
31,62,9,0,87,71.55263103,Advanced
76,63,1,10,67,100.9208145,Professional
36,74,14,8,74,61.69738991,Professional
61,78,18,0,83,67.64456166,Professional
73,50,1,10,72,122.9074943,Professional
72,57,11,1,74,134.8893353,Beginner
29,70,5,5,78,76.38384699,Advanced
65,93,5,3,78,56.82240843,Intermediate
69,90,3,2,69,47.19471617,Intermediate
47,73,13,8,69,64.53022234,Advanced
55,99,6,10,84,122.9432925,Intermediate
61,69,16,3,77,58.39531951,Professional
40,73,6,11,65,73.37981501,Advanced
63,77,15,0,83,75.63808527,Professional
71,77,14,0,78,71.94415016,Professional
29,68,5,5,83,51.65027513,Advanced
68,96,8,0,68,78.44740357,Intermediate
72,58,1,9,68,100.0993091,Professional
30,72,4,7,74,73.71528315,Advanced
66,100,6,6,72,132.4147857,Intermediate
19,69,1,5,83,58.36754053,Advanced
78,62,7,3,73,126.4082044,Beginner
60,74,9,6,88,72.32414578,Beginner
30,82,7,8,69,89.9774371,Professional
35,69,10,2,82,71.99694239,Advanced
62,91,7,4,84,54.52564725,Intermediate
85,98,6,4,55,89.60912091,Intermediate
41,69,15,0,84,68.88645949,Advanced
70,76,8,8,86,85.34201602,Beginner
32,67,9,2,86,58.13377605,Advanced
63,75,11,8,89,88.36233981,Beginner
46,95,7,11,95,66.39633322,Intermediate
73,71,7,8,87,80.80019095,Beginner
61,97,2,1,73,80.16420184,Intermediate
35,83,11,7,68,97.01531814,Advanced
64,68,7,1,77,89.32616931,Beginner
57,96,7,10,86,105.9837967,Intermediate
66,79,9,4,75,81.51004669,Professional
64,72,11,5,74,65.34904498,Professional
46,82,16,8,68,56.64535869,Advanced
59,61,17,9,90,128.1738555,Beginner
66,62,7,4,80,103.9198511,Professional
35,83,14,4,77,75.81815369,Advanced
64,61,9,4,83,92.40819731,Beginner
53,98,4,10,88,95.2361069,Intermediate
72,65,2,8,70,96.29360889,Professional
64,79,5,4,83,63.52586596,Beginner
76,67,3,2,75,91.96028658,Beginner
68,96,15,11,88,78.5005617,Intermediate
26,73,3,6,74,101.7673226,Advanced
81,100,18,9,79,73.59458137,Intermediate
62,87,12,2,76,67.37628993,Professional
70,89,9,3,73,80.46867599,Professional
74,58,6,4,76,104.9236013,Professional
64,67,6,7,73,90.35219042,Professional
71,69,5,7,70,82.98814358,Professional
71,58,3,7,74,109.2842102,Professional
55,92,3,7,85,83.84398525,Intermediate
74,76,7,9,87,87.68326362,Beginner
47,91,8,13,100,53.63989046,Intermediate
44,66,13,1,83,92.27081614,Beginner
42,80,12,9,65,82.46464208,Advanced
66,66,9,5,75,79.09777906,Professional
74,66,5,7,70,91.15535262,Professional
59,71,7,1,80,77.75847112,Beginner
66,93,10,8,86,58.75645438,Intermediate
28,77,9,3,81,80.62490966,Advanced
50,75,8,7,73,59.91281333,Professional
30,71,5,6,76,86.7727562,Advanced
19,67,3,11,68,103.9693918,Advanced
75,64,5,4,76,103.1280295,Professional
36,79,11,5,71,111.103727,Advanced
47,75,16,6,71,66.67949795,Advanced
58,66,13,7,88,100.1463087,Beginner
39,74,10,7,72,78.82788751,Advanced
46,89,8,14,100,50.10828906,Intermediate
42,71,9,8,67,94.3459099,Advanced
54,83,14,3,76,59.77323587,Professional
62,89,9,6,87,45.77199482,Intermediate
47,89,17,2,78,49.5704306,Professional
39,75,11,5,71,101.482936,Advanced
71,69,13,2,79,84.3095552,Professional
59,100,10,13,90,100.900273,Intermediate
89,70,8,0,78,108.8095335,Professional
28,71,6,4,82,62.28366351,Advanced
83,98,12,3,64,111.4088719,Professional
36,84,10,9,64,100.2677702,Advanced
65,75,8,9,93,58.44651969,Advanced
79,80,16,0,75,66.60710641,Professional
71,53,2,9,72,104.788259,Professional
39,79,12,9,63,93.82096625,Advanced
67,97,8,7,78,94.27504646,Intermediate
56,91,7,11,92,82.67558609,Intermediate
67,88,8,1,79,99.24723409,Professional
24,59,0,5,87,51.01568393,Advanced
82,98,4,4,56,74.28670186,Intermediate
57,88,6,10,91,83.65923658,Intermediate
37,73,7,7,69,100.4815646,Advanced
14,57,1,1,99,70.95366024,Advanced
72,61,3,9,68,91.9748527,Professional
70,50,4,10,70,87.48157517,Professional
68,69,7,6,73,81.14020772,Professional
37,74,13,2,81,70.56841345,Advanced
29,70,8,4,87,63.12868283,Advanced
62,68,6,8,71,76.86454975,Professional
74,94,7,1,68,94.05731107,Intermediate
36,78,10,5,70,113.2492056,Advanced
69,66,4,9,67,79.08756956,Professional
63,98,3,4,72,120.2310106,Intermediate
18,62,0,0,91,91.79589339,Advanced
55,92,10,11,97,46.76598704,Intermediate
74,100,8,5,73,97.32716015,Intermediate
79,95,12,5,72,90.29289091,Intermediate
48,65,14,3,85,96.80155665,Beginner
82,87,6,1,73,102.9326435,Professional
37,74,8,6,69,109.5854652,Advanced
61,96,20,14,55,102.5223984,Advanced
70,97,7,3,74,75.78355363,Intermediate
68,77,12,3,73,68.79323631,Professional
47,97,7,15,97,112.9933933,Intermediate
45,72,12,2,87,74.84311076,Beginner
24,62,6,1,96,66.73616493,Advanced
70,74,8,4,75,83.30518444,Professional
77,50,1,12,66,106.0597879,Professional
68,56,8,2,79,106.804954,Beginner
50,73,16,6,69,84.82821085,Advanced
25,58,3,0,92,74.61562749,Advanced
43,68,9,7,72,68.95235609,Advanced
65,71,11,7,84,108.6117747,Beginner
10,58,0,5,100,84.79149538,Advanced
70,100,8,5,72,111.3268165,Intermediate
40,78,8,12,62,70.26041115,Advanced
78,96,2,4,55,98.41068563,Intermediate
63,65,12,9,91,96.38161469,Beginner
70,62,6,6,75,96.24811027,Professional
60,79,12,4,74,57.43967037,Professional
32,64,8,0,87,83.21949689,Advanced
64,93,8,6,81,85.32724531,Intermediate
51,86,20,8,62,78.90269648,Advanced
75,100,10,3,74,64.44631486,Intermediate
59,92,12,0,79,73.58626788,Professional
57,87,4,4,90,75.8438042,Intermediate
18,77,3,11,68,97.06464347,Advanced
20,68,2,9,76,65.01703105,Advanced
60,94,12,11,93,61.1197289,Intermediate
47,73,10,8,72,50.82759263,Professional
24,67,1,5,82,66.91213118,Advanced
81,60,4,5,78,103.2157887,Beginner
83,61,9,8,78,140.8337657,Beginner
32,69,2,11,72,48.14294412,Advanced
22,71,1,5,78,95.32685491,Advanced
66,59,4,1,73,87.93253604,Beginner
61,95,4,4,72,124.5275227,Intermediate
67,65,8,7,72,81.18012132,Professional
71,88,4,5,71,94.99809141,Professional
83,69,6,11,87,96.96952983,Beginner
82,76,0,4,76,70.12331802,Beginner
66,69,0,12,64,87.6032899,Professional
63,89,20,12,55,102.3063789,Advanced
30,70,7,3,83,65.25634195,Advanced
76,55,2,12,65,109.3954656,Professional
62,96,9,7,85,64.44163915,Intermediate
57,70,8,7,72,69.21809055,Professional
73,80,6,3,76,100.3425765,Professional
51,93,12,14,100,84.18185973,Intermediate
38,74,18,0,92,68.33468522,Advanced
74,99,14,8,79,75.14629717,Intermediate
69,97,14,13,87,99.15077683,Intermediate
46,97,7,12,100,54.18807916,Intermediate
70,100,9,5,74,96.33245485,Intermediate
76,97,11,3,74,62.72973972,Intermediate
47,94,12,16,100,60.41038257,Intermediate
75,95,14,5,80,48.44923753,Intermediate
65,71,8,3,79,97.98911433,Beginner
57,84,9,7,91,54.46428801,Beginner
39,79,11,7,70,80.62073282,Advanced
79,57,0,8,71,114.8182598,Professional
56,97,2,6,81,94.96351442,Intermediate
59,85,4,4,89,75.44659972,Intermediate
55,71,8,0,78,85.65030525,Beginner
53,78,13,6,88,84.45694341,Beginner
57,85,3,0,80,50.49561289,Beginner
42,80,16,3,74,98.91879756,Advanced
22,72,2,5,80,83.83582337,Advanced
65,92,11,7,89,62.22276871,Intermediate
48,77,12,4,87,77.37366897,Beginner
83,62,4,8,66,88.79775384,Advanced
47,79,14,10,96,73.61521935,Beginner
24,63,3,1,88,84.8258705,Advanced
30,68,6,2,82,83.06655973,Advanced
64,60,0,12,67,100.1768845,Professional
13,56,2,0,99,59.35874107,Advanced
64,80,13,14,99,81.5479086,Beginner
48,96,3,7,89,78.8153913,Intermediate
71,69,7,4,78,104.6140088,Professional
20,67,3,0,88,95.45246572,Advanced
90,98,12,0,57,104.5882397,Intermediate
71,73,1,4,84,47.00390747,Beginner
69,73,5,3,80,74.7948851,Beginner
23,65,3,1,90,57.77902915,Advanced
67,90,0,5,86,65.47255003,Beginner
33,61,2,7,79,52.31429917,Advanced
35,67,9,3,81,72.76514141,Advanced
12,64,5,5,86,69.3900401,Advanced
82,68,2,5,84,49.89168057,Beginner
93,94,13,1,58,73.43508815,Intermediate
70,65,1,10,70,116.3698295,Professional
73,100,7,5,68,136.1854607,Intermediate
73,95,8,5,72,111.7180125,Intermediate
52,81,11,6,91,60.36536377,Beginner
65,61,5,8,73,91.07245867,Professional
50,97,16,0,80,47.88613126,Professional
23,72,0,9,73,77.80448004,Advanced
64,95,11,0,80,84.68393013,Professional
36,81,8,11,63,87.64816914,Advanced
71,95,8,3,72,90.78020024,Intermediate
89,100,14,5,62,129.136557,Intermediate
41,80,15,3,80,45.32758351,Professional
55,97,10,13,92,97.06071606,Intermediate
45,85,14,11,60,85.21905285,Advanced
56,78,13,12,98,67.85289613,Beginner
23,68,1,5,83,59.80000812,Advanced
81,57,3,1,73,99.92872461,Beginner
63,72,12,8,88,99.69511738,Beginner
73,98,0,4,56,106.6864867,Intermediate
71,63,9,6,81,111.2078331,Beginner
46,93,4,9,95,65.5168573,Intermediate
60,87,4,7,93,65.73508756,Beginner
66,100,12,10,85,85.94319124,Intermediate
38,71,5,13,67,46.90021363,Advanced
81,67,2,4,76,90.13852363,Professional
71,100,9,7,73,120.8939118,Intermediate
66,80,8,9,90,70.51236843,Beginner
75,100,11,5,70,109.3514015,Intermediate
60,80,0,10,67,86.1525394,Professional
68,73,5,2,78,83.27330925,Beginner
69,64,6,7,72,85.75949488,Advanced
57,95,4,7,85,73.66869868,Intermediate
44,94,6,14,100,85.22782482,Intermediate
46,54,16,3,71,147.9505949,Beginner
47,72,11,7,74,59.51518841,Professional
66,70,4,8,70,89.21730482,Professional
38,66,8,6,77,51.8566666,Advanced
48,74,10,6,73,58.3015661,Professional
41,79,17,2,78,70.86676614,Advanced
84,62,3,6,73,118.0777996,Professional
45,77,7,0,87,53.82108582,Beginner
83,100,9,0,64,87.6714066,Intermediate
76,77,1,5,82,54.72734716,Beginner
33,76,6,10,69,66.01101887,Advanced
24,62,1,2,87,71.83131931,Advanced
27,72,4,6,77,84.30546731,Advanced
82,95,7,2,59,81.37420526,Intermediate
68,59,3,8,73,100.3083349,Professional
35,77,6,9,65,105.224639,Advanced
70,96,5,0,69,62.76476681,Intermediate
64,70,8,6,86,81.46788029,Beginner
45,80,15,4,78,50.54023445,Professional
44,71,13,4,73,89.94669175,Advanced
50,79,13,3,78,61.36798406,Professional
77,100,14,9,75,111.2325334,Intermediate
38,89,9,13,55,112.4360658,Advanced
34,72,6,7,73,83.34151533,Advanced
12,68,1,2,89,76.13740007,Advanced
78,56,7,11,70,144.2182833,Professional
66,96,8,5,84,54.53357027,Intermediate
69,78,6,6,70,78.29792447,Professional
65,100,9,8,78,112.7994048,Intermediate
75,100,10,4,70,95.07484624,Intermediate
30,75,10,2,81,90.64051184,Advanced
58,96,5,5,82,61.90999059,Intermediate
51,78,9,4,89,56.05979082,Beginner
66,58,7,0,72,112.2540927,Beginner
67,64,10,5,80,117.0773725,Beginner
38,83,11,9,65,92.86145097,Advanced
65,92,12,9,89,60.5879255,Intermediate
83,75,0,9,87,45.05433899,Beginner
57,94,2,3,78,86.80575964,Intermediate
67,60,13,9,87,120.1601615,Beginner
49,97,0,4,83,82.39810342,Intermediate
51,89,3,6,91,49.47776769,Intermediate
43,66,16,1,86,80.9953563,Advanced
48,83,17,7,65,88.45080077,Advanced
73,97,11,7,77,95.86778447,Intermediate
51,89,6,5,75,72.52897423,Professional
63,69,5,7,71,87.92360692,Professional
57,75,10,4,76,65.95097637,Professional
52,68,7,9,70,56.99588629,Professional
22,58,1,1,92,62.73160674,Advanced
62,70,1,10,68,86.36618899,Professional
54,86,14,9,91,84.53617201,Beginner
26,68,5,2,86,77.19205092,Advanced
54,69,12,4,85,92.97712819,Beginner
68,68,11,9,87,106.7851109,Beginner
22,69,3,2,85,83.34277253,Advanced
31,64,8,3,83,65.77304879,Advanced
63,64,9,0,73,118.07552,Beginner
53,75,14,4,77,52.1245341,Professional
42,90,2,9,100,56.09134229,Intermediate
80,100,5,0,57,121.8998307,Intermediate
54,90,10,13,100,46.82631041,Intermediate
63,80,9,6,70,62.78501071,Professional
48,68,20,1,88,60.03388583,Advanced
48,91,0,5,84,94.69381236,Intermediate
47,65,12,8,71,51.8109927,Professional
82,76,4,3,75,113.4765198,Professional
41,72,16,0,84,83.88782737,Advanced
48,68,13,0,79,104.4050702,Beginner
63,64,4,9,71,89.37909858,Professional
52,75,14,4,77,55.71587288,Professional
31,78,7,8,73,66.97816351,Advanced
70,73,8,9,84,99.84813553,Beginner
70,97,6,0,69,80.78905934,Intermediate
80,79,0,5,70,110.3906441,Professional
35,79,10,6,72,86.18201187,Advanced
79,98,10,2,69,65.47888593,Intermediate
62,99,10,10,86,83.32531008,Intermediate
29,71,3,8,77,61.18878205,Advanced
73,70,7,6,82,93.46960021,Beginner
74,71,2,8,90,48.09555828,Beginner
75,95,13,6,78,75.27160288,Intermediate
44,71,14,6,77,53.5371368,Professional
34,78,11,4,77,79.18038465,Advanced
13,69,2,10,76,64.37925589,Advanced
65,61,6,7,87,78.98179572,Beginner
78,83,1,14,99,71.66079934,Beginner
60,81,13,4,73,55.2636197,Professional
71,84,4,4,75,113.5474279,Professional
37,78,8,9,66,93.88935528,Advanced
55,76,10,5,88,68.39408132,Beginner
69,97,6,5,75,101.4392809,Intermediate
55,90,5,8,88,85.49108854,Intermediate
52,74,10,5,91,61.55046974,Beginner
75,87,8,1,70,83.79028614,Intermediate
86,98,13,0,65,57.63241225,Intermediate
29,72,1,12,63,98.86389358,Advanced
59,61,12,0,74,130.6893892,Beginner
65,82,12,1,81,88.08214973,Professional
66,65,15,3,76,62.661276,Professional
57,100,7,9,83,103.6044068,Intermediate
84,57,2,8,69,100.3924302,Professional
80,69,6,4,75,108.1671554,Professional
56,68,16,6,84,128.2015523,Beginner
76,63,1,7,72,113.1416421,Professional
63,69,16,10,89,123.5099158,Beginner
69,94,7,6,78,89.71805577,Intermediate
66,78,10,4,74,75.72878617,Professional
55,89,6,6,86,68.87293042,Intermediate
70,67,5,0,72,102.952981,Beginner
75,93,12,4,76,53.35625961,Intermediate
62,85,8,2,78,83.95370635,Professional
53,69,12,0,76,110.1179849,Beginner
64,73,8,6,86,77.17147658,Beginner
48,71,15,5,88,102.7239753,Beginner
68,75,7,5,71,80.25783396,Professional
58,82,17,1,78,51.10512814,Professional
33,76,12,2,82,77.79715968,Advanced
68,94,7,5,79,73.12939459,Intermediate
31,75,5,9,70,77.25589052,Advanced
40,74,10,7,70,91.1665185,Advanced
80,73,12,1,78,97.89318134,Professional
51,93,8,14,100,66.49502755,Intermediate
75,69,5,7,70,94.00239874,Professional
47,77,12,7,73,50.83354817,Intermediate
73,73,9,3,76,92.14532195,Professional
77,69,2,3,66,67.21866151,Beginner
46,74,8,11,62,88.16389418,Advanced
46,93,2,5,86,83.60056511,Intermediate
77,97,11,3,72,74.76966311,Intermediate
19,64,3,0,93,77.18323987,Advanced
58,100,8,8,85,77.12118608,Intermediate
28,70,9,0,87,86.57650253,Advanced
79,78,2,9,87,53.46329115,Beginner
66,68,1,3,69,75.74419402,Beginner
60,64,3,8,73,85.54655951,Professional
72,79,6,11,92,57.34234639,Beginner
75,99,5,1,62,83.4242433,Intermediate
34,69,11,0,86,72.04395006,Advanced
67,77,9,5,73,76.64335039,Professional
62,94,7,6,83,66.48379009,Intermediate
65,66,2,3,70,81.85482486,Beginner
41,82,12,7,61,134.6802953,Advanced
71,69,2,1,75,79.08822549,Beginner
71,91,6,0,74,63.47846228,Intermediate
88,95,14,2,66,83.21026938,Intermediate
72,72,6,6,71,88.51682603,Professional
70,99,10,7,76,100.6936883,Intermediate
54,79,7,6,75,78.33009219,Professional
64,96,9,9,85,85.80827285,Intermediate
79,60,2,2,75,91.67292083,Beginner
78,67,5,6,71,98.15927931,Professional
33,70,2,13,68,45.80974061,Advanced
60,83,7,6,72,74.16704513,Professional
47,92,3,9,96,49.92963217,Intermediate
54,92,5,8,91,59.50891981,Intermediate
56,77,8,6,74,80.07502104,Professional
60,72,5,0,79,66.22024448,Beginner
58,100,5,7,80,107.246466,Intermediate
29,62,0,7,77,85.64052719,Advanced
69,73,9,6,82,102.6507318,Beginner
69,70,8,8,89,77.25948854,Beginner
81,55,0,9,70,115.8371388,Professional
83,100,12,2,68,59.85003899,Intermediate
69,79,7,9,89,71.24095221,Beginner
71,67,4,5,77,113.4466859,Professional
49,86,17,13,55,103.2651037,Advanced
81,78,3,10,86,68.70538203,Beginner
73,71,8,10,89,90.9702283,Beginner
82,75,5,9,84,89.06398759,Beginner
57,87,13,2,77,64.00672443,Professional
54,75,9,7,73,70.76190631,Professional
48,83,16,8,62,99.12839948,Advanced
75,81,7,14,97,58.85806054,Beginner
52,59,11,9,71,48.65790217,Professional
42,83,11,10,59,112.0290083,Advanced
66,96,9,3,77,65.7233184,Intermediate
66,80,9,14,100,54.22468476,Professional
78,55,3,11,68,126.1759476,Professional
62,84,11,4,73,65.45616239,Professional
64,100,10,9,79,116.4507492,Intermediate
59,89,1,0,79,48.43121972,Intermediate
78,59,5,8,68,90.49894541,Professional
52,96,11,14,100,57.91133385,Intermediate
78,91,8,0,67,64.87598872,Intermediate
48,77,13,9,63,88.36475002,Advanced
54,98,4,4,80,80.32367613,Intermediate
69,76,1,7,72,107.2781435,Professional
58,84,9,4,76,75.08146591,Professional
63,87,2,0,75,46.74037733,Intermediate
80,100,12,2,69,68.11098357,Intermediate
75,70,8,2,77,96.88756071,Professional
32,63,7,1,87,71.26543714,Advanced
27,76,0,12,65,88.22946891,Advanced
62,91,6,5,84,57.45966261,Intermediate
18,62,1,3,88,78.17688667,Advanced
62,63,13,2,75,140.6178809,Beginner
78,78,2,9,88,56.79310337,Beginner
69,75,5,7,69,84.05227477,Professional
50,87,12,7,92,66.76520243,Beginner
22,68,0,5,79,89.86304966,Advanced
54,79,7,1,82,59.4190204,Beginner
53,60,13,0,76,119.8895947,Beginner
35,67,11,1,86,98.75860804,Advanced
62,77,7,8,94,45.73252104,Beginner
74,100,15,10,85,65.72517499,Intermediate
74,93,5,1,66,66.95379504,Intermediate
72,77,11,3,72,71.79996872,Professional
61,100,13,12,93,59.59343903,Intermediate
64,91,8,5,82,62.86371086,Intermediate
46,94,4,9,94,65.56684405,Intermediate
30,65,6,3,85,54.65735727,Beginner
77,95,13,5,78,53.48680687,Intermediate
32,85,5,13,61,91.39247627,Advanced
52,79,9,5,75,60.33469968,Professional
55,83,13,17,55,64.4999587,Advanced
61,71,6,7,71,76.50906484,Professional
61,62,9,8,72,72.22344501,Professional
76,94,11,2,73,50.35533514,Intermediate
65,100,11,11,86,91.58966517,Intermediate
63,73,7,7,89,64.69395666,Beginner
67,96,5,9,93,59.29978553,Beginner
24,61,0,2,85,99.86992876,Advanced
49,81,11,9,94,67.67906411,Beginner
67,84,8,7,84,84.56204443,Beginner
66,85,3,4,84,46.84516239,Beginner
62,81,2,7,70,92.87288799,Professional
80,61,3,4,77,95.41384341,Beginner
28,74,5,7,77,58.44983828,Advanced
50,82,20,4,71,78.79617488,Advanced
61,90,10,8,91,52.9851551,Intermediate
68,52,10,0,69,143.4109151,Beginner
31,67,6,4,83,58.78297306,Advanced
80,100,18,10,81,71.80879829,Intermediate
10,57,4,2,100,65.47761831,Advanced
68,100,8,7,77,97.29908057,Intermediate
65,93,6,3,73,97.19151366,Intermediate
67,97,4,2,67,117.2258667,Intermediate
66,94,8,7,78,107.2186226,Intermediate
53,79,14,4,76,53.77527468,Professional
22,69,2,10,74,74.07327139,Advanced
57,98,10,11,91,80.17805208,Intermediate
86,78,9,1,73,94.1551627,Professional
39,87,8,15,55,96.43647604,Advanced
56,87,10,7,91,54.01190867,Beginner
74,77,11,0,81,96.3502225,Professional
57,80,9,2,80,84.15137972,Professional
63,53,1,11,69,92.63910633,Professional
55,70,10,3,84,86.74899408,Beginner
57,56,9,6,78,78.50606884,Professional
82,97,9,0,62,89.28021557,Intermediate
57,67,6,8,72,83.29838932,Professional
61,90,5,6,82,77.19770069,Intermediate
71,65,0,8,73,120.6422385,Professional
65,100,7,6,76,111.3607475,Intermediate
69,54,6,2,68,126.4492112,Beginner
43,77,14,6,72,67.3552603,Advanced
19,79,2,7,76,83.61508284,Advanced
58,90,11,10,96,56.46626225,Intermediate
63,71,10,5,74,69.12190539,Professional
63,67,5,1,72,89.81096661,Beginner
51,79,15,9,59,102.38863,Advanced
44,83,9,15,55,86.57702087,Advanced
36,68,11,2,84,54.9552283,Advanced
47,90,16,11,56,97.63738813,Advanced
68,80,8,12,92,72.44259439,Beginner
63,61,2,10,72,99.84396457,Professional
36,71,6,8,72,63.99201165,Advanced
47,78,19,11,97,101.0078762,Beginner
61,94,16,15,100,46.85220802,Intermediate
74,67,3,6,74,105.1717974,Professional
81,66,5,7,80,102.4498642,Beginner
24,76,1,9,69,101.705787,Advanced
26,62,3,2,86,77.78281467,Advanced
61,81,13,9,88,98.23260939,Beginner
66,68,7,5,76,94.08865809,Professional
39,76,9,9,67,85.65597887,Advanced
66,79,5,5,75,95.99640043,Professional
73,75,3,7,87,52.59600488,Beginner
80,97,6,1,59,92.19997822,Intermediate
29,55,5,2,96,74.10753615,Advanced
51,81,18,6,65,101.4435584,Advanced
52,64,14,1,75,133.9547983,Beginner
50,72,19,1,80,66.49769019,Advanced
30,76,12,0,88,57.33781046,Advanced
69,89,20,13,55,66.39621189,Advanced
60,76,8,3,81,82.83429684,Beginner
48,85,10,16,55,84.76555795,Advanced
84,96,10,0,62,84.91562701,Intermediate
37,72,6,8,66,110.4815496,Advanced
70,72,8,2,80,102.2554948,Professional
68,59,10,3,76,127.6822137,Beginner
63,97,6,5,78,85.79228634,Intermediate
33,86,8,8,66,113.0450361,Advanced
72,83,10,1,77,91.34806013,Professional
54,92,20,0,80,45.74612176,Professional
73,100,9,3,72,73.9426372,Intermediate
33,72,3,10,68,76.05571431,Advanced
68,78,3,3,73,63.32163189,Beginner
64,78,11,2,79,82.92519344,Professional
57,64,12,2,80,113.78456,Beginner
66,77,8,8,89,76.54626064,Beginner
83,100,11,2,63,106.7195442,Intermediate
53,84,10,4,84,70.9819079,Beginner
28,71,3,7,75,80.00011723,Advanced
36,77,9,7,70,92.3407405,Advanced
50,83,8,4,89,46.06341694,Beginner
74,55,9,5,74,80.96781507,Professional
54,71,12,2,81,101.8788823,Beginner
65,57,15,9,87,131.8546079,Beginner
78,99,4,1,57,119.7708097,Intermediate
79,97,14,6,75,76.46086583,Intermediate
72,71,10,10,87,105.4021894,Beginner
46,76,13,7,65,110.6434866,Advanced
72,70,3,7,71,97.80296126,Professional
57,77,20,3,72,74.59367079,Advanced
79,75,9,13,90,96.57506925,Beginner
59,72,8,7,71,70.17780676,Professional
76,95,11,6,77,74.51573348,Intermediate
37,75,10,6,72,87.02316843,Advanced
73,78,8,2,76,92.25703322,Professional
30,74,4,8,71,93.04221732,Advanced
54,95,7,11,91,87.49841208,Intermediate
45,84,2,19,55,105.8850425,Advanced
72,100,6,3,68,114.1255595,Intermediate
84,68,2,7,70,106.5383678,Professional
22,72,1,7,79,65.94962464,Advanced
51,65,14,0,76,125.9060564,Beginner
55,81,7,5,75,75.99734654,Professional
88,100,5,6,55,101.0770481,Intermediate
35,69,7,5,77,75.62410502,Advanced
64,72,6,7,73,87.89298162,Professional
76,79,4,10,90,56.17590296,Beginner
54,100,2,8,84,93.06675746,Intermediate
64,63,11,4,79,120.0770025,Beginner
65,100,7,5,72,110.4796869,Intermediate
48,89,3,10,98,48.2884948,Intermediate
21,79,0,9,68,109.7152722,Advanced
48,92,1,6,83,112.1689632,Intermediate
79,80,4,4,71,104.2990159,Professional
23,58,2,0,94,67.77810719,Advanced
83,97,9,1,64,84.68763874,Intermediate
71,65,5,2,77,99.24056644,Beginner
28,58,2,3,88,47.64942036,Advanced
14,65,3,3,85,104.8782611,Advanced
53,88,15,0,82,60.77391334,Professional
72,100,6,2,69,94.92265469,Intermediate
66,77,7,9,91,57.87264102,Beginner
64,100,12,14,88,113.4461929,Intermediate
21,74,3,12,68,90.03258273,Advanced
21,72,2,9,70,111.6014652,Advanced
61,100,13,12,94,51.60462344,Intermediate
59,82,12,1,79,68.83827437,Professional
77,69,7,8,82,103.5407452,Beginner
71,91,7,2,74,88.21871834,Professional
68,75,13,3,75,71.89585243,Professional
70,61,3,7,74,111.6915722,Intermediate
60,89,11,11,92,66.43376772,Intermediate
54,87,18,12,55,87.40966985,Advanced
84,62,1,6,80,81.11110777,Beginner
69,94,6,3,74,81.83474015,Intermediate
65,88,11,3,73,67.13166762,Professional
68,58,15,6,81,146.8106461,Beginner
72,56,6,5,77,101.9620601,Professional
84,62,1,8,69,114.0020025,Professional
26,75,6,5,78,84.54867736,Advanced
55,55,9,11,68,53.90583428,Professional
57,91,5,5,86,51.23511211,Intermediate
74,100,9,6,71,133.4401207,Intermediate
40,70,12,1,79,103.9373431,Advanced
53,67,13,2,81,111.1607813,Beginner
35,68,10,2,83,65.81524084,Advanced
57,77,7,6,72,70.35286343,Professional
22,75,3,5,79,86.14046466,Advanced
62,93,3,2,76,73.9550837,Intermediate
16,63,0,0,95,58.59637908,Advanced
49,86,8,5,75,63.24384578,Professional
53,72,9,2,84,70.68312783,Beginner
46,77,16,4,71,99.5456596,Advanced
67,87,4,3,80,56.7143234,Intermediate
38,68,20,7,94,106.5391021,Beginner
73,61,6,6,82,96.3305295,Beginner
36,72,5,10,68,70.61248656,Advanced
25,62,0,5,82,78.452955,Advanced
88,71,0,6,78,73.19591396,Beginner
60,89,5,3,86,75.60476716,Intermediate
50,67,9,6,77,69.92584066,Professional
58,77,5,7,72,75.8575697,Professional
51,87,8,8,68,58.94262625,Professional
59,64,9,7,74,70.60672587,Professional
22,60,1,4,84,84.25003734,Advanced
69,70,10,4,76,82.3954676,Professional
42,88,1,6,95,61.9376705,Intermediate
67,68,0,7,74,114.3367313,Professional
57,79,7,4,86,55.45393663,Beginner
80,89,7,2,72,96.00732245,Professional
78,100,15,9,78,88.03149768,Intermediate
60,67,6,2,84,63.00085186,Beginner
61,71,9,6,74,76.61191771,Professional
33,74,14,0,89,63.51188507,Advanced
53,95,20,1,81,51.684228,Professional
29,73,7,5,80,61.19960775,Advanced
75,61,3,7,71,105.9889825,Professional
51,92,6,11,93,77.72047755,Intermediate
83,98,12,2,64,105.2865269,Intermediate
62,64,14,10,92,109.2875228,Beginner
37,71,11,5,81,50.11851789,Advanced
79,100,11,6,68,120.6918208,Intermediate
49,73,15,6,89,91.51685001,Beginner
75,100,9,5,67,136.3585592,Intermediate
68,74,2,6,88,52.42441867,Beginner
48,84,19,2,77,56.91139111,Professional
76,93,9,1,69,79.32677259,Intermediate
74,86,10,1,77,91.78811847,Professional
42,87,14,5,90,73.75538977,Beginner
54,71,9,7,73,61.11753663,Professional
59,78,9,6,88,69.91405954,Beginner
59,96,6,6,82,79.73685748,Intermediate
56,77,8,1,79,81.12863206,Beginner
73,60,1,10,70,117.4686398,Professional
15,68,1,0,92,76.49508529,Advanced
40,81,13,6,69,103.1110646,Advanced
47,80,17,5,68,96.49511685,Advanced
69,72,9,7,83,96.85017756,Beginner
64,100,18,4,85,71.55135304,Professional
47,81,17,6,68,91.37780309,Advanced
28,78,8,4,76,102.8110075,Advanced
64,95,11,7,85,46.6163301,Intermediate
73,99,7,4,73,85.42089575,Intermediate
68,50,4,10,70,89.4648954,Professional
49,77,13,10,61,96.20410366,Advanced
62,71,6,1,78,77.7508637,Beginner
50,70,16,4,75,69.18694392,Advanced
52,86,14,12,55,101.9922139,Advanced
73,56,4,10,72,131.830265,Professional
36,64,9,1,85,80.35362624,Advanced
47,81,19,5,72,68.08617359,Advanced
53,68,9,0,81,80.85587504,Beginner
50,74,14,8,65,83.98322092,Advanced
61,85,6,5,84,60.89374178,Beginner
66,77,1,0,75,61.41640528,Beginner
10,50,4,6,100,64.4021318,Advanced
64,80,7,6,71,73.87347798,Professional
57,70,10,6,74,71.7888042,Professional
80,71,3,7,82,78.74833496,Beginner
68,67,4,2,69,99.01549909,Beginner
84,78,0,10,88,46.92708998,Beginner
71,100,8,4,68,124.7521603,Intermediate
65,94,6,4,77,83.71389112,Intermediate
55,70,17,6,87,117.9748546,Beginner
62,95,13,9,85,78.28501525,Intermediate
49,99,9,17,100,97.41686264,Intermediate
73,100,8,5,68,128.6761613,Intermediate
60,74,4,8,71,82.04026267,Professional
72,55,3,10,67,77.8976413,Professional
53,95,3,5,87,48.97214168,Intermediate
63,97,9,10,87,81.86850734,Intermediate
79,83,1,7,86,58.41471801,Beginner
65,69,9,6,83,99.62374139,Beginner
61,85,20,2,85,64.88833163,Professional
53,87,20,4,68,88.11074933,Advanced
60,53,18,5,80,161.1738144,Beginner
74,80,1,7,86,47.6684962,Beginner
74,98,10,5,76,75.10845398,Intermediate
81,65,5,5,72,101.4937909,Professional
80,95,10,1,66,75.9805128,Intermediate
73,77,1,9,66,92.07193676,Professional
23,76,1,8,71,102.4029933,Advanced
76,76,5,5,72,98.83081828,Professional
29,75,7,5,76,95.29998977,Advanced
24,76,4,6,76,92.83668935,Advanced
71,56,2,9,71,96.46296404,Professional
56,66,1,9,74,100.7272355,Professional
60,96,0,1,73,92.24729959,Intermediate
81,100,11,4,66,120.9983766,Intermediate
55,79,20,2,74,76.81277814,Advanced
64,67,8,2,80,88.12249561,Beginner
70,77,5,5,82,72.32640769,Beginner
67,96,5,3,73,89.13149665,Intermediate
70,98,11,9,79,106.6472324,Intermediate
84,57,4,9,70,135.078795,Professional
42,90,4,13,100,65.77015901,Intermediate
60,75,11,9,93,73.49328144,Beginner
70,98,11,6,79,77.99455935,Intermediate
62,76,14,2,80,72.94549432,Professional
55,65,10,1,80,96.02561447,Beginner
62,73,18,0,84,70.87288846,Professional
29,71,10,0,88,78.91168861,Advanced
64,84,14,2,75,59.59747056,Professional
68,96,5,3,71,102.9359571,Intermediate
60,93,4,4,78,87.72618095,Intermediate
74,58,3,12,66,120.8310541,Professional
58,93,6,7,89,47.61411655,Intermediate
62,70,6,3,84,61.7795352,Beginner
46,81,14,6,91,79.10122889,Beginner
28,69,3,7,77,71.81636194,Advanced
54,91,6,6,87,50.84240053,Professional
65,71,8,6,71,73.66849641,Professional
80,55,2,10,69,120.098453,Professional
64,50,4,10,72,91.20960385,Professional
56,97,9,11,90,84.4623056,Intermediate
75,71,2,7,70,105.2970803,Professional
28,61,8,2,97,49.778556,Advanced
59,79,20,8,62,75.80040502,Advanced
57,67,11,5,76,70.71723747,Professional
54,95,9,12,97,62.60418226,Intermediate
28,81,2,13,61,96.75469095,Advanced
55,93,3,5,82,83.9246044,Intermediate
64,100,10,10,83,98.4111362,Intermediate
50,74,15,6,72,53.04800795,Professional
69,76,2,5,86,46.213987,Beginner
73,100,14,8,80,65.88990438,Intermediate
71,99,7,3,69,103.0242048,Intermediate
73,98,11,5,77,60.95052649,Intermediate
77,85,0,13,98,78.72488555,Beginner
65,100,15,15,96,70.7795678,Intermediate
27,78,5,5,73,117.1167779,Advanced
56,73,12,5,76,62.43775494,Professional
54,66,17,7,88,119.2770803,Advanced
91,100,11,1,55,109.5278141,Intermediate
44,86,16,7,65,102.5496422,Advanced
57,100,3,6,79,109.3417023,Intermediate
59,80,10,4,75,69.13719827,Professional
64,97,3,2,73,86.07317098,Intermediate
61,70,10,6,73,69.95932061,Professional
67,95,6,3,74,89.29086623,Intermediate
72,90,7,1,74,51.29896189,Intermediate
67,100,8,6,78,92.39689677,Intermediate
84,100,12,3,64,110.761801,Intermediate
51,76,8,8,70,58.85070159,Professional
56,79,20,2,70,100.8989547,Advanced
41,83,12,9,64,84.02024367,Advanced
25,52,0,0,94,68.78763917,Advanced
69,77,4,4,75,96.02756341,Professional
46,80,12,11,59,88.03928052,Advanced
31,67,3,7,76,67.20417948,Advanced
67,100,8,7,75,113.396564,Intermediate
49,94,16,2,75,55.12250938,Professional
38,77,12,4,72,104.704489,Advanced
85,66,1,5,77,85.30963679,Beginner
55,84,20,3,72,65.57031879,Advanced
23,68,4,1,89,70.33357278,Advanced
32,77,8,5,72,113.3554961,Advanced
13,65,4,5,84,82.90335777,Advanced
73,98,11,6,76,91.58726955,Intermediate
74,100,3,0,56,143.346219,Intermediate
68,93,7,3,77,60.63213833,Intermediate
68,70,9,9,88,90.47568835,Beginner
66,90,10,5,86,53.4050425,Intermediate
62,80,13,1,79,73.82495943,Professional
67,66,12,3,78,81.86224866,Professional
76,78,2,8,88,52.92482893,Beginner
55,68,10,0,78,100.6547776,Beginner
70,72,7,6,81,93.19401116,Beginner
67,91,4,1,73,74.65193031,Intermediate
59,99,8,7,84,76.49064826,Intermediate
25,67,7,0,91,73.12464248,Advanced
65,95,10,3,70,64.75918946,Professional
63,80,6,8,92,48.27023743,Beginner
69,77,4,7,68,78.188632,Professional
83,77,4,10,86,78.07195932,Beginner
58,90,3,2,83,59.93584302,Intermediate
28,67,4,5,82,55.1621419,Advanced
52,74,4,10,69,72.31802474,Professional
61,54,10,8,72,63.85411388,Professional
23,67,0,6,81,72.53604157,Advanced
57,100,12,14,93,79.19779317,Intermediate
40,76,8,11,65,75.64194075,Advanced
78,91,11,3,73,65.88408904,Intermediate
70,73,3,6,73,100.1622349,Professional
57,94,5,6,86,59.44139721,Intermediate
51,96,6,12,91,113.0862113,Intermediate
61,86,7,8,92,47.85065628,Beginner
61,85,6,6,69,75.80682098,Professional
36,74,10,5,74,83.82662473,Advanced
66,89,11,1,78,87.11878212,Professional
71,67,6,3,77,98.54801637,Beginner
58,62,10,8,73,67.50779048,Professional
76,66,7,6,81,102.272135,Beginner
40,70,17,4,88,108.7066754,Advanced
63,59,13,6,85,119.5120692,Beginner
45,82,11,12,55,126.8853961,Advanced
52,60,13,7,75,54.92821878,Professional
71,71,6,6,84,85.26717144,Beginner
78,75,0,2,76,63.37748984,Beginner
78,100,16,8,77,90.09303909,Beginner
36,75,6,9,68,83.89341131,Advanced
71,80,3,7,69,98.75781393,Professional
42,66,13,2,83,57.69316703,Advanced
64,81,13,13,95,86.76332145,Beginner
45,80,13,9,63,98.94330711,Advanced
53,96,10,14,98,79.42059008,Intermediate
65,95,4,3,74,96.11638529,Advanced
66,72,5,7,90,51.83691501,Beginner
63,62,2,11,67,85.27063541,Professional
48,98,6,12,94,91.32244998,Intermediate
52,73,9,2,84,72.93321262,Beginner
65,91,8,5,84,45.20161204,Intermediate
43,89,3,3,86,71.60322809,Intermediate
31,77,5,10,70,62.30935963,Advanced
68,69,10,6,82,107.4961618,Beginner
45,77,8,11,62,82.12881797,Advanced
70,91,6,0,73,50.2434205,Intermediate
64,68,3,10,66,77.19546772,Professional
29,64,5,3,87,51.49657074,Advanced
61,86,13,0,82,85.97278192,Professional
56,88,3,5,85,69.93036888,Intermediate
57,81,13,6,85,100.279586,Beginner
45,79,13,10,64,65.32033663,Advanced
93,81,4,7,79,46.43386646,Beginner
66,71,7,2,76,99.05237494,Beginner
19,65,1,1,90,80.61684531,Advanced
52,84,19,7,62,101.785835,Advanced
44,91,12,14,55,112.5242224,Advanced
55,95,10,14,98,74.07128534,Intermediate
44,73,11,9,68,67.85176273,Advanced
61,100,4,6,74,132.1190686,Intermediate
61,91,6,5,83,60.9078519,Intermediate
73,70,0,3,81,54.06396424,Beginner
72,67,1,8,72,109.2483943,Professional
49,88,17,10,59,86.6961964,Advanced
60,98,12,13,93,82.85606868,Intermediate
63,73,4,8,71,88.92587814,Professional
78,71,2,2,74,86.19054619,Beginner
72,81,9,12,91,80.34455115,Beginner
73,97,8,2,71,79.58890181,Intermediate
18,60,3,3,100,73.77876215,Advanced
65,67,5,7,72,85.23789244,Professional
71,98,10,5,76,78.74645202,Intermediate
23,76,1,9,71,90.30119635,Advanced
64,100,7,7,78,112.2551529,Intermediate
75,68,4,5,81,83.82209706,Beginner
66,98,6,5,72,129.8479383,Intermediate
74,98,11,2,76,59.19718445,Intermediate
73,100,14,12,81,119.7338211,Intermediate
64,82,10,3,74,67.60536823,Professional
75,71,2,4,80,68.20241142,Beginner
74,75,4,9,88,63.97133594,Beginner
73,67,9,7,81,110.521351,Beginner
23,69,6,0,92,66.43862422,Advanced
71,75,2,6,74,110.1279671,Professional
36,76,9,6,71,105.4961303,Advanced
25,69,4,0,81,134.7564142,Advanced
71,75,5,5,72,91.67521505,Professional
40,76,13,5,75,64.9232369,Advanced
46,70,15,2,78,77.20729167,Advanced
70,70,2,3,83,51.73984365,Beginner
59,83,1,8,70,93.33806701,Professional
36,76,10,6,75,73.5690771,Advanced
56,79,13,3,77,69.20411788,Professional
61,76,5,2,81,64.15283205,Beginner
61,74,7,2,81,74.16237885,Beginner
43,77,12,8,68,79.68559095,Advanced
65,93,8,4,69,64.16862147,Professional
62,96,3,2,73,85.11066283,Intermediate
74,82,0,3,81,51.36364728,Beginner
54,73,9,0,74,109.8671429,Beginner
55,83,10,8,94,57.90586699,Beginner
76,67,0,6,75,122.8802585,Professional
68,77,4,7,88,48.71860771,Beginner
80,78,2,12,94,50.85268234,Beginner
61,64,10,3,82,99.40961051,Beginner
48,96,10,17,100,91.96687644,Intermediate
63,60,10,1,75,119.3707871,Professional
17,55,0,2,100,48.30993455,Advanced
59,70,8,6,73,70.66268772,Professional
67,76,10,10,90,86.83544802,Beginner
23,75,5,3,83,83.02833374,Advanced
44,88,13,11,55,115.5422116,Advanced
86,98,5,6,55,105.9317221,Intermediate
74,99,9,3,71,88.30161025,Intermediate
74,64,11,1,81,95.2479105,Professional
79,97,15,7,77,70.09069371,Intermediate
82,68,4,5,76,108.3927745,Beginner
38,77,10,8,69,87.66190935,Advanced
69,69,5,7,70,82.14476368,Professional
48,95,12,4,74,49.6374146,Professional
69,94,7,3,78,51.49817782,Intermediate
68,62,1,9,71,103.5027162,Professional
51,70,6,9,72,70.43589371,Professional
74,69,0,10,65,94.95682605,Professional
58,84,16,1,78,58.65609156,Professional
47,75,19,0,78,93.54185292,Advanced
69,54,0,10,71,112.17201,Professional
65,75,11,7,68,55.59562332,Professional
71,79,3,8,88,52.86722459,Beginner
70,100,4,2,62,143.3646209,Intermediate
66,99,8,6,81,58.6325529,Intermediate
69,84,7,3,75,91.89144066,Professional
60,82,10,9,91,71.21930672,Beginner
59,68,13,4,81,113.6760552,Beginner
32,74,6,7,72,88.00985175,Advanced
76,97,10,2,69,74.17382805,Intermediate
75,73,1,2,79,47.79531106,Beginner
59,67,8,2,81,88.79190089,Beginner
39,85,6,15,55,100.0834148,Advanced
56,95,5,7,88,64.22299124,Intermediate
63,66,11,5,76,77.36927758,Professional
39,85,20,9,95,105.4347538,Beginner
66,74,5,6,89,52.9537216,Beginner
37,86,11,0,85,54.81208525,Beginner
24,73,5,3,80,94.98740478,Advanced
66,98,4,2,73,82.43807411,Intermediate
79,71,10,13,90,106.5944217,Beginner
60,71,18,9,66,48.08116635,Advanced
48,79,14,10,62,82.56304546,Advanced
58,90,8,6,69,59.95659074,Professional
98,51,2,9,79,113.6943959,Beginner
46,69,18,4,85,123.1000655,Beginner
64,87,3,6,88,51.67885758,Beginner
57,90,5,5,85,55.77788462,Intermediate
38,73,10,4,75,96.01143102,Advanced
52,92,7,12,95,78.70730722,Intermediate
30,61,3,3,87,50.2752665,Advanced
33,62,7,1,87,69.80848144,Advanced
76,55,0,9,71,113.3503154,Professional
26,59,5,1,94,73.80795704,Advanced
45,82,8,15,55,91.20670027,Advanced
82,100,17,5,73,66.42447062,Intermediate
25,70,3,13,65,84.37716583,Advanced
78,99,14,6,79,47.92484583,Intermediate
71,86,8,3,73,83.0757944,Professional
58,57,16,3,78,148.9245585,Beginner
56,64,10,0,78,100.4177415,Beginner
76,93,16,7,80,48.4043962,Intermediate
73,66,5,7,71,90.97343053,Professional
13,84,3,4,82,90.77519451,Advanced
84,96,9,2,59,77.80135943,Intermediate
60,81,10,5,83,90.41080645,Beginner
46,84,12,1,82,83.56150412,Beginner
75,84,6,2,75,100.382382,Professional
82,62,8,4,73,100.1301069,Professional
34,72,9,5,78,67.76680097,Advanced
39,71,10,5,75,77.31890807,Advanced
74,100,6,1,69,72.97061069,Intermediate
32,64,3,6,77,78.5211974,Advanced
66,93,2,0,70,68.18520842,Intermediate
78,79,3,9,91,48.14388431,Beginner
77,63,5,5,75,104.4011879,Professional
65,69,12,5,79,122.8141973,Beginner
53,74,12,4,79,67.54535213,Professional
51,100,9,14,94,105.7082492,Intermediate
78,68,4,7,84,80.0243203,Beginner
54,86,7,5,89,47.48632248,Beginner
76,59,7,5,74,92.11153009,Professional
52,81,14,12,56,79.08839293,Advanced
66,94,1,0,65,102.6805076,Intermediate
39,75,12,5,74,82.14815982,Advanced
65,94,5,3,76,78.94997394,Intermediate
69,98,9,6,76,97.31143687,Intermediate
41,67,14,0,86,71.90318674,Advanced
54,69,13,5,86,101.7584211,Beginner
71,85,7,3,74,97.25533106,Professional
93,71,4,8,84,48.1708005,Beginner
18,75,3,10,71,92.88812596,Advanced
93,50,2,10,66,123.3748017,Professional
60,57,9,6,79,88.11872833,Professional
57,82,8,4,76,77.9312574,Professional
55,73,17,8,88,122.361619,Intermediate
66,100,12,11,90,58.39991656,Intermediate
76,100,12,9,72,139.7011641,Intermediate
73,77,3,9,90,48.7390112,Beginner
73,72,10,11,90,96.62959499,Beginner
30,85,1,11,100,45.40189854,Intermediate
55,78,20,4,69,89.02193099,Advanced
54,81,15,12,97,80.61196355,Beginner
85,100,15,6,71,90.92809494,Intermediate
40,78,12,6,69,101.9193102,Advanced
39,70,13,1,81,95.21734933,Advanced
70,65,2,0,76,74.58321626,Beginner
72,71,5,6,84,76.55840721,Beginner
69,100,11,10,79,121.7183931,Intermediate
62,65,9,3,76,111.4188524,Beginner
80,95,9,1,63,72.00200939,Intermediate
56,84,11,3,76,66.02701894,Professional
62,79,8,6,70,67.6028917,Professional
66,78,11,4,72,64.08100818,Professional
72,62,1,8,71,107.529369,Professional
79,53,2,7,74,112.8529079,Professional
51,97,5,9,87,102.1394044,Intermediate
58,97,13,15,98,75.3204102,Intermediate
51,83,15,12,57,73.01706446,Advanced
78,99,8,3,68,96.73785681,Intermediate
63,100,10,12,88,95.66057677,Intermediate
56,90,15,2,76,54.76146596,Beginner
65,65,10,1,66,141.7999506,Beginner
39,89,10,5,76,59.02043941,Professional
26,62,7,4,95,99.41191021,Advanced
61,68,10,3,81,100.977457,Beginner
57,64,15,7,86,120.3684148,Beginner
74,95,9,3,74,70.07329331,Intermediate
66,87,11,1,77,79.03453594,Professional
25,65,2,4,84,72.25031403,Advanced
50,70,12,8,64,99.6418499,Advanced
75,72,0,4,82,52.42318944,Beginner
50,72,16,5,73,70.19391675,Advanced
76,64,9,4,74,84.25250392,Professional
48,76,17,6,71,67.11072506,Advanced
65,71,6,4,77,89.43786495,Professional
84,74,6,3,74,111.7656194,Professional
59,92,11,12,93,86.15084666,Intermediate
17,63,0,1,90,85.10326309,Advanced
75,57,0,10,67,104.538146,Professional
47,56,13,3,73,123.9340009,Beginner
50,74,19,10,94,116.1617098,Beginner
62,69,16,10,90,123.2948283,Beginner
62,75,8,8,69,65.81979437,Professional
43,71,8,10,66,74.80148485,Advanced
33,81,6,11,64,88.56797721,Advanced
84,100,15,7,71,102.5295172,Intermediate
53,78,14,8,67,65.16867405,Advanced
74,71,4,5,74,101.8538608,Professional
67,72,1,0,78,48.12908996,Beginner
75,70,8,4,75,96.86046798,Professional
40,77,14,4,74,94.48133415,Advanced
65,100,9,9,79,118.3729989,Intermediate
74,73,6,5,79,95.87377829,Beginner
64,74,11,4,75,70.5472991,Beginner
60,65,9,6,75,79.91344399,Professional
60,73,8,5,75,77.78423143,Professional
67,100,4,2,70,98.26674334,Intermediate
71,60,6,8,69,82.92515644,Professional
64,100,11,9,87,62.40612121,Intermediate
66,62,4,9,70,89.2694614,Professional
87,97,13,1,66,79.01163697,Intermediate
37,95,6,16,100,57.49805181,Intermediate
31,66,4,6,80,52.44246331,Advanced
68,84,11,2,75,72.11217883,Professional
32,68,4,6,75,86.64277465,Advanced
58,66,17,7,84,133.7724077,Beginner
61,83,13,4,71,48.28115033,Professional
51,82,14,7,88,93.174413,Beginner
67,83,4,4,74,99.09350661,Professional
47,89,5,9,99,56.15865403,Intermediate
67,83,3,0,80,81.71069909,Beginner
39,73,14,0,81,101.2204973,Advanced
86,66,2,4,72,107.4720969,Beginner
92,100,10,2,55,108.0229486,Intermediate
50,73,12,5,77,58.27162695,Professional
68,69,8,7,70,75.72627659,Professional
61,75,6,5,76,90.85983774,Professional
34,74,12,0,80,107.8464342,Advanced
72,57,4,10,67,85.0054219,Professional
55,91,8,9,95,49.61345571,Intermediate
38,75,7,10,67,70.44081659,Advanced
36,78,7,10,64,100.3731408,Advanced
73,100,13,10,76,127.6731711,Intermediate
37,69,10,4,79,68.55934534,Advanced
47,67,13,5,73,73.42750799,Advanced
17,81,0,9,74,73.82850531,Advanced
45,70,15,4,80,49.56076165,Advanced
76,78,5,3,76,109.6979148,Professional
59,97,6,6,83,60.69863407,Intermediate
71,97,9,5,75,87.84090051,Intermediate
79,67,0,7,70,117.0338717,Professional
76,77,6,0,77,73.97984116,Beginner
66,85,6,0,80,77.06857838,Intermediate
57,88,0,0,80,58.33659768,Intermediate
74,69,7,6,81,97.01974369,Beginner
27,66,6,1,87,75.02774779,Advanced
35,79,9,8,70,77.58998348,Advanced
62,57,4,14,66,104.3491862,Professional
74,100,16,9,83,50.26671595,Intermediate
62,61,7,1,74,100.4169656,Beginner
55,81,17,11,58,87.40016783,Advanced
33,79,8,6,71,98.40668541,Advanced
51,78,15,9,60,95.81137775,Advanced
41,86,10,12,55,108.8384716,Advanced
69,94,9,5,77,78.92450644,Intermediate
58,68,5,8,72,81.64728893,Professional
47,71,12,8,69,67.12191951,Advanced
61,79,14,11,92,95.94639668,Beginner
46,76,14,10,62,86.11995648,Advanced
84,100,12,1,64,91.5737359,Intermediate
16,68,2,5,81,94.48611055,Advanced
21,64,4,7,83,59.36712667,Advanced
55,68,7,9,70,66.72945133,Professional
65,67,2,9,70,91.47846167,Professional
67,79,7,6,84,76.7112266,Beginner
17,67,2,6,80,87.14947994,Advanced
50,91,10,12,100,65.69488952,Intermediate
58,90,4,5,90,64.67110368,Beginner
71,97,9,4,77,56.24004746,Intermediate
73,52,2,10,70,102.145683,Professional
72,80,1,4,83,62.40579903,Beginner
68,82,0,9,97,89.70071631,Beginner
60,72,10,6,72,68.72568907,Advanced
63,70,3,9,69,87.42047489,Professional
68,100,11,7,78,86.11764695,Intermediate
47,76,16,6,71,67.82792392,Advanced
57,100,4,6,80,99.0773684,Intermediate
77,71,4,5,81,79.23937051,Beginner
57,73,14,8,90,97.14478946,Beginner
46,74,16,3,79,46.14524762,Professional
70,79,0,2,81,52.27883192,Beginner
18,55,0,0,99,47.35111799,Advanced
21,59,4,3,100,61.3262438,Advanced
70,77,6,7,67,72.87637328,Professional
48,77,12,11,63,61.09816501,Advanced
32,69,6,6,74,92.1783909,Advanced
53,73,12,2,81,100.0604682,Beginner
66,93,11,8,83,65.93802576,Intermediate
32,68,8,2,82,89.59957348,Advanced
69,70,3,6,74,105.091342,Professional
68,93,8,3,79,52.41110779,Beginner
35,70,11,2,84,69.88891904,Advanced
69,81,14,2,74,65.31399546,Professional
80,78,0,5,78,71.78870023,Beginner
70,64,8,5,82,100.1908454,Beginner
57,96,8,8,87,64.84701683,Intermediate
82,98,13,3,67,89.55280799,Intermediate
68,75,8,5,73,83.18150625,Professional
65,65,2,10,69,89.74332282,Professional
57,93,1,2,80,57.01793721,Intermediate
73,74,11,2,75,76.66926486,Professional
33,65,5,0,87,91.80341647,Advanced
62,93,8,9,86,85.05286891,Intermediate
34,76,6,10,68,69.9224115,Advanced
62,76,9,8,89,73.87240247,Beginner
72,96,2,2,59,118.3313172,Intermediate
45,62,3,11,69,69.59176178,Professional
77,64,5,7,70,88.82888812,Professional
54,71,8,0,78,85.43368731,Beginner
61,90,11,4,71,56.90798657,Professional
58,94,4,6,84,80.92232052,Intermediate
76,78,7,11,92,68.9814637,Beginner
66,79,4,6,72,91.99793198,Professional
50,85,13,14,55,114.1339026,Advanced
88,74,3,13,89,73.62879787,Beginner
19,64,0,3,87,71.13603938,Advanced
68,89,12,5,85,62.19249536,Intermediate
55,70,7,10,68,65.74051307,Professional
61,91,14,1,83,76.30594932,Professional
62,97,7,7,80,97.60617632,Intermediate
64,73,10,4,75,74.53969747,Professional
71,68,8,7,69,76.41091189,Professional
50,79,13,11,57,95.13815062,Advanced
53,98,3,8,83,113.0402723,Intermediate
52,82,17,3,77,47.43184835,Professional
53,95,6,12,95,78.83847176,Intermediate
76,74,3,9,88,59.32741851,Beginner
29,68,5,4,82,63.46100595,Advanced
62,93,8,6,83,73.53070702,Intermediate
57,89,8,10,97,57.37876118,Beginner
69,96,10,6,81,55.35736287,Intermediate
77,100,9,5,67,128.9355655,Intermediate
36,67,12,0,89,46.99136142,Advanced
62,96,16,15,98,60.79619034,Intermediate
68,75,11,3,74,69.29712349,Professional
67,72,1,10,67,91.24541578,Professional
71,80,6,4,74,95.18689235,Professional
51,78,6,7,73,70.2738597,Professional
48,95,7,13,91,112.3820052,Intermediate
78,71,1,5,82,65.72077458,Beginner
54,72,4,10,68,69.5849212,Professional
35,75,7,8,68,101.8359306,Advanced
35,75,7,9,69,81.80639561,Advanced
64,64,6,9,71,85.7902019,Professional
62,69,8,1,78,91.72917748,Beginner
58,93,15,0,77,58.47578142,Professional
56,68,13,6,87,98.58955362,Beginner
30,73,5,5,75,99.9107542,Advanced
76,100,17,12,79,114.3895384,Intermediate
35,74,11,2,78,108.1437025,Advanced
67,91,3,0,69,86.5794227,Intermediate
84,59,4,5,75,117.3270291,Professional
72,93,6,2,72,72.09789337,Intermediate
64,75,8,5,83,83.15904227,Beginner
62,98,8,9,76,150.5850761,Intermediate
68,66,4,0,72,97.07344716,Beginner
41,75,12,7,72,67.94919624,Advanced
77,100,18,11,83,82.10761868,Intermediate
40,77,11,6,70,93.75305664,Advanced
61,70,6,2,82,65.15700512,Beginner
33,84,8,10,65,82.2823306,Advanced
10,68,10,8,79,95.84414609,Advanced
59,74,7,1,79,76.11067249,Beginner
81,61,5,7,82,96.8609054,Beginner
22,66,2,2,87,79.47853303,Advanced
33,76,9,5,75,81.72151042,Advanced
71,89,4,1,70,55.81315884,Intermediate
68,63,5,2,80,78.51996837,Beginner
61,71,9,6,89,70.77043157,Beginner
29,73,7,5,81,56.99886911,Advanced
77,100,10,3,68,96.04461111,Intermediate
38,73,8,5,80,59.18784629,Advanced
60,71,9,4,84,79.29939501,Beginner
59,64,15,6,84,123.8395912,Beginner
41,63,11,2,84,50.26283439,Advanced
78,98,9,0,65,78.56256147,Intermediate
68,95,5,1,68,58.7550681,Intermediate
23,66,4,0,88,86.8293526,Advanced
62,77,4,9,67,71.60812259,Professional
27,72,8,2,85,72.69996005,Advanced
74,84,1,8,90,75.19842987,Beginner
67,89,16,2,82,72.96504937,Professional
23,69,1,6,80,73.38308816,Advanced
17,65,0,1,90,83.74858079,Advanced
64,98,2,0,69,86.87200892,Intermediate
61,95,9,10,88,77.16241171,Intermediate
77,95,8,0,68,61.20443988,Advanced
52,89,4,7,92,46.16245882,Intermediate
32,74,7,5,74,95.70669075,Advanced
73,100,11,7,74,107.4696472,Intermediate
31,71,3,9,69,92.98983871,Advanced
70,84,0,7,92,81.45336882,Beginner
71,70,11,6,70,62.44099088,Professional
34,85,1,9,100,91.39666539,Intermediate
78,63,3,1,73,103.8624315,Beginner
64,100,8,6,76,102.8829977,Intermediate
61,91,2,0,76,52.93733669,Intermediate
51,84,6,5,93,65.15542672,Beginner
81,84,9,0,77,103.442804,Professional
71,61,5,7,72,96.21501146,Beginner
47,79,12,13,60,58.97896785,Advanced
63,64,14,6,83,130.4301311,Beginner
77,77,5,10,87,76.70486939,Beginner
71,59,2,0,74,84.54785756,Beginner
72,78,8,0,82,107.2049575,Professional
45,91,5,12,100,71.19349409,Intermediate
63,94,11,1,75,74.7808821,Professional
90,64,0,6,70,118.399354,Professional
60,64,5,9,71,77.4757056,Professional
50,84,14,12,55,112.7984751,Advanced
23,56,1,0,93,63.99269406,Advanced
43,69,12,5,78,46.23776427,Advanced
80,76,0,7,84,54.31086262,Beginner
45,78,14,6,66,114.770458,Advanced
82,72,7,3,76,110.6559441,Professional
88,64,0,6,73,138.4450948,Professional
50,74,4,11,65,54.86931054,Professional
47,95,7,12,97,76.98779704,Intermediate
40,76,13,3,75,89.77080527,Advanced
39,80,12,7,70,75.37239863,Advanced
25,72,1,8,73,90.23996843,Advanced
78,97,9,2,66,104.2798479,Intermediate
68,94,5,2,74,61.08042532,Intermediate
77,97,5,2,62,69.72337569,Intermediate
62,94,2,0,73,55.45185929,Intermediate
71,68,7,5,81,97.87289439,Beginner
62,73,11,5,74,57.15151839,Advanced
76,100,10,4,66,121.7009941,Intermediate
73,81,10,0,79,96.34951155,Professional
70,66,3,8,72,101.3149793,Professional
74,55,3,7,72,97.02490611,Professional
71,64,11,9,87,115.5518438,Beginner
57,94,6,9,87,84.8323463,Intermediate
61,69,10,1,76,109.0949639,Beginner
65,69,12,11,93,91.79005937,Beginner
70,96,12,6,82,47.81280582,Intermediate
67,56,6,0,75,100.721754,Beginner
63,75,4,1,79,66.04985006,Beginner
68,74,6,6,71,92.11027802,Professional
73,95,9,0,74,56.36780275,Intermediate
81,84,1,11,92,54.45189174,Beginner
42,83,14,7,66,104.2790581,Advanced
52,81,10,5,88,64.95682727,Beginner
71,93,9,7,80,82.5658711,Intermediate
65,76,14,13,95,96.64409107,Beginner
33,63,5,5,84,56.56885082,Advanced
56,96,10,13,96,66.44777141,Intermediate
60,64,4,9,71,85.25452282,Professional
61,87,6,7,69,72.1538398,Professional
73,68,10,11,89,102.1414287,Beginner
56,100,10,12,87,114.3431432,Intermediate
36,89,5,12,100,66.37174758,Intermediate
53,97,7,14,93,126.7144629,Intermediate
66,67,5,9,67,71.37948934,Professional
77,74,2,6,82,66.63650194,Beginner
73,75,3,10,93,45.5710604,Beginner
39,92,6,14,100,48.6959727,Intermediate
50,74,10,1,81,80.67537448,Beginner
63,74,7,8,66,61.56734179,Professional
74,91,16,8,86,45.79514532,Intermediate
42,78,9,11,61,95.6865193,Advanced
77,98,11,5,71,91.8495733,Intermediate
70,65,7,0,71,111.6946375,Beginner
80,100,9,0,62,92.11141465,Intermediate
86,95,8,3,55,91.78925255,Intermediate
55,90,13,1,77,57.83532755,Professional
76,92,11,1,73,46.25254192,Intermediate
23,52,2,1,100,53.66273179,Advanced
74,78,4,10,92,51.66818212,Beginner
68,71,3,5,86,56.82788436,Beginner
37,75,8,7,71,79.92397405,Advanced
71,69,7,5,73,88.27465454,Professional
28,61,5,0,91,65.90350753,Advanced
30,64,7,0,87,94.89425873,Advanced
56,51,7,10,72,72.29624761,Professional
69,96,9,3,76,66.29757109,Intermediate
73,62,2,8,72,105.5303498,Advanced
27,63,5,1,89,64.20588966,Advanced
47,93,5,8,92,68.15889402,Intermediate
26,78,3,8,71,100.2851376,Advanced
58,96,13,16,97,91.18474447,Intermediate
53,93,4,8,86,104.5842739,Intermediate
67,80,7,6,72,86.91085591,Professional
44,79,13,8,67,83.29753192,Advanced
15,59,3,0,100,48.98420079,Advanced
63,79,5,1,78,70.49592289,Beginner
75,95,7,2,70,79.62438571,Intermediate
56,73,15,10,93,97.24147266,Beginner
60,70,6,8,70,73.08885158,Professional
62,79,2,3,85,50.02647147,Beginner
72,62,9,7,83,109.7988706,Beginner
31,67,11,1,93,56.12700608,Advanced
28,72,4,7,74,85.78491544,Advanced
56,87,13,2,76,54.05321453,Professional
26,67,5,2,88,62.81646298,Advanced
64,85,8,12,96,52.46479532,Beginner
56,91,13,0,80,67.82867247,Professional
72,74,6,6,72,97.47939121,Professional
53,69,8,5,77,75.83287026,Professional
48,76,10,7,73,56.00648816,Professional
67,99,6,2,70,92.58269225,Intermediate
58,81,8,5,85,68.00063298,Beginner
29,70,2,8,72,101.4004279,Advanced
64,71,7,8,92,54.60008864,Beginner
77,89,6,2,73,100.6728276,Professional
68,67,3,9,67,82.93739936,Professional
60,66,11,0,75,119.8253964,Beginner
49,67,17,2,78,139.3130794,Beginner
29,75,5,6,74,94.83224665,Professional
59,96,13,14,97,70.6672615,Intermediate
28,72,9,0,86,81.02157648,Advanced
75,71,3,6,72,108.667713,Professional
22,67,0,5,80,81.47491406,Advanced
54,92,2,7,85,96.30824108,Intermediate
66,73,6,6,86,69.64248016,Beginner
35,79,8,8,67,98.03111146,Advanced
37,69,10,5,80,45.63918692,Advanced
55,64,20,8,85,153.3702171,Beginner
32,73,7,7,77,50.15810209,Advanced
40,80,9,10,61,110.1799741,Advanced
78,60,7,7,83,96.4253533,Beginner
73,94,10,4,74,86.91727119,Intermediate
63,68,10,6,74,72.03708005,Professional
55,77,8,8,70,61.43643728,Professional
83,96,10,0,64,69.52814926,Intermediate
62,93,9,8,87,66.42848279,Intermediate
56,72,6,3,86,52.07287905,Beginner
101,76,4,10,82,54.82237895,Beginner
63,64,6,9,70,77.76211344,Professional
47,97,8,13,100,53.29057461,Intermediate
81,100,14,8,68,140.5542127,Intermediate
48,100,10,15,100,65.06492185,Intermediate
67,54,12,2,73,148.3366976,Beginner
60,66,11,5,76,69.60656009,Professional
73,62,8,4,77,94.73187801,Professional
36,81,5,15,58,78.42479226,Advanced
45,73,13,6,72,66.76082175,Advanced
69,57,11,6,72,67.2323417,Professional
64,85,6,6,86,60.03624239,Beginner
76,98,8,2,69,78.54341601,Intermediate
20,67,1,3,84,81.61668807,Advanced
57,56,4,13,65,69.71250309,Professional
73,100,10,6,70,119.4146101,Intermediate
71,100,13,9,81,92.03221941,Intermediate
76,71,1,2,79,45.19244588,Beginner
80,67,0,5,82,62.38199138,Beginner
62,86,18,1,74,52.30773548,Professional
66,67,4,1,79,75.01177835,Beginner
57,76,7,3,83,67.51245973,Beginner
65,97,8,7,78,111.3152302,Intermediate
61,71,14,10,90,104.7825815,Beginner
52,51,19,2,78,164.5892194,Beginner
58,92,6,6,87,56.48710215,Intermediate
67,65,7,0,72,109.0117097,Beginner
47,91,4,8,96,61.97390802,Intermediate
46,85,15,9,59,121.3936611,Advanced
73,50,4,12,70,131.3992699,Professional
17,66,1,0,90,104.9328182,Advanced
57,65,10,7,73,61.96519855,Professional
71,98,11,8,78,101.6544076,Intermediate
58,90,14,0,82,78.14932365,Professional
67,94,5,5,77,90.70497468,Intermediate
50,63,8,9,73,64.48742402,Professional
36,72,9,6,75,65.83187454,Advanced
62,73,10,5,82,96.31993214,Beginner
74,100,10,4,71,91.54242858,Intermediate
17,61,1,2,92,55.19473999,Professional
58,75,12,6,84,100.9638173,Beginner
63,78,9,5,73,76.42404777,Professional
56,89,4,5,84,51.3652563,Intermediate
68,89,4,0,72,63.01759839,Intermediate
57,81,18,11,55,103.9394378,Advanced
67,77,5,6,85,62.37991343,Beginner
54,79,14,8,91,90.89767981,Beginner
26,70,4,4,80,88.83191804,Advanced
72,70,5,6,72,96.51548432,Professional
70,80,10,3,74,86.57720347,Professional
32,76,3,10,63,112.5629616,Professional
80,100,13,4,71,82.91282465,Intermediate
31,77,0,16,59,70.72739615,Advanced
33,70,8,4,79,85.72669121,Advanced
36,83,3,17,55,102.772101,Advanced
18,54,0,2,99,81.33619122,Advanced
70,64,1,1,71,80.80655565,Beginner
49,94,4,10,95,55.88946684,Intermediate
65,82,9,12,96,63.77555892,Beginner
54,64,16,7,88,116.6659372,Beginner
49,68,14,3,81,61.31288414,Professional
62,68,12,4,75,65.37433441,Professional
68,78,8,2,78,96.00296004,Professional
55,59,2,11,71,82.73037273,Professional
68,75,7,7,86,81.76510654,Beginner
59,97,4,6,82,81.4645115,Intermediate
58,80,9,11,99,48.478578,Beginner
54,65,8,7,75,79.82833831,Professional
58,69,7,9,68,58.11733141,Professional
67,100,14,0,76,65.72234164,Professional
36,74,11,3,77,97.50677589,Advanced
67,100,7,1,73,86.89619505,Professional
31,63,3,4,81,76.55530711,Advanced
48,88,3,10,94,80.80156787,Intermediate
46,88,1,7,93,57.30585105,Intermediate
63,76,8,4,77,87.26638578,Professional
62,68,11,4,80,108.5667476,Beginner
90,82,1,1,77,135.7430264,Professional
64,93,9,8,88,57.67022892,Intermediate
42,75,13,4,71,101.510056,Advanced
66,77,10,5,71,67.26721637,Professional
32,75,6,8,71,82.8619304,Advanced
60,100,6,9,78,150.2264298,Intermediate
57,91,5,5,86,54.87931893,Intermediate
78,98,9,1,67,77.20152735,Intermediate
75,69,7,10,90,80.16791368,Beginner
70,75,7,5,71,77.477265,Professional
25,76,3,8,74,73.44249268,Advanced
52,72,14,2,80,57.05655015,Professional
61,93,1,1,73,92.40955486,Intermediate
33,77,10,3,77,93.07943989,Advanced
21,74,2,7,80,62.56798697,Advanced
43,75,12,7,73,45.04953089,Intermediate
61,96,6,7,92,59.44535557,Beginner
61,76,5,4,86,47.6814524,Beginner
60,70,9,4,83,87.49274706,Beginner
61,69,12,4,77,73.10620914,Professional
37,94,5,16,100,73.91254601,Intermediate
45,68,16,0,79,122.0219185,Beginner
54,93,5,8,91,58.37898949,Intermediate
78,100,10,4,68,101.590022,Intermediate
68,93,0,0,64,114.1901616,Intermediate
64,97,10,9,86,80.14447491,Intermediate
62,98,6,6,79,89.96492959,Intermediate
71,99,12,6,80,52.59551653,Intermediate
19,58,3,3,100,68.49550698,Advanced
66,69,0,12,62,79.138383,Professional
66,64,12,4,78,130.5859874,Beginner
78,83,0,6,83,50.60817746,Beginner
36,82,8,10,65,84.03717255,Advanced
86,68,1,7,80,81.31026118,Beginner
64,78,6,8,92,47.16821336,Beginner
37,77,10,7,73,69.48146812,Intermediate
59,50,5,13,67,70.40846662,Professional
84,77,1,9,87,50.23924898,Beginner
20,59,0,3,92,48.03977482,Advanced
42,90,19,9,59,105.7106237,Advanced
47,88,6,12,100,48.95222954,Intermediate
76,90,10,1,75,50.63284385,Intermediate
69,75,4,4,81,70.20360884,Beginner
69,68,4,6,74,97.74982834,Professional
26,68,2,12,67,83.56509225,Advanced
38,76,9,7,67,119.2040473,Advanced
69,97,7,2,72,81.66302943,Intermediate
65,66,4,9,70,88.594138,Professional
66,88,1,1,69,77.63296871,Intermediate
83,92,14,3,74,51.7909788,Intermediate
27,73,1,11,71,52.57669022,Advanced
18,79,5,16,61,92.36715245,Advanced
72,79,7,11,93,60.44354796,Beginner
35,78,3,16,58,55.3759018,Advanced
39,73,12,5,76,70.29275872,Advanced
56,90,6,6,90,53.15965321,Intermediate
73,81,4,7,84,65.63091179,Beginner
81,100,10,2,63,107.5847569,Intermediate
34,72,6,7,72,80.48624138,Advanced
86,50,5,6,73,111.2349153,Professional
52,89,18,11,55,87.66616299,Advanced
61,85,1,1,79,46.8052775,Intermediate
71,69,5,7,72,97.65292124,Professional
64,96,11,10,87,86.45078715,Intermediate
58,90,9,11,91,86.58468999,Intermediate
67,74,5,5,75,94.83542957,Professional
71,62,2,11,69,119.5181164,Professional
75,62,3,8,69,96.00407595,Professional
70,69,5,6,86,69.74385836,Beginner
35,68,9,2,81,86.0078815,Advanced
27,71,5,3,81,88.24355752,Advanced
77,55,2,7,74,115.27892,Professional
57,91,6,7,92,63.81591262,Advanced
79,58,2,9,73,131.3437767,Professional
56,98,2,4,80,77.54763452,Intermediate
76,97,7,2,67,110.0358408,Intermediate
37,72,8,7,72,82.67547752,Advanced
58,68,13,7,89,98.0798767,Beginner
81,58,7,14,62,123.2028233,Professional
74,66,6,5,79,100.2401147,Beginner
48,82,12,6,72,47.47254514,Professional
34,84,17,3,80,53.28058916,Professional
66,73,2,2,81,53.08349367,Beginner
64,74,6,7,71,85.96354965,Professional
32,70,14,2,94,59.07705819,Advanced
49,50,5,13,69,66.23730833,Professional
67,97,10,7,80,87.66603965,Intermediate
84,100,12,1,65,74.37788077,Intermediate
90,64,6,3,73,102.1760931,Professional
66,58,2,11,67,86.73154629,Professional
61,62,14,7,71,52.05982747,Professional
61,92,2,1,74,76.60260734,Intermediate
34,93,5,18,55,108.2734866,Advanced
73,94,7,0,69,69.72738354,Intermediate
48,80,12,5,74,48.34265319,Professional
53,99,10,13,98,52.44944343,Intermediate
37,66,6,7,73,78.91536102,Advanced
83,81,6,5,70,95.75958741,Professional
34,73,4,10,69,68.50321919,Advanced
74,95,11,6,75,101.1081124,Intermediate
58,71,8,6,73,70.15590256,Professional
53,97,13,15,100,50.7459708,Intermediate
30,71,6,4,78,101.2669843,Advanced
66,98,6,3,74,80.25933199,Intermediate
68,81,11,1,78,84.66639955,Professional
62,99,9,9,83,96.73128943,Intermediate
64,84,9,13,98,51.81890742,Beginner
32,74,4,8,69,102.678249,Advanced
62,72,15,9,86,121.6696883,Beginner
28,71,1,10,72,62.64771158,Advanced
69,95,5,2,74,96.35010103,Professional
49,75,13,6,91,81.18222529,Beginner
55,96,9,11,94,54.74681486,Intermediate
76,94,6,1,65,111.9115351,Intermediate
74,100,3,1,59,113.2715228,Intermediate
74,98,13,8,79,77.33566715,Intermediate
73,97,12,6,81,51.75258696,Intermediate
74,65,12,10,85,123.7344656,Beginner
70,77,6,7,67,76.46809997,Professional
67,98,6,2,76,59.20455548,Intermediate
65,84,5,5,84,62.64448947,Beginner
76,80,6,12,92,69.1278487,Beginner
61,81,3,5,76,107.4714808,Professional
12,61,2,1,96,55.29260385,Advanced
71,99,5,1,65,118.9768348,Intermediate
57,100,1,4,75,111.6674738,Intermediate
78,73,2,7,84,61.80407903,Advanced
66,79,8,8,89,72.135611,Beginner
53,95,6,10,93,63.46388612,Intermediate
68,85,8,13,98,50.28005831,Beginner
78,93,14,4,77,50.32610594,Intermediate
77,70,6,10,89,82.12063143,Beginner
44,81,10,12,56,110.2069019,Advanced
73,76,4,10,92,49.43699935,Beginner
26,68,5,2,84,86.07334866,Advanced
62,79,7,3,77,86.66944124,Professional
50,100,5,13,91,122.0504143,Intermediate
84,81,1,11,89,52.41599953,Beginner
69,67,3,2,79,70.9999551,Beginner
55,74,11,0,76,105.0084068,Beginner
27,71,3,6,76,96.82797972,Advanced
64,64,6,8,72,86.27484672,Professional
56,95,5,7,85,84.66793094,Intermediate
66,77,6,3,80,82.30698131,Beginner
69,91,6,3,74,90.93824923,Intermediate
48,98,3,10,91,96.21691189,Intermediate
32,78,6,8,69,91.98540347,Advanced
53,74,12,7,92,74.78704196,Beginner
66,69,5,4,85,64.02750362,Beginner
38,96,3,15,99,122.3563493,Intermediate
51,95,3,9,88,97.06983998,Intermediate
61,98,7,6,80,90.20067862,Intermediate
57,82,6,6,90,45.29059183,Beginner
60,90,7,6,85,63.60541679,Intermediate
78,76,1,9,90,47.37394134,Beginner
68,72,6,4,76,93.37019156,Professional
60,73,8,6,73,71.91429137,Professional
59,82,3,4,88,63.95641501,Beginner
10,60,4,0,97,83.62694209,Advanced
60,100,13,14,96,63.21520938,Intermediate
46,85,15,10,63,72.93838189,Advanced
66,76,10,9,89,88.68708513,Beginner
64,97,6,7,78,113.0400413,Intermediate
67,82,4,8,90,46.69242769,Beginner
67,79,20,2,84,60.62182839,Professional
36,74,8,8,72,60.02129701,Advanced
73,59,3,8,70,94.11398009,Professional
33,70,11,0,85,81.11544131,Advanced
89,100,11,0,55,115.8673052,Intermediate
33,91,7,19,100,59.14879051,Intermediate
30,70,5,5,78,78.75634525,Advanced
63,71,7,3,82,77.29061401,Beginner
70,59,2,8,73,102.112016,Professional
28,80,3,11,66,77.84191111,Advanced
24,67,3,2,85,88.59876518,Advanced
76,74,6,6,79,98.51009877,Beginner
68,100,7,5,76,85.76246927,Intermediate
66,100,7,4,75,78.60993937,Intermediate
49,78,20,2,75,80.3792824,Advanced
56,96,8,8,91,48.47772131,Intermediate
15,67,9,11,75,75.79010368,Advanced
81,100,12,7,73,100.3817634,Intermediate
71,75,3,6,70,91.2316164,Professional
13,52,0,5,100,67.67806835,Advanced
61,97,9,8,87,54.48727077,Intermediate
68,70,4,2,79,76.00557413,Beginner
89,96,14,0,55,141.979135,Intermediate
51,93,6,10,95,59.29868774,Intermediate
41,96,2,12,99,78.49699282,Beginner
65,83,9,3,76,81.54641512,Professional
70,64,4,1,76,86.781749,Beginner
33,71,7,5,77,76.69642693,Intermediate
58,68,7,0,77,81.38854021,Beginner
66,100,14,12,89,67.4669675,Intermediate
16,62,3,4,87,64.74726026,Advanced
56,97,6,9,83,122.9107267,Intermediate
27,64,5,0,88,93.96515195,Advanced
52,81,14,12,57,74.06967203,Advanced
79,100,12,4,67,109.2418708,Intermediate
58,66,10,4,85,87.8630186,Beginner
78,71,1,1,69,73.84930482,Beginner
51,100,4,5,85,51.13978775,Intermediate
66,56,7,1,77,104.1525399,Beginner
78,97,6,2,62,125.4930673,Intermediate
69,94,8,3,69,107.8751562,Intermediate
61,93,3,6,89,62.35188519,Beginner
58,70,10,1,77,106.1030118,Beginner
31,60,6,1,90,58.35973347,Advanced
66,81,7,5,81,79.80488769,Beginner
87,100,14,2,64,81.34681326,Intermediate
69,63,6,7,71,83.58192916,Professional
25,71,1,7,75,92.15299185,Advanced
62,86,4,8,95,74.36428032,Beginner
53,90,6,10,100,67.03173381,Intermediate
60,70,10,6,73,62.76586864,Professional
60,86,20,11,55,94.02298232,Advanced
32,73,8,4,78,93.43286737,Advanced
39,70,11,0,83,90.18731019,Advanced
41,74,19,4,86,118.3125022,Beginner
38,72,10,6,77,45.58646641,Advanced
62,58,2,15,62,87.03359166,Professional
54,62,10,3,71,112.5649457,Beginner
73,78,3,6,70,96.30272123,Professional
34,64,9,1,89,48.30199234,Advanced
67,74,9,8,86,87.3815676,Beginner
26,74,7,3,82,85.37386334,Advanced
37,62,12,1,91,64.20358884,Advanced
28,69,2,6,75,94.84894088,Advanced
53,90,4,6,87,71.48357921,Intermediate
51,92,3,0,77,63.64922196,Intermediate
67,77,7,3,77,99.04487844,Beginner
50,95,10,15,100,76.52184017,Intermediate
59,68,5,0,81,63.34574172,Beginner
33,67,9,1,84,90.1429363,Advanced
68,52,9,1,68,141.9874023,Beginner
58,74,12,7,88,89.71796643,Beginner
73,94,9,3,76,49.1660098,Intermediate
38,82,9,10,63,89.77204295,Advanced
70,94,11,6,81,57.49482489,Intermediate
66,93,5,0,75,47.09215872,Intermediate
62,72,7,6,85,80.98655136,Beginner
49,92,17,2,75,54.04026422,Professional
73,96,10,5,73,111.0297268,Intermediate
35,77,11,3,76,94.19625916,Advanced
64,97,14,10,90,48.32280999,Intermediate
91,52,2,6,75,134.9068291,Professional
69,75,9,11,93,74.9322694,Beginner
57,73,18,11,61,45.40456567,Advanced
64,90,8,2,77,90.31854943,Professional
70,75,0,1,77,57.48654006,Beginner
59,61,5,8,74,82.71007763,Professional
37,80,13,4,73,94.22516539,Advanced
11,56,2,2,100,62.95040339,Advanced
34,66,8,2,83,75.61501043,Advanced
53,86,13,3,76,55.36644638,Professional
56,72,18,11,94,114.7567803,Intermediate
48,78,16,7,69,63.19359834,Advanced
80,86,11,0,78,98.5675526,Professional
52,75,14,7,89,88.94846907,Beginner
72,87,11,0,77,87.61527995,Professional
76,85,1,7,85,46.03405549,Beginner
48,85,13,12,55,113.9584009,Advanced
85,97,11,0,62,71.35801433,Intermediate
84,77,2,7,83,47.92886856,Beginner
71,55,1,10,69,99.13580435,Professional
11,70,3,5,84,86.60363985,Advanced
62,93,10,9,88,69.83781711,Intermediate
59,70,13,7,68,49.60214662,Professional
59,75,12,8,90,86.5114787,Beginner
76,68,4,12,62,106.0511834,Professional
34,75,6,8,68,97.34729775,Advanced
36,72,12,1,84,66.32639858,Advanced
55,84,8,5,88,57.55617978,Beginner
58,98,3,5,81,66.18753205,Intermediate
49,89,4,9,94,69.87816012,Intermediate
39,64,10,2,82,69.55851235,Advanced
56,70,9,3,84,74.28995555,Beginner
30,75,6,6,73,98.87442785,Advanced
32,82,6,11,66,77.07057911,Beginner
50,79,11,2,81,86.21628652,Beginner
58,63,12,5,77,67.78501946,Professional
30,73,7,5,79,64.71855076,Advanced
61,78,8,5,75,82.67666747,Professional
47,71,14,6,75,45.23074476,Professional
78,95,10,4,71,91.97881706,Intermediate
71,60,5,10,67,77.96092491,Professional
54,94,10,12,96,65.16897509,Intermediate
67,64,8,7,71,74.82341349,Professional
68,94,11,0,77,82.45481677,Professional
31,65,5,4,85,51.26083914,Advanced
54,73,8,4,89,50.13173105,Beginner
81,100,12,3,65,107.4028345,Intermediate
70,99,7,2,74,55.97668307,Intermediate
55,65,12,2,79,118.8713066,Beginner
38,63,11,0,88,53.41185053,Advanced
78,61,1,8,71,113.2512165,Professional
80,67,1,10,63,103.5126573,Professional
60,75,10,5,73,59.28020063,Professional
24,66,5,1,88,72.54587873,Advanced
29,71,5,5,76,92.94262121,Advanced
73,62,3,10,66,84.48844521,Professional
57,81,5,7,94,62.02730032,Beginner
41,63,14,2,79,103.4575297,Beginner
39,68,10,5,80,49.43395854,Advanced
68,68,7,2,77,99.42098403,Beginner
64,100,12,12,86,102.4205761,Professional
86,100,7,2,55,131.0995335,Intermediate
68,73,8,5,73,80.60539354,Professional
68,100,14,11,85,95.56921181,Intermediate
83,100,12,3,68,81.51529658,Intermediate
57,100,13,15,97,71.32936307,Intermediate
76,99,12,5,72,92.64991823,Intermediate
70,87,8,2,75,86.90525362,Professional
62,74,9,6,86,84.93479044,Beginner
47,76,10,1,78,81.60949851,Beginner
35,75,7,7,70,100.5303838,Advanced
24,74,5,2,80,111.0853203,Advanced
32,76,8,5,74,100.876957,Advanced
53,70,15,6,73,50.09586518,Professional
62,100,9,9,83,100.1103281,Intermediate
32,68,8,0,81,115.7788484,Advanced
78,57,14,11,83,157.8861428,Beginner
64,80,10,13,97,63.27219374,Beginner
57,95,9,12,89,111.4247722,Intermediate
69,57,0,12,67,101.7621915,Professional
76,95,13,6,75,86.79641904,Intermediate
54,83,17,12,57,67.75004927,Advanced
42,73,14,3,76,83.79257309,Advanced
32,73,7,5,75,93.08885608,Advanced
85,78,2,5,69,105.4309027,Professional
72,59,3,8,70,92.28396621,Professional
71,100,9,4,74,81.43591923,Intermediate
52,67,11,2,82,93.13746944,Beginner
49,69,16,3,83,116.5552123,Beginner
67,75,9,9,90,76.50576714,Beginner
46,74,13,6,69,85.87782033,Advanced
37,76,12,3,76,92.4399791,Advanced
36,81,7,11,60,109.1451951,Advanced
74,97,16,10,84,75.48923616,Intermediate
65,76,10,3,77,81.4154476,Professional
66,100,5,4,73,104.404511,Intermediate
58,66,7,7,74,80.71192858,Professional
56,78,10,7,70,56.73025542,Professional
64,69,8,5,85,84.96667576,Beginner
77,97,10,1,70,63.95619474,Intermediate
38,71,7,7,68,104.3192572,Advanced
42,88,14,10,61,92.16815167,Advanced
81,71,0,5,81,58.81502475,Beginner
72,79,5,14,99,50.53503067,Beginner
83,70,4,3,75,115.7256981,Professional
73,58,8,6,72,81.41545589,Professional
71,91,7,1,75,50.44486071,Intermediate
77,92,9,0,70,50.99554687,Intermediate
49,65,7,5,71,89.01380443,Beginner
66,62,0,9,71,99.98380318,Professional
66,90,16,13,96,50.82524931,Intermediate
29,72,10,0,87,76.85428856,Advanced
75,75,7,9,86,82.41480046,Beginner
46,78,11,11,59,93.72221495,Advanced
68,76,9,8,85,95.29308643,Beginner
27,71,8,0,87,72.99522299,Advanced
69,78,5,8,88,60.835587,Beginner
66,80,5,4,83,61.55396785,Beginner
51,79,6,2,87,50.34145956,Beginner
69,98,8,5,73,111.0753536,Intermediate
61,64,4,11,67,75.86454176,Professional
69,92,3,0,70,62.96283436,Intermediate
55,76,8,9,68,55.79567864,Professional
42,70,10,7,72,66.53106997,Advanced
56,100,3,6,80,92.47932699,Intermediate
63,89,0,3,87,86.78313354,Beginner
61,89,5,3,81,57.39361457,Intermediate
39,54,6,13,71,55.12346525,Professional
36,67,10,1,82,92.61624212,Advanced
31,80,10,6,77,62.89839515,Advanced
79,100,12,6,71,90.87906084,Intermediate
40,87,14,4,77,51.51304373,Professional
69,98,9,7,77,104.1468719,Intermediate
63,79,5,6,71,78.37550745,Professional
68,97,6,0,71,56.12713087,Intermediate
59,100,3,5,75,113.4080277,Intermediate
70,79,6,10,91,59.75813309,Beginner
38,75,12,4,75,96.4466433,Advanced
56,75,5,6,75,84.29192447,Professional
72,72,2,6,87,48.9397412,Beginner
52,91,1,4,81,95.93886812,Intermediate
30,64,1,7,76,80.96161109,Advanced
21,61,2,6,85,50.57122553,Advanced
59,94,8,8,89,47.93766355,Intermediate
69,70,10,8,84,105.4920577,Beginner
40,83,10,10,60,104.7512524,Advanced
31,66,2,8,75,68.31928311,Advanced
51,94,7,12,94,89.69174138,Intermediate
72,94,9,1,74,87.54852321,Professional
36,78,8,8,66,103.1240627,Advanced
64,68,10,3,78,115.7284298,Beginner
47,79,12,11,58,102.0814322,Advanced
83,58,3,2,72,108.9542581,Beginner
62,60,11,6,86,97.33630837,Beginner
40,69,12,2,80,81.15259669,Advanced
49,92,13,18,55,76.64673433,Advanced
66,72,6,6,72,81.13903876,Professional
22,61,1,7,76,76.15236967,Advanced
49,100,8,16,98,100.3179589,Intermediate
35,73,7,8,73,63.24163535,Advanced
63,77,11,4,74,66.64510066,Professional
68,87,3,11,97,73.36219612,Beginner
68,74,2,4,82,62.43129145,Beginner
74,75,7,5,72,85.82651966,Professional
59,78,9,7,93,55.87345956,Beginner
66,77,8,6,85,80.53936587,Beginner
60,72,12,6,84,101.2049026,Beginner
22,65,6,2,93,92.67211641,Advanced
27,75,3,8,72,84.08669285,Advanced
78,69,2,7,70,105.3883712,Intermediate
27,64,5,1,88,70.00579987,Advanced
67,68,5,5,76,100.5753847,Professional
50,64,10,0,81,91.22703188,Beginner
64,69,9,6,86,83.90452929,Beginner
71,71,9,9,87,97.65212534,Beginner
73,77,4,9,90,54.48943694,Beginner
77,63,7,4,78,103.3865783,Beginner
73,65,5,2,75,100.0955089,Beginner
31,68,1,13,61,96.49681966,Advanced
42,73,12,5,74,85.09848609,Advanced
74,50,5,9,71,97.19703412,Professional
22,73,2,11,67,96.91351655,Advanced
74,62,11,5,76,140.1947076,Beginner
22,78,2,9,73,76.06393937,Advanced
25,69,5,2,84,81.70715637,Advanced
65,89,7,5,82,56.61746815,Intermediate
31,64,7,1,88,57.20787542,Advanced
55,80,13,7,88,89.49097496,Beginner
51,84,11,7,92,59.37093229,Beginner
79,72,4,3,76,118.0913923,Professional
81,67,9,2,78,107.150902,Professional
53,88,0,5,86,72.60721218,Intermediate
59,65,6,0,77,81.77669933,Beginner
70,70,16,4,72,55.40106831,Professional
40,88,12,10,59,112.7303235,Advanced
60,58,9,1,73,113.1945925,Beginner
66,100,8,6,74,117.6650407,Intermediate
55,68,15,2,76,136.8679363,Beginner
72,51,0,10,71,112.0440243,Professional
57,71,8,8,70,62.98867309,Professional
34,89,5,15,55,108.2603271,Advanced
41,76,12,7,71,71.48334834,Advanced
58,100,9,13,88,120.4598016,Intermediate
67,73,2,6,91,59.7130618,Beginner
70,76,8,3,75,86.49574935,Professional
75,80,11,0,78,86.99464919,Professional
59,54,4,9,74,89.81103726,Professional
35,74,8,7,71,90.85282703,Advanced
76,69,5,10,91,68.42111652,Beginner
78,67,8,3,77,95.27102472,Professional
57,83,10,11,98,47.88255638,Beginner
37,72,13,1,83,73.54137234,Advanced
21,69,4,1,91,52.44198742,Advanced
59,92,6,6,86,63.75682481,Intermediate
57,97,6,9,84,108.3580414,Intermediate
85,99,10,1,58,87.83178804,Intermediate
55,81,12,5,72,48.42403184,Professional
31,70,10,0,86,90.10876853,Advanced
63,82,12,3,75,62.70898208,Professional
67,68,9,7,88,84.76853525,Beginner
58,83,10,3,78,76.37275899,Professional
72,77,3,6,84,58.86504035,Beginner
59,73,11,6,87,86.8830715,Beginner
45,93,3,9,96,49.14991912,Intermediate
71,80,1,2,81,59.99324174,Beginner
65,73,10,4,77,113.558749,Beginner
70,76,6,5,82,81.25939509,Beginner
49,87,13,15,55,91.85284996,Advanced
80,63,5,5,73,101.5164274,Professional
75,99,5,0,67,63.23979351,Intermediate
55,97,4,7,83,99.03242814,Intermediate
59,76,9,4,84,80.30141786,Beginner
45,77,10,12,59,94.05676219,Advanced
68,99,7,4,73,92.034099,Intermediate
33,71,6,0,85,95.1553376,Advanced
67,68,6,6,86,75.32497135,Beginner
54,71,18,11,94,113.5917284,Beginner
21,74,1,8,70,115.3587373,Advanced
64,63,3,1,75,69.03170024,Advanced
62,68,11,5,84,102.1535945,Beginner
55,79,9,4,77,72.03657976,Professional
51,88,13,17,55,86.19139473,Advanced
64,95,10,9,89,55.28768043,Intermediate
80,100,9,2,64,110.4529459,Intermediate
67,98,3,1,70,82.53641248,Intermediate
29,81,4,11,67,74.49992224,Advanced
77,54,10,6,78,138.5852142,Beginner
66,68,8,2,78,97.58208948,Beginner
29,71,6,6,73,92.93725101,Advanced
30,76,7,6,76,71.38501763,Advanced
64,65,9,3,80,103.7806392,Beginner
46,79,19,3,75,74.66009029,Advanced
57,61,14,4,83,118.78223,Beginner
37,68,13,0,88,74.69363188,Advanced
24,65,2,8,75,64.7251621,Advanced
52,87,12,13,100,50.42041257,Beginner
51,79,14,4,73,50.11283365,Professional
60,99,12,11,90,78.40123537,Beginner
63,94,9,6,86,51.70193174,Intermediate
66,72,7,6,87,73.58876759,Beginner
51,80,4,9,68,66.95294659,Professional
40,69,11,4,77,74.0206262,Beginner
39,69,12,2,82,68.57749632,Advanced
67,89,10,0,80,87.76124413,Professional
41,77,7,10,59,124.9945604,Advanced
71,99,10,5,75,90.28713212,Intermediate
17,70,3,9,77,70.15764907,Advanced
78,99,13,4,73,62.76078385,Intermediate
68,83,6,8,89,56.76874302,Beginner
46,75,16,5,76,54.34540722,Advanced
69,76,5,5,82,75.02614174,Beginner
45,79,14,2,84,93.26311276,Beginner
62,70,1,1,76,54.43469865,Beginner
69,76,9,10,89,84.43469174,Beginner
71,73,17,2,86,87.77444185,Professional
26,53,3,0,99,62.98430211,Advanced
71,73,15,1,78,76.15741311,Professional
60,79,8,7,68,58.35682804,Professional
89,68,0,5,74,94.24141533,Beginner
53,69,0,12,68,84.40404813,Professional
65,96,12,10,88,58.09041348,Intermediate
73,70,4,6,73,106.2758695,Intermediate
66,64,14,2,78,66.23498722,Professional
68,80,10,1,80,97.76140218,Professional
60,79,9,4,77,82.02541517,Professional
59,80,8,3,80,88.88594044,Professional
61,61,15,5,82,134.069626,Beginner
59,99,11,10,88,86.09568242,Intermediate
65,97,6,4,75,95.11388812,Intermediate
79,67,0,3,78,69.14804953,Beginner
60,74,8,4,78,82.873884,Professional
36,69,13,0,88,67.79807966,Advanced
78,98,6,0,63,95.96360166,Beginner
61,92,9,3,74,77.78173084,Professional
57,81,6,4,87,47.97990742,Beginner
20,70,1,4,82,87.64379707,Advanced
72,80,9,3,72,75.51670589,Professional
65,62,13,7,85,123.0767993,Beginner
41,84,15,7,68,77.47127619,Advanced
33,73,5,8,69,100.0590534,Advanced
68,76,9,4,73,77.66996231,Professional
57,85,10,9,94,57.25767142,Beginner
32,76,10,3,77,100.8168479,Advanced
60,71,14,5,75,60.18287629,Professional
29,73,3,7,68,136.8014093,Advanced
54,88,7,8,94,55.06812357,Intermediate
39,81,14,6,71,82.19833954,Advanced
51,83,10,7,68,48.94466305,Professional
86,97,9,0,56,113.7653533,Intermediate
42,94,0,9,91,103.6897101,Intermediate
13,53,3,0,100,59.39444293,Advanced
62,71,11,7,86,93.87367226,Beginner
76,97,11,3,72,75.89933888,Intermediate
60,88,4,3,83,48.10533084,Intermediate
15,56,2,0,94,74.20014276,Advanced
62,78,17,0,81,66.21159966,Professional
52,79,9,7,72,60.81035863,Professional
68,87,3,10,96,71.98488858,Beginner
68,72,5,1,74,96.50161779,Beginner
63,69,5,6,74,85.85913803,Professional
70,92,13,0,80,83.61605951,Professional
74,98,12,8,78,88.23238602,Intermediate
27,71,0,9,71,88.48762768,Advanced
87,50,2,0,67,117.9392361,Beginner
67,65,17,6,75,172.993638,Beginner
65,100,0,0,63,129.791388,Intermediate
42,64,15,1,91,48.14600068,Advanced
64,75,10,8,87,92.13021126,Beginner
62,69,7,6,75,81.14448229,Intermediate
55,95,8,8,88,73.59993036,Intermediate
28,66,3,4,80,83.41073569,Advanced
34,83,7,12,62,87.54237874,Advanced
28,63,6,1,89,59.301444,Advanced
75,81,5,3,74,103.1017149,Professional
80,99,13,4,72,68.33094078,Intermediate
74,66,7,6,83,93.90401496,Beginner
80,100,12,1,66,61.77085864,Intermediate
62,59,12,1,76,127.6285704,Beginner
69,55,8,7,72,78.9133239,Professional
36,76,9,6,73,92.64732388,Advanced
60,73,6,2,82,69.39541194,Beginner
49,78,11,5,90,64.0336571,Beginner
70,74,14,1,79,73.57510209,Professional
62,76,6,6,72,77.59775495,Professional
54,85,18,11,59,59.84939122,Advanced
47,78,15,7,65,99.87922548,Advanced
63,82,13,17,100,60.12169832,Beginner
43,76,11,7,96,50.60636288,Beginner
63,63,5,8,72,86.24872163,Professional
66,65,8,2,77,110.3937162,Beginner
63,84,6,6,71,81.70298411,Professional
23,52,4,6,85,60.65468122,Advanced
55,88,6,10,92,74.49912959,Intermediate
49,69,17,2,80,56.58762897,Advanced
76,80,7,5,69,81.55921851,Professional
55,78,12,5,74,54.87370012,Professional
44,60,16,3,93,53.61516893,Intermediate
62,73,9,4,83,92.40919688,Beginner
69,75,4,7,90,46.20772061,Beginner
81,80,6,2,74,101.560941,Professional
54,95,1,4,80,85.45306117,Intermediate
33,77,1,16,56,91.78455223,Advanced
33,69,13,1,91,65.67126504,Advanced
69,97,7,5,77,73.81225843,Intermediate
63,64,12,3,78,120.4601595,Beginner
52,69,11,5,76,61.57237642,Professional
68,94,4,0,70,78.14706616,Advanced
74,91,7,2,73,87.29682839,Professional
61,75,13,7,85,107.4640118,Beginner
65,91,8,7,84,68.68347108,Intermediate
48,89,16,13,56,74.60806583,Advanced
18,63,1,1,93,63.86564233,Advanced
61,79,9,3,78,86.56543796,Professional
62,84,8,9,92,56.62890351,Beginner
76,74,4,6,71,99.81829422,Professional
46,68,14,1,83,101.2638833,Beginner
30,64,6,1,84,86.73687061,Advanced
51,74,17,6,70,69.99778214,Advanced
54,94,13,16,100,47.04675113,Beginner
66,97,11,7,77,92.82280892,Intermediate
82,95,11,1,67,69.78923007,Intermediate
69,68,7,7,70,76.74250668,Professional
63,85,13,0,82,81.68107603,Professional
54,87,20,3,70,73.17115648,Advanced
33,70,7,4,77,92.91702573,Advanced
73,72,11,3,75,79.68972783,Professional
66,83,9,15,100,45.46366119,Beginner
64,94,7,8,83,85.67804523,Intermediate
67,70,4,8,70,91.29451811,Professional
32,64,10,0,93,48.52400328,Advanced
77,99,12,2,70,71.1246319,Intermediate
63,54,6,10,71,89.39525014,Professional
52,66,3,12,67,69.81068809,Professional
70,86,9,2,75,85.71524869,Professional
66,100,10,10,78,134.0355335,Intermediate
34,74,8,6,74,86.66583914,Advanced
54,62,15,4,84,122.2115864,Beginner
55,90,3,4,75,114.0527406,Intermediate
40,78,12,6,69,106.7392661,Advanced
76,62,2,9,66,94.3829503,Professional
71,74,6,7,68,78.99647291,Professional
55,85,11,7,88,76.48370784,Beginner
62,75,6,7,71,79.94854341,Professional
12,50,0,7,100,66.8452575,Advanced
44,74,9,10,67,71.31512674,Advanced
80,96,12,3,71,70.56011415,Intermediate
45,83,10,4,71,92.60353001,Beginner
75,93,1,8,55,103.6066834,Intermediate
47,95,3,9,95,48.56367616,Intermediate
77,63,0,10,66,99.26912862,Professional
74,100,9,4,72,92.40202912,Intermediate
59,70,13,9,88,109.194561,Beginner
92,57,0,5,73,134.721004,Professional
44,68,15,0,78,113.0328196,Advanced
38,79,10,8,68,82.03374951,Advanced
63,62,17,9,90,127.116028,Beginner
70,72,1,2,79,58.33414154,Beginner
66,75,10,8,87,96.2379708,Beginner
32,67,9,0,86,95.55175266,Advanced
74,98,7,0,68,76.4182406,Intermediate
61,100,10,10,87,73.24406243,Intermediate
59,75,14,7,85,108.6232681,Beginner
67,67,6,7,71,82.18839425,Professional
64,79,7,4,80,81.79368329,Intermediate
28,62,5,0,91,59.68547952,Advanced
62,71,7,7,70,67.64191183,Professional
62,84,7,6,70,75.32191417,Professional
40,90,8,14,100,56.99956564,Intermediate
50,88,11,14,100,58.9799715,Intermediate
71,94,13,9,82,87.01246332,Intermediate
67,93,11,8,88,49.80237057,Intermediate
29,63,8,1,91,84.25880714,Advanced
25,80,5,6,72,108.1052437,Advanced
73,85,11,0,77,86.20071073,Professional
57,79,10,4,75,68.08021771,Professional
66,74,5,7,72,90.65090222,Professional
67,68,11,6,80,119.3279421,Beginner
41,66,20,4,87,125.3159144,Beginner
65,100,10,8,82,84.15733849,Intermediate
31,74,6,7,74,73.86768181,Advanced
63,69,6,8,71,75.13842591,Professional
60,97,5,7,82,88.36016947,Intermediate
77,81,3,7,82,69.54317645,Beginner
81,70,0,6,83,58.36692913,Beginner
71,97,3,0,65,97.81225901,Intermediate
63,65,3,9,72,95.73993494,Professional
65,100,4,2,74,70.82236008,Intermediate
52,99,5,7,88,64.38306255,Intermediate
77,100,12,6,72,109.8816456,Intermediate
80,78,3,4,82,59.30162868,Beginner
33,70,13,2,90,78.26423567,Advanced
59,76,6,4,87,57.27936565,Beginner
77,87,11,0,76,85.3818031,Professional
81,72,8,5,69,83.881286,Professional
23,57,6,4,100,51.61418451,Advanced
49,74,15,7,71,53.9677702,Advanced
76,81,1,9,93,80.83863268,Beginner
66,93,12,8,89,52.36600658,Intermediate
50,69,18,1,79,76.81181348,Advanced
35,76,4,12,61,109.6004369,Advanced
81,54,2,10,67,113.8658416,Professional
28,73,5,6,80,62.93715831,Advanced
31,57,5,1,96,66.66000357,Advanced
50,78,11,1,81,86.3888934,Beginner
50,78,12,8,95,61.72003811,Beginner
66,52,4,9,74,98.71717698,Professional
73,92,17,4,85,84.76477259,Professional
39,66,11,1,82,86.91191978,Advanced
50,94,4,9,93,60.43671071,Intermediate
45,79,16,5,72,70.73259367,Advanced
66,80,5,5,73,91.78231924,Professional
32,88,4,16,55,94.67144009,Advanced
79,67,0,7,71,115.6171908,Professional
77,63,6,4,77,105.2221422,Beginner
18,72,0,6,78,97.17188289,Advanced
77,93,11,1,67,76.62960823,Intermediate
71,100,7,4,69,115.5541293,Intermediate
72,84,7,4,69,77.16286732,Professional
55,100,3,7,82,96.85679424,Intermediate
74,93,11,4,78,47.91675727,Intermediate
56,74,11,5,75,63.92785207,Professional
72,69,4,6,85,69.06493699,Beginner
20,67,1,3,87,67.42257459,Advanced
75,80,0,7,87,51.6623756,Beginner
78,75,1,9,88,48.63686275,Beginner
74,72,2,7,87,53.33719406,Beginner
66,90,2,4,73,87.33212862,Intermediate
70,57,3,10,70,98.4194481,Professional
59,71,5,0,78,70.37037917,Beginner
70,81,1,8,92,63.02159569,Beginner
68,86,14,0,77,72.95553786,Professional
50,73,18,3,74,86.03188889,Advanced
79,63,8,6,78,123.3771496,Beginner
67,77,6,6,85,67.62357159,Beginner
61,86,3,2,85,66.91319596,Intermediate
64,87,8,14,100,52.04476307,Beginner
55,74,14,5,72,52.34385163,Professional
34,72,11,2,81,82.50187504,Advanced
32,82,8,7,68,102.9382251,Advanced
94,67,0,5,71,134.124392,Professional
45,90,5,10,99,54.52115132,Intermediate
85,79,4,14,92,65.91517799,Beginner
69,94,9,1,75,88.23011729,Professional
79,68,3,4,78,85.20418214,Beginner
67,86,15,0,80,71.90555775,Professional
18,68,3,7,76,97.32477535,Advanced
65,64,5,0,77,83.63874408,Beginner
52,84,17,10,58,89.42253352,Advanced
44,77,11,9,64,89.89014394,Advanced
51,100,4,11,88,122.166807,Intermediate
54,92,2,6,83,94.73676466,Intermediate
46,91,4,10,97,59.64988126,Intermediate
33,76,9,5,75,85.61533678,Advanced
85,100,12,3,60,131.7757996,Intermediate
63,74,15,2,78,64.58936625,Professional
58,77,9,4,84,80.85102219,Beginner
69,76,4,7,70,87.73187437,Professional
59,54,13,0,72,151.1984466,Beginner
64,82,7,6,70,69.77596165,Professional
46,71,19,7,88,125.1204114,Beginner
58,97,6,7,82,96.15922473,Intermediate
36,81,9,7,73,67.55650985,Advanced
72,78,0,9,67,90.03182198,Professional
89,62,1,6,71,123.6941906,Professional
57,68,7,10,66,52.02389676,Professional
67,68,2,6,77,116.7723051,Professional
36,75,7,9,67,95.23991603,Advanced
60,86,8,9,92,54.30211081,Beginner
68,72,8,2,75,109.360117,Beginner
61,74,16,4,74,52.11500784,Professional
67,88,6,5,69,74.07876225,Professional
57,77,4,9,67,67.40786883,Professional
61,69,8,6,75,81.3465584,Professional
53,80,13,6,87,93.19410538,Beginner
70,87,12,2,72,62.82262555,Professional
65,68,7,0,75,98.07820237,Beginner
23,69,1,6,80,75.81326674,Advanced
82,96,6,2,58,84.55705857,Intermediate
23,69,2,4,84,68.18863501,Advanced
55,81,12,7,89,80.99826637,Beginner
40,75,13,3,76,90.8707694,Advanced
65,80,9,2,77,89.57634897,Professional
73,55,3,9,68,84.39948562,Professional
75,95,13,6,78,70.6891038,Intermediate
53,81,8,7,70,62.23818093,Professional
20,73,0,7,77,79.3425912,Advanced
80,70,2,6,71,115.7489826,Professional
58,79,11,3,76,64.31367668,Professional
70,93,8,5,78,71.85248259,Intermediate
49,83,13,7,92,67.7532365,Beginner
48,76,20,1,80,64.93587885,Advanced
50,97,8,12,97,70.72711187,Intermediate
46,79,17,6,73,53.70029961,Advanced
49,74,11,0,79,93.43901213,Beginner
77,95,9,1,68,77.59910436,Intermediate
82,54,2,0,69,111.8531511,Beginner
65,67,6,8,70,71.62385115,Professional
45,73,13,5,72,87.46432924,Advanced
45,86,14,4,75,46.29524105,Professional
61,69,9,5,75,76.09019489,Professional
53,82,13,2,80,65.25864064,Professional
30,73,5,12,66,63.21473493,Advanced
24,76,2,7,73,109.3733839,Advanced
71,100,2,0,59,128.8505514,Intermediate
54,83,17,0,82,55.24464445,Professional
70,97,9,4,77,62.37990484,Intermediate
69,60,11,6,83,120.434541,Beginner
70,70,8,4,76,94.89302479,Professional
75,71,4,5,80,84.62155356,Beginner
51,89,11,16,100,53.38511532,Intermediate
82,73,0,9,89,49.20507482,Beginner
53,85,14,15,55,91.4523363,Advanced
71,72,10,4,74,77.76242495,Professional
67,80,18,0,79,61.21451356,Professional
72,71,11,2,78,90.01036655,Professional
37,81,11,8,70,69.81601559,Advanced
71,93,9,3,75,65.17117298,Intermediate
80,93,10,1,67,78.47815722,Intermediate
27,92,9,25,100,53.23172964,Intermediate
62,75,9,6,71,66.64864376,Professional
52,69,13,4,86,96.63797787,Beginner
45,80,15,7,93,76.90304641,Beginner
70,94,10,2,73,73.45754069,Professional
67,69,6,7,70,77.53391187,Professional
18,70,0,6,83,60.33724562,Advanced
74,93,12,5,80,50.13726166,Intermediate
18,57,0,0,97,49.36175034,Advanced
66,84,5,6,86,53.7229796,Beginner
69,79,9,11,93,71.39407316,Beginner
60,63,18,10,90,135.111707,Beginner
34,77,5,11,64,85.77091892,Advanced
59,74,6,2,82,63.0459206,Beginner
60,81,4,4,87,51.55358922,Beginner
32,81,10,5,72,102.1211204,Advanced
51,91,8,4,85,56.92026849,Beginner
79,81,12,1,74,79.98810276,Professional
70,74,11,4,73,67.99998689,Professional
62,89,13,7,91,57.78528346,Intermediate
71,63,10,7,82,115.7540086,Beginner
71,69,10,10,89,96.84607836,Beginner
48,74,11,8,98,46.85615995,Beginner
51,78,8,8,69,55.24073561,Professional
71,82,2,5,82,54.01284435,Beginner
69,94,7,2,75,67.9678511,Intermediate
24,62,6,0,97,45.02374873,Advanced
23,59,2,1,90,109.648281,Advanced
70,97,4,0,69,68.82807005,Intermediate
28,62,4,3,87,47.62492853,Advanced
75,98,8,1,62,118.0878395,Intermediate
63,99,6,6,78,106.3060845,Intermediate
59,96,6,6,82,91.00173014,Intermediate
42,82,16,4,71,98.59575219,Advanced
51,76,12,5,85,93.08470108,Beginner
55,70,10,7,70,47.97106483,Professional
70,79,5,6,84,64.24746288,Beginner
64,83,11,2,76,66.32339819,Professional
84,74,2,10,93,75.49355201,Beginner
59,100,13,13,95,65.1432028,Intermediate
60,95,9,8,87,60.70622403,Intermediate
50,91,6,10,97,45.57758687,Intermediate
59,73,9,5,87,70.80352422,Beginner
47,84,12,14,55,76.51252455,Advanced
53,62,9,7,75,65.90727992,Professional
25,62,4,0,90,75.61543034,Advanced
69,81,7,7,85,80.18233925,Beginner
69,67,12,9,85,122.3221255,Beginner
66,97,10,5,78,75.19647386,Intermediate
65,95,8,6,85,50.49790574,Intermediate
55,97,5,4,82,56.37711645,Intermediate
73,67,7,9,65,73.95312286,Professional
30,67,4,5,77,94.14582593,Advanced
42,67,13,1,82,72.91016705,Advanced
67,82,4,8,91,48.12176889,Beginner
50,73,13,11,65,45.53385821,Advanced
81,100,15,5,73,74.56080171,Intermediate
47,99,1,8,87,99.26147911,Intermediate
77,100,13,7,71,120.2474647,Intermediate
54,97,3,6,82,98.68723591,Intermediate
75,63,3,13,63,110.3176734,Professional
68,58,7,5,85,85.30721479,Beginner
83,65,6,8,80,113.9561169,Beginner
63,72,6,5,82,84.1589612,Beginner
41,74,5,13,57,101.9767083,Advanced
55,79,9,6,74,70.29266685,Professional
71,70,9,3,76,90.5109756,Professional
65,76,5,9,94,49.73419173,Beginner
38,61,9,2,87,50.46075418,Advanced
49,88,4,6,84,98.74484689,Intermediate
48,88,5,7,96,62.38527849,Intermediate
75,64,7,7,69,83.13443073,Professional
56,98,5,11,84,138.5990943,Intermediate
33,75,6,7,69,109.8813269,Advanced
70,57,2,10,68,91.43452064,Professional
81,57,1,10,67,122.3895855,Professional
43,73,13,4,75,82.25223871,Advanced
35,75,9,6,74,78.52403082,Advanced
61,99,3,5,74,129.4321971,Intermediate
32,74,4,9,68,88.21369305,Advanced
60,79,8,8,67,60.83975439,Professional
22,63,0,5,83,77.52549097,Advanced
71,63,5,7,72,91.00122722,Professional
71,84,7,9,86,81.39663015,Beginner
40,95,2,13,96,110.4445611,Intermediate
51,89,13,16,55,105.4902923,Advanced
75,95,4,3,63,62.51129539,Intermediate
73,100,10,4,74,67.21828057,Advanced
22,78,2,8,75,76.12827424,Beginner
73,62,4,3,79,86.72760089,Beginner
26,67,5,1,88,64.36537024,Advanced
66,86,9,3,75,80.51210664,Professional
57,82,6,2,81,59.76939231,Beginner
66,70,5,6,74,97.63473812,Professional
68,59,10,4,79,119.3110385,Beginner
76,100,3,1,56,126.0896421,Intermediate
57,63,8,7,74,71.21930297,Professional
58,72,5,7,73,83.9838304,Professional
73,54,0,12,67,103.1903458,Professional
12,71,3,5,84,80.54124029,Advanced
62,100,10,8,86,54.30453413,Intermediate
45,67,8,11,67,59.39132031,Advanced
84,84,4,7,85,67.81128738,Beginner
58,100,3,6,77,116.9140671,Advanced
51,96,8,15,97,98.72195117,Intermediate
17,62,0,1,91,73.73118008,Advanced
55,70,10,3,85,77.68448951,Beginner
50,81,19,3,75,62.6640644,Professional
30,72,8,3,80,88.99054015,Advanced
59,70,13,5,82,114.3208883,Beginner
86,86,10,4,62,55.15225843,Intermediate
66,100,9,8,82,75.27053058,Intermediate
72,100,11,7,75,104.9631794,Intermediate
61,64,16,10,91,117.9693575,Beginner
24,62,2,2,89,61.44669095,Advanced
54,66,4,10,68,68.28490636,Professional
49,79,11,7,71,45.51422882,Professional
62,100,12,2,71,63.00277966,Professional
77,72,12,10,81,135.1515675,Beginner
62,61,11,4,80,84.96198886,Professional
74,74,6,8,84,84.96527447,Beginner
76,96,8,2,68,92.9182023,Intermediate
41,88,1,6,98,67.52369157,Intermediate
27,58,4,0,93,47.6212125,Advanced
31,63,5,3,84,65.50220571,Advanced
64,69,14,7,82,125.4088426,Beginner
72,79,7,2,76,93.5549823,Professional
77,77,1,7,86,50.51421513,Beginner
63,71,14,4,75,66.21107156,Professional
73,78,6,2,78,106.9962751,Professional
64,100,8,7,79,93.1696825,Intermediate
56,91,2,5,84,66.88370471,Intermediate
61,83,9,12,98,48.09587053,Beginner
55,65,11,7,72,53.83512452,Professional
27,71,3,7,75,83.52159171,Advanced
54,67,15,5,84,118.6282172,Beginner
68,77,13,1,79,80.10159364,Professional
77,63,6,6,72,94.48512918,Professional
63,77,3,0,76,65.81269462,Beginner
31,87,6,12,59,102.2317179,Advanced
76,68,1,10,66,98.0087693,Professional
68,79,6,4,74,88.45510565,Professional
55,79,13,4,75,54.78081775,Professional
23,64,3,1,88,76.36471078,Advanced
63,80,10,3,76,83.2063907,Professional
65,80,5,4,82,61.15520939,Beginner
34,60,9,0,90,57.93698073,Advanced
53,96,15,18,100,45.46506551,Intermediate
57,89,9,5,84,73.01611233,Beginner
39,70,8,7,73,59.73164673,Advanced
61,69,6,9,69,74.89180081,Professional
36,66,6,6,74,85.27650214,Beginner
55,85,1,2,78,59.41907723,Intermediate
62,82,7,6,70,72.44294368,Professional
72,67,6,5,82,85.41896843,Beginner
32,76,9,5,77,77.55341374,Advanced
60,72,14,8,86,112.1556748,Beginner
75,91,12,2,74,51.66360826,Intermediate
65,50,1,11,71,106.2375598,Professional
42,75,10,9,66,86.76026099,Advanced
73,66,4,5,84,75.06320259,Beginner
36,74,8,7,72,77.69843538,Advanced
76,84,0,13,99,83.04453426,Beginner
70,99,3,0,64,101.0775969,Intermediate
60,100,9,10,83,115.60268,Intermediate
76,50,3,12,65,77.78281584,Professional
57,92,9,9,90,68.29704551,Intermediate
53,66,9,9,71,62.52176715,Professional
69,71,8,6,81,98.29988517,Beginner
25,81,1,11,61,134.957173,Advanced
37,70,12,2,83,70.88475041,Advanced
64,79,2,8,95,70.78966299,Beginner
64,54,4,5,66,101.7911278,Beginner
68,75,5,3,80,75.26331034,Beginner
61,94,10,10,91,53.38031471,Intermediate
79,98,4,0,55,157.2923951,Intermediate
77,58,5,6,74,104.0147323,Professional
50,74,15,8,66,82.58828963,Advanced
80,51,3,7,73,110.3902122,Professional
64,83,12,2,75,66.87241814,Professional
79,100,14,7,74,89.0992065,Intermediate
44,64,11,4,79,66.90636984,Advanced
80,97,11,0,62,80.58946269,Intermediate
39,74,11,6,73,77.00326044,Advanced
62,93,5,5,82,69.79408171,Intermediate
37,68,9,5,78,65.24541624,Advanced
95,99,12,2,55,87.0591989,Intermediate
27,55,8,5,100,52.79950616,Advanced
64,77,5,8,93,50.06521638,Beginner
68,95,5,2,75,70.82467879,Intermediate
68,68,10,11,93,81.76703104,Beginner
39,73,11,5,76,63.94680619,Advanced
69,76,10,8,85,100.2965746,Beginner
85,92,3,7,55,95.63087515,Intermediate
72,87,9,2,73,77.13808534,Professional
24,63,0,5,86,48.92461622,Advanced
67,68,8,5,71,81.01393478,Professional
30,74,2,11,67,82.07202836,Advanced
40,68,13,1,83,71.40093801,Advanced
55,73,17,12,96,105.5146455,Beginner
67,97,5,3,70,110.773345,Intermediate
42,81,14,9,65,77.45452463,Advanced
38,78,7,14,60,70.41086394,Advanced
61,78,10,12,99,58.29520062,Beginner
89,68,2,5,70,115.3430855,Professional
78,71,2,9,66,113.5405129,Professional
25,68,2,5,79,89.89019456,Advanced
71,90,5,3,72,90.16457625,Professional
14,64,6,7,79,92.85212958,Advanced
64,71,14,13,94,105.7261999,Beginner
37,68,10,0,88,79.04487567,Advanced
66,73,7,4,82,80.55508418,Beginner
46,91,8,16,100,70.0626987,Intermediate
66,67,6,6,74,90.84284547,Professional
46,85,18,11,98,85.21530183,Beginner
68,78,6,6,70,76.89708092,Professional
32,81,2,15,56,91.09807452,Advanced
50,98,3,12,92,96.5895686,Intermediate
62,78,13,11,92,95.14478136,Beginner
55,89,19,13,55,85.68296943,Advanced
56,85,9,4,76,68.26917623,Professional
77,100,6,0,62,109.8092232,Intermediate
32,72,11,1,86,67.83708364,Advanced
73,72,9,4,74,83.688697,Professional
68,100,3,2,65,134.7449594,Intermediate
63,72,13,9,87,109.6167791,Beginner
80,100,11,5,68,109.6745952,Intermediate
54,68,13,5,88,90.29444811,Beginner
59,68,4,0,80,59.5707821,Beginner
50,85,6,9,100,88.00914973,Intermediate
56,90,6,8,90,66.12720515,Intermediate
30,76,3,11,69,68.43936018,Advanced
53,71,13,5,86,94.78993289,Beginner
56,91,8,9,90,73.0079597,Intermediate
70,74,6,7,86,68.88367689,Beginner
33,97,4,18,100,113.5069914,Intermediate
75,75,2,4,86,67.95796167,Beginner
70,78,9,4,72,77.84017998,Professional
76,77,3,6,82,69.87585308,Beginner
38,77,9,7,67,110.7196693,Advanced
56,81,11,6,71,53.96127772,Professional
69,83,3,8,90,47.87632555,Beginner
48,72,6,9,71,69.60045706,Professional
44,81,16,6,69,74.48352802,Advanced
64,65,8,4,85,82.1101412,Beginner
55,72,10,8,69,49.75752005,Professional
27,67,2,5,77,99.89583125,Advanced
68,100,7,5,74,99.37883934,Intermediate
20,62,2,0,94,73.7665544,Advanced
71,100,4,2,65,125.5991839,Intermediate
28,66,5,2,85,73.05507517,Advanced
10,61,5,0,100,61.53952414,Advanced
62,99,16,16,98,68.68781479,Intermediate
54,67,14,7,91,94.34261359,Beginner
61,77,6,0,77,77.69966045,Beginner
75,100,4,1,57,130.3698293,Intermediate
23,69,3,4,84,62.44553334,Advanced
42,82,15,8,66,80.06835311,Advanced
51,99,8,14,97,77.57289334,Intermediate
74,100,8,3,67,110.6151599,Intermediate
10,63,1,4,100,58.68928371,Advanced
68,68,6,5,75,95.34544888,Professional
53,79,6,2,85,49.15393139,Beginner
57,53,11,6,80,78.79969503,Professional
45,78,12,10,59,101.6104708,Advanced
26,62,8,2,99,49.85488709,Advanced
87,98,6,4,55,97.20274461,Intermediate
76,82,5,4,71,93.56614699,Professional
53,73,8,1,74,87.84828958,Beginner
85,71,5,12,92,71.3899714,Beginner
18,71,0,3,83,94.05243325,Advanced
33,74,13,0,85,73.4039063,Advanced
59,55,13,3,65,155.2397248,Beginner
55,53,14,0,74,138.3444403,Beginner
64,87,12,6,88,90.10317914,Intermediate
73,72,6,7,69,84.32394051,Professional
33,67,8,1,84,89.93223796,Advanced
40,78,11,7,70,77.69367856,Beginner
73,66,3,6,74,107.6907574,Professional
67,83,7,4,73,85.71090923,Professional
54,100,2,7,81,107.8038835,Intermediate
83,96,7,4,55,106.1002153,Intermediate
45,85,15,5,72,58.7350656,Professional
58,65,9,1,73,112.6165516,Beginner
90,99,11,0,57,107.8640023,Intermediate
39,92,1,8,97,54.63780224,Intermediate
70,80,5,4,73,89.91472519,Professional
54,99,9,14,94,101.0417574,Intermediate
64,97,3,4,71,127.1488087,Intermediate
71,80,7,11,92,70.37899807,Beginner
18,67,4,0,94,77.61850577,Advanced
66,99,9,6,82,60.64986827,Intermediate
54,89,0,2,83,55.90912449,Intermediate
77,50,9,2,72,143.5648027,Beginner
64,67,11,5,82,106.8767858,Beginner
82,70,0,10,91,47.17364587,Beginner
35,68,9,5,85,76.35132008,Advanced
53,67,17,6,86,122.7943902,Beginner
60,71,8,5,73,79.13044845,Professional
35,73,8,5,72,103.3497048,Advanced
49,72,8,7,72,66.46631243,Professional
80,100,11,3,64,115.6542269,Intermediate
41,90,1,9,94,85.01272039,Intermediate
72,100,8,5,68,127.9489274,Intermediate
53,80,6,7,71,62.59735358,Intermediate
61,76,8,4,83,78.83644646,Beginner
73,99,11,7,75,113.5125027,Intermediate
62,78,5,2,80,64.2360665,Beginner
51,95,5,10,89,101.6677341,Intermediate
69,93,14,11,86,84.02416594,Intermediate
77,76,3,5,72,103.4802313,Professional
64,73,5,3,83,67.6085989,Beginner
32,71,6,4,79,81.85358547,Advanced
60,67,7,10,67,61.27836629,Professional
69,94,7,1,74,57.34781266,Intermediate
86,93,11,0,62,96.5931446,Intermediate
80,53,15,11,83,166.2607989,Beginner
81,60,4,5,77,117.6308829,Professional
65,59,2,8,76,111.9105614,Professional
60,73,17,9,87,130.5398233,Beginner
71,72,4,5,84,67.2888137,Beginner
53,83,20,8,65,57.12283247,Advanced
71,100,10,6,74,98.65318738,Intermediate
38,76,6,8,70,87.00688141,Advanced
55,76,6,2,85,53.85819603,Beginner
81,89,1,5,68,100.156623,Professional
69,91,6,3,78,53.46090207,Intermediate
42,70,12,6,75,60.40308907,Advanced
65,68,11,9,90,91.29458955,Beginner
68,73,10,4,74,77.65925338,Professional
43,82,16,4,69,116.3839166,Advanced
64,100,9,11,82,118.5888521,Intermediate
70,100,9,7,74,122.7465187,Intermediate
23,63,1,3,87,64.44823616,Advanced
67,76,11,5,72,70.62933618,Professional
66,62,5,9,70,82.34444546,Professional
75,67,8,8,87,90.92848363,Beginner
18,70,1,2,83,108.7427693,Professional
67,75,7,4,76,96.39424653,Professional
65,60,5,8,73,87.55620687,Advanced
65,72,5,6,89,52.07497852,Beginner
47,81,14,7,66,104.5519326,Advanced
60,96,9,7,87,54.28849184,Intermediate
36,76,9,8,71,72.08403028,Advanced
40,73,8,10,70,46.76500364,Advanced
40,82,15,5,71,94.23401668,Advanced
79,65,0,3,79,60.11517232,Beginner
70,84,4,14,100,73.17991531,Beginner
70,77,2,7,89,53.32542869,Beginner
39,82,11,9,65,82.02441178,Advanced
56,70,7,1,74,90.0585845,Beginner
58,62,12,0,76,120.3206295,Beginner
84,73,3,4,74,119.4903088,Professional
85,100,9,0,55,149.8807061,Intermediate
63,79,13,5,74,61.12170851,Professional
48,72,16,6,90,97.05691613,Intermediate
24,69,4,3,86,66.30561395,Advanced
63,78,4,6,73,86.17994327,Professional
38,89,12,12,56,103.8973577,Advanced
57,80,18,10,57,91.71414206,Advanced
81,100,13,5,69,93.43470736,Intermediate
58,76,11,5,74,63.01262513,Professional
70,92,12,2,71,63.03515299,Professional
51,95,6,11,92,90.65432901,Intermediate
61,84,10,15,100,45.11104521,Professional
70,98,7,6,75,100.9023409,Intermediate
84,95,9,3,57,77.81417719,Intermediate
46,77,14,7,69,67.16325325,Advanced
69,78,4,6,71,94.14333151,Professional
65,94,6,2,75,74.06458627,Intermediate
32,73,6,7,72,96.22903803,Advanced
58,82,17,0,82,59.38493997,Beginner
75,78,9,1,77,90.42168214,Professional
66,65,10,7,85,103.8607177,Beginner
71,100,14,7,78,68.98585628,Intermediate
65,62,12,5,81,126.1493144,Beginner
49,87,8,11,100,47.32846644,Intermediate
40,76,8,10,63,98.79391168,Advanced
74,65,1,9,68,94.57144611,Professional
64,80,9,5,72,73.72620002,Professional
72,69,3,5,83,68.1438426,Beginner
25,71,4,4,79,91.33214079,Advanced
71,70,9,3,77,87.64264106,Professional
71,67,5,4,81,84.86801981,Beginner
36,65,20,3,82,165.2610954,Beginner
64,74,11,2,80,85.78516344,Professional
71,54,2,8,76,117.8797301,Professional
43,77,17,5,87,107.5334836,Beginner
47,97,19,11,55,95.82425129,Advanced
48,69,16,3,83,114.7866347,Beginner
60,98,5,5,81,71.77347008,Intermediate
74,67,0,6,76,130.2975056,Professional
29,63,7,0,90,72.77996234,Advanced
49,63,11,7,75,61.27891565,Professional
81,100,13,4,67,102.1203292,Intermediate
32,70,8,2,87,53.86895885,Advanced
93,69,2,2,78,146.3348443,Professional
48,86,15,9,94,80.62274215,Beginner
66,95,5,2,75,63.51206452,Advanced
86,77,3,13,90,69.42036023,Beginner
94,71,2,11,88,46.79851912,Beginner
59,55,9,8,72,64.49309915,Professional
53,94,2,5,84,74.8700708,Intermediate
72,65,0,9,68,95.58834011,Professional
56,71,11,5,77,71.57899928,Professional
46,71,12,6,70,91.31663236,Advanced
95,100,14,0,56,91.80957249,Intermediate
64,72,11,6,83,106.9872239,Beginner
84,67,3,0,71,64.96727832,Beginner
36,96,3,16,100,104.274982,Intermediate
63,70,11,5,73,61.64560551,Professional
54,81,16,10,56,112.1416741,Advanced
67,61,4,10,68,82.29609032,Professional
58,94,4,6,81,89.98456091,Intermediate
39,99,8,18,100,70.27477884,Intermediate
48,81,14,10,61,81.31253943,Advanced
43,93,3,11,98,72.33837606,Intermediate
10,60,9,6,88,64.40045595,Advanced
32,67,10,0,86,99.12019224,Advanced
41,82,16,4,73,90.40386285,Advanced
54,93,8,10,91,90.61224049,Intermediate
73,63,4,2,76,90.81065385,Beginner
63,71,12,8,86,105.3374612,Beginner
54,84,20,0,83,48.53744691,Professional
47,94,4,11,95,78.91958117,Intermediate
76,94,9,0,69,66.07236721,Intermediate
71,94,11,9,82,94.15489286,Intermediate
82,67,5,9,85,89.06483268,Beginner
33,78,6,9,68,84.60130505,Advanced
60,76,11,7,89,81.86081051,Beginner
61,71,15,7,83,126.3611072,Beginner
64,85,20,15,55,70.85383931,Advanced
71,84,9,4,71,76.57775221,Professional
67,80,8,4,74,79.51857976,Professional
58,72,16,4,74,46.35461527,Professional
71,78,14,0,78,72.03917423,Professional
45,76,11,10,65,72.7836965,Advanced
60,62,4,11,66,72.0956901,Professional
44,75,10,8,62,116.9707114,Advanced
65,73,8,7,70,74.65003232,Professional
46,76,9,13,60,72.55522316,Advanced
70,72,12,3,75,74.89280542,Professional
64,72,10,7,87,90.77279922,Beginner
74,80,2,8,87,48.99909477,Beginner
24,61,4,1,95,66.69853852,Advanced
54,91,14,1,78,53.63901262,Professional
71,50,2,13,65,87.94978676,Professional
72,85,4,8,88,52.23594572,Beginner
54,97,1,5,79,102.9214439,Intermediate
69,81,5,8,89,58.44516191,Beginner
85,98,6,3,55,98.78674453,Intermediate
59,70,6,2,83,64.24070433,Beginner
66,66,10,5,80,114.5583236,Beginner
72,100,8,5,70,118.1558344,Intermediate
41,79,15,3,73,103.0319542,Advanced
63,72,11,7,87,94.54896775,Beginner
61,89,9,14,100,55.03609989,Beginner
64,100,4,2,70,96.38550819,Intermediate
52,78,14,10,60,87.01402563,Advanced
86,94,8,2,60,74.30788433,Intermediate
36,69,11,2,83,74.95050811,Advanced
43,81,16,6,72,66.95708417,Advanced
64,89,14,0,80,73.54492471,Professional
84,65,4,7,81,96.42273112,Beginner
32,77,7,6,70,106.6644858,Advanced
54,59,11,1,77,118.6788699,Beginner
69,60,6,5,77,101.8768221,Professional
71,58,2,10,68,95.57664936,Professional
43,80,12,8,64,107.7880048,Advanced
39,76,8,9,64,111.6558161,Advanced
63,96,12,11,91,61.69894042,Intermediate
65,80,9,4,74,76.71255124,Professional
71,77,0,8,68,104.1106108,Professional
44,74,12,9,69,53.93913515,Professional
69,68,5,7,91,53.39440112,Beginner
28,67,4,2,81,103.4989465,Advanced
72,77,0,9,93,75.88254469,Beginner
59,63,4,9,71,84.2028137,Professional
82,85,9,1,74,91.34118492,Professional
55,76,14,4,75,48.49694456,Professional
69,91,5,1,74,61.7485336,Intermediate
29,86,3,14,56,104.7354945,Advanced
76,75,4,7,68,91.65915096,Professional
88,68,1,9,84,75.87260614,Beginner
55,83,5,4,91,71.62765873,Intermediate
25,67,2,4,82,78.67085405,Advanced
53,76,15,6,71,74.35037474,Advanced
43,95,1,9,92,90.43140581,Intermediate
47,78,11,12,59,79.202998,Advanced
18,68,1,5,81,92.22118928,Advanced
64,56,0,11,71,109.259136,Professional
68,99,6,4,71,111.0950447,Intermediate
67,52,7,8,73,83.35085305,Professional
56,62,13,1,78,121.2485553,Advanced
75,99,15,9,82,72.04034735,Professional
70,87,11,17,100,60.47385278,Beginner
83,80,2,5,80,48.95849606,Beginner
33,81,9,7,70,100.4334143,Advanced
64,50,0,11,72,112.4106041,Professional
64,67,5,6,75,96.91252533,Professional
69,92,4,0,72,50.46670192,Intermediate
50,98,1,4,78,114.2094482,Intermediate
51,70,11,0,80,94.67557263,Beginner
26,70,1,9,75,64.62159137,Advanced
74,83,5,6,67,75.05760941,Professional
37,79,7,11,64,75.58923564,Advanced
53,81,20,0,80,48.83383581,Professional
37,96,1,13,99,101.4022438,Intermediate
64,68,4,9,67,73.33952595,Professional
64,100,10,11,82,120.6164961,Intermediate
66,85,4,8,91,49.90555716,Beginner
69,74,4,3,79,80.03452373,Beginner
68,96,8,4,76,74.27295013,Intermediate
39,79,13,5,74,82.01887259,Advanced
82,72,2,7,82,77.68075641,Beginner
26,64,10,6,99,88.79695881,Advanced
71,100,8,4,70,111.7814693,Intermediate
60,76,11,6,86,94.74862479,Beginner
70,95,9,4,78,53.55433974,Intermediate
69,68,7,6,83,87.03108431,Beginner
67,79,7,11,94,57.86168505,Beginner
65,74,6,7,90,58.19562117,Beginner
38,74,10,6,74,69.32709089,Advanced
55,64,4,12,66,57.40501379,Professional
67,55,2,13,64,80.6388812,Professional
59,100,9,13,88,119.0926916,Intermediate
36,65,9,2,85,54.04775033,Advanced
66,100,6,5,72,123.3309298,Intermediate
56,78,1,12,65,79.75954326,Professional
88,76,4,3,73,118.9903465,Professional
67,75,9,9,88,80.93844174,Beginner
32,70,4,7,73,85.77226179,Advanced
64,67,1,7,77,119.7658278,Professional
39,82,13,7,69,86.63759859,Intermediate
71,72,6,2,81,107.4822255,Professional
66,70,1,1,81,46.34295872,Beginner
68,98,6,3,72,93.78207642,Intermediate
82,100,13,2,68,63.32636663,Intermediate
66,74,3,6,91,55.12702956,Beginner
65,60,12,7,71,62.48695478,Professional
18,72,3,9,72,109.126004,Advanced
69,53,1,14,66,104.1521941,Professional
57,79,11,4,77,71.09961644,Professional
19,57,0,1,96,79.71931688,Advanced
43,83,11,12,60,74.63865593,Advanced
23,67,0,6,78,85.81390512,Advanced
63,60,6,9,71,82.48153769,Professional
85,100,13,4,72,57.12286459,Intermediate
25,80,7,6,72,109.5590134,Advanced
91,64,5,1,78,126.088407,Professional
86,98,9,0,57,111.0459849,Intermediate
68,64,8,6,85,90.13838595,Beginner
69,93,7,3,75,73.43877852,Intermediate
27,69,2,6,74,115.2859348,Advanced
46,94,2,8,91,81.2357173,Intermediate
78,98,13,6,75,80.8986048,Intermediate
47,92,6,12,99,57.4621494,Intermediate
43,78,12,8,66,87.16914166,Advanced
85,67,2,5,77,90.01023766,Beginner
62,97,11,9,88,63.6770295,Intermediate
69,77,6,6,70,79.05338632,Professional
34,86,5,15,55,99.31945533,Advanced
16,67,0,2,89,81.43883639,Advanced
70,100,6,3,71,95.76989924,Intermediate
66,62,11,7,70,59.77703193,Professional
55,64,11,8,72,58.27963891,Professional
46,95,19,2,87,57.78466057,Professional
65,62,6,0,75,101.154057,Beginner
60,95,5,6,82,78.97704201,Intermediate
72,65,6,1,73,107.7541202,Beginner
63,75,9,6,86,83.34054415,Beginner
59,67,7,1,74,93.87576801,Beginner
66,68,8,6,72,68.45989627,Professional
72,77,8,3,76,91.43219672,Professional
71,63,10,7,83,109.5205753,Beginner
66,78,1,10,63,78.54073027,Professional
41,65,14,3,76,109.7254151,Beginner
33,77,12,3,81,63.05099944,Advanced
39,78,13,9,68,51.9771816,Advanced
74,99,7,4,65,138.5081975,Intermediate
74,100,2,3,55,117.7885065,Intermediate
64,100,8,8,78,119.4660495,Intermediate
78,97,16,7,85,71.80387563,Intermediate
58,81,9,6,88,66.18397813,Beginner
66,61,5,8,71,84.59166128,Professional
70,72,5,4,82,75.87302718,Beginner
62,71,7,8,69,70.73801033,Professional
44,75,15,5,75,65.99898503,Advanced
76,68,1,8,71,123.1056341,Professional
54,95,10,12,94,88.54727004,Intermediate
76,93,4,2,61,92.70308168,Beginner
70,59,5,9,68,84.6900612,Professional
52,65,5,10,71,67.38880447,Professional
47,77,17,5,74,60.30287332,Advanced
80,77,1,8,87,56.22244684,Professional
63,79,9,6,84,84.86903692,Beginner
52,82,9,7,94,48.11619012,Beginner
24,64,4,1,90,67.27039352,Advanced
34,64,11,2,92,77.70722279,Advanced
78,100,9,2,61,133.2603389,Intermediate
70,100,9,6,74,95.92213749,Intermediate
76,69,3,2,75,88.7262055,Beginner
59,96,2,4,77,100.6653384,Intermediate
33,75,18,6,93,94.50466692,Beginner
75,65,5,4,78,116.30527,Professional
74,50,0,11,68,108.0167706,Professional
32,70,8,2,80,91.71218029,Advanced
51,91,3,5,82,79.25496428,Intermediate
43,59,11,9,73,46.03385179,Professional
31,75,5,10,73,51.04415106,Advanced
70,72,9,8,85,98.1677144,Beginner
46,92,2,7,93,51.81984814,Intermediate
20,62,1,0,89,96.77649185,Advanced
68,99,7,5,75,94.23703071,Intermediate
83,69,6,11,86,98.56885075,Beginner
28,73,6,3,79,95.12753739,Advanced
57,74,10,7,90,75.68522279,Beginner
67,85,0,5,65,47.50400862,Intermediate
59,98,8,8,88,61.52262925,Intermediate
65,99,9,7,81,87.85582097,Intermediate
61,74,8,4,83,84.67217892,Beginner
81,92,1,10,89,71.38070863,Beginner
62,75,6,3,83,70.18081775,Beginner
73,96,10,4,75,72.13928172,Intermediate
27,70,9,0,89,81.8908054,Advanced
81,55,0,9,69,115.472804,Professional
74,75,1,9,68,115.1584993,Professional
26,65,5,1,88,82.40070332,Advanced
55,81,11,8,91,71.25188508,Beginner
63,58,5,8,73,84.72199224,Professional
56,75,11,5,74,56.74101778,Professional
47,98,18,0,77,55.44370639,Professional
76,69,3,3,79,121.6759245,Professional
43,80,16,4,71,94.68816719,Advanced
69,62,3,9,70,88.62377698,Professional
65,50,4,10,73,94.82467067,Professional
61,100,9,7,81,92.58798246,Intermediate
78,68,3,10,90,60.99264822,Beginner
63,77,8,3,74,82.98615385,Professional
78,77,0,6,85,49.62836876,Beginner
36,75,16,6,76,57.97369718,Professional
26,70,5,3,85,64.76732295,Advanced
70,95,11,4,77,66.06983543,Intermediate
40,96,2,12,98,85.21125228,Intermediate
65,66,3,9,70,92.24853368,Professional
61,86,7,4,74,78.84818514,Professional
56,95,6,6,88,46.65457287,Intermediate
69,70,4,8,68,78.02958817,Professional
46,79,16,6,88,97.49471332,Beginner
62,83,11,2,76,71.02748087,Professional
60,81,9,5,72,64.6431828,Professional
52,72,9,8,71,52.49279226,Professional
55,59,9,9,70,56.15820553,Professional
60,79,4,4,86,45.25355378,Beginner
36,77,6,10,64,91.08391992,Advanced
62,83,12,1,79,75.79082388,Professional
80,85,10,0,80,100.7096859,Professional
66,79,10,10,90,85.18978106,Beginner
84,69,1,5,81,54.60325754,Beginner
38,75,9,9,70,62.59054293,Advanced
52,61,14,1,79,118.8804255,Beginner
73,70,8,12,92,85.46033244,Beginner
69,53,6,9,69,80.46605637,Professional
28,76,4,9,72,67.84159059,Advanced
66,100,9,7,80,82.83705133,Intermediate
56,85,6,6,71,77.76416651,Professional
42,91,1,7,92,81.33942826,Intermediate
69,100,7,3,72,92.33150291,Intermediate
58,84,15,2,75,52.76240244,Professional
45,86,12,6,93,56.27623326,Beginner
65,74,7,4,82,80.89759045,Beginner
59,93,3,3,81,54.66776066,Intermediate
53,71,13,5,82,110.1332697,Beginner
68,84,2,8,92,62.87417656,Beginner
25,65,3,3,85,60.2590863,Advanced
76,66,3,8,69,101.3383686,Professional
65,66,7,7,73,81.03370178,Professional
82,85,4,7,87,79.73333067,Intermediate
75,72,1,7,69,100.6905257,Professional
59,76,11,6,71,49.92246251,Professional
35,69,9,3,80,78.63935682,Advanced
27,80,9,3,79,96.53146279,Advanced
73,50,0,10,71,106.3150335,Professional
63,84,8,7,86,72.90947996,Beginner
60,93,1,3,79,73.07658922,Beginner
60,65,10,8,71,61.13485501,Professional
61,100,10,10,88,70.23634216,Intermediate
64,76,3,6,88,47.4559957,Beginner
69,96,5,0,72,58.96331759,Intermediate
44,96,0,10,91,103.3300938,Intermediate
68,70,5,7,72,90.94424719,Professional
86,76,1,8,85,45.81253128,Beginner
55,95,4,8,84,111.4198521,Intermediate
74,78,0,6,71,107.6715142,Professional
60,98,7,9,83,113.9790853,Intermediate
51,84,6,1,82,55.05741949,Beginner
68,95,9,2,76,56.61606325,Intermediate
67,70,5,6,73,90.81585077,Professional
48,92,4,11,95,77.40002138,Intermediate
71,79,7,4,75,94.19912445,Professional
44,65,12,6,71,78.95834604,Advanced
61,80,10,2,79,87.5177327,Professional
27,82,2,12,62,96.65586475,Advanced
60,90,10,11,91,72.24934949,Intermediate
58,73,11,0,82,79.73350701,Professional
74,99,5,0,66,72.726838,Intermediate
34,78,3,13,58,101.4337407,Advanced
60,96,14,13,98,49.56502975,Intermediate
66,97,13,10,88,65.49142269,Intermediate
64,100,14,14,88,117.1125991,Intermediate
43,76,16,4,78,53.90171913,Advanced
25,68,0,8,73,101.4297975,Advanced
58,71,8,0,75,93.59037303,Beginner
80,99,14,4,73,61.97982685,Intermediate
59,85,16,15,55,101.8721017,Advanced
24,61,2,0,90,77.87254279,Advanced
79,77,3,11,91,54.46709762,Beginner
71,62,5,6,74,99.20888605,Professional
70,90,12,5,67,55.94323287,Professional
51,88,10,4,86,60.78521948,Beginner
74,98,5,2,62,79.78640169,Intermediate
82,81,2,7,87,68.35575543,Beginner
74,79,2,5,82,63.84350195,Beginner
63,69,13,8,86,112.7065136,Beginner
82,74,3,10,87,73.39708732,Beginner
20,61,4,2,99,54.76935008,Advanced
26,75,5,5,77,88.78954636,Advanced
81,100,9,1,62,98.32025706,Intermediate
78,66,5,4,76,114.0208087,Professional
81,65,4,6,72,110.031542,Professional
60,91,5,6,83,75.25328307,Advanced
71,57,4,8,72,97.62894916,Professional
71,72,10,9,86,100.3304273,Beginner
50,85,16,11,58,91.80907772,Advanced
64,58,3,8,73,87.64907003,Professional
51,88,0,0,77,61.50108908,Intermediate
59,66,8,0,76,99.06189485,Beginner
73,73,5,4,76,107.8035482,Professional
77,82,8,1,77,98.41847023,Professional
67,78,9,4,75,81.6278187,Professional
76,76,4,6,82,79.69911493,Intermediate
77,100,17,10,83,62.38227511,Intermediate
73,77,11,1,78,91.34690275,Professional
28,70,5,3,78,112.8676245,Advanced
80,100,11,3,62,125.2630365,Intermediate
57,98,5,6,82,80.82686903,Intermediate
39,74,12,4,77,67.01120042,Advanced
69,71,6,4,77,99.52377122,Professional
59,100,5,7,80,104.2622821,Intermediate
21,78,1,8,71,113.6543466,Advanced
68,92,16,2,82,74.19588996,Professional
71,98,9,5,73,113.7782553,Intermediate
84,100,11,1,59,76.5330617,Intermediate
49,73,18,2,80,48.07236854,Professional
28,66,1,5,76,102.243427,Advanced
10,62,5,3,88,91.46546464,Advanced
21,62,1,1,89,83.39080505,Advanced
63,61,15,2,80,66.29207592,Professional
63,82,10,10,91,74.07025717,Beginner
50,92,0,4,85,59.28507372,Intermediate
62,94,11,11,91,75.33720819,Intermediate
63,61,5,10,69,72.54636424,Professional
25,75,1,11,65,108.1285179,Advanced
68,79,10,2,75,78.49472975,Professional
55,89,0,1,80,49.19366038,Intermediate
28,70,3,7,76,74.24856415,Advanced
60,75,17,1,78,45.57732948,Professional
52,93,3,7,88,72.67308717,Intermediate
70,94,3,0,65,89.63430347,Intermediate
33,83,11,4,70,130.90477,Advanced
63,90,9,7,89,50.60402007,Intermediate
55,74,7,6,76,85.81081795,Professional
73,85,7,2,74,89.16810497,Professional
58,84,18,0,82,61.77707269,Professional
37,79,5,12,59,109.8745861,Advanced
45,66,16,1,87,52.71848591,Advanced
69,94,11,7,82,67.16796955,Intermediate
66,95,5,3,78,61.205206,Intermediate
65,98,0,0,62,128.7985523,Intermediate
64,85,12,1,77,73.80163272,Professional
39,66,9,5,78,56.92607804,Advanced
56,74,17,12,94,110.9867057,Beginner
38,74,15,0,81,102.1850717,Advanced
73,97,16,12,84,110.1513448,Intermediate
31,59,8,1,93,67.45026351,Advanced
73,88,3,13,98,62.52919884,Beginner
68,100,11,10,81,117.9845647,Intermediate
71,57,16,10,83,160.6238691,Beginner
29,76,2,11,64,100.5542407,Advanced
57,87,15,2,75,49.73688488,Advanced
60,71,10,6,87,89.39298261,Beginner
40,75,10,6,70,96.70119315,Advanced
62,83,15,14,97,97.73473933,Beginner
65,95,7,6,81,76.52265064,Intermediate
56,67,3,11,68,79.95213937,Professional
71,98,9,3,72,79.60782573,Intermediate
62,65,9,1,70,119.8160443,Beginner
80,97,13,6,78,66.1983473,Intermediate
19,64,5,4,98,88.60604249,Advanced
27,59,6,1,96,54.44966697,Advanced
74,100,6,1,62,113.9577426,Intermediate
68,64,14,4,74,58.61878424,Professional
66,75,10,11,94,75.71338835,Beginner
20,72,4,2,86,87.97382248,Advanced
69,66,8,4,78,107.0458973,Beginner
17,61,0,1,91,78.07554358,Advanced
62,85,13,2,77,71.86388974,Professional
89,65,3,2,74,66.23236326,Beginner
42,91,11,19,100,68.73075717,Intermediate
64,100,3,4,74,106.8092543,Intermediate
69,86,6,10,92,53.22708691,Beginner
39,62,5,4,82,56.10635652,Advanced
54,93,10,9,94,49.97545838,Intermediate
30,63,7,0,90,68.540279,Advanced
61,56,9,0,77,108.8729106,Beginner
76,50,3,9,73,141.2207097,Professional
80,59,2,6,73,114.8807909,Professional
64,93,9,8,83,98.85736181,Intermediate
77,80,18,3,84,87.47422676,Professional
59,77,13,6,71,52.07432031,Professional
71,98,7,3,73,79.85814737,Intermediate
59,80,5,4,78,97.7475105,Professional
35,73,5,9,68,95.01789314,Advanced
36,76,9,9,65,89.90628399,Advanced
62,100,0,8,96,109.6205467,Beginner
58,70,7,6,77,84.36439029,Professional
61,74,10,4,75,70.54541084,Professional
65,70,10,4,79,111.2840743,Beginner
45,94,13,4,72,53.12109615,Professional
60,75,8,3,80,86.61201176,Beginner
59,100,16,0,77,52.17274884,Professional
69,100,4,2,68,106.366463,Intermediate
52,91,8,10,98,50.49164367,Intermediate
64,55,5,7,78,107.1767631,Professional
60,72,10,6,72,60.76191589,Professional
57,98,10,13,94,85.21862789,Intermediate
49,69,15,6,73,57.11011821,Professional
84,61,1,8,67,106.6708595,Professional
67,75,8,7,85,85.14199212,Beginner
61,68,6,5,78,93.11737299,Professional
61,84,15,1,79,62.9121687,Professional
70,98,8,6,75,104.0325113,Intermediate
14,60,0,1,96,88.24770658,Advanced
69,69,7,6,83,89.60296141,Beginner
73,73,5,9,90,61.86867833,Beginner
94,100,11,1,55,181.1951614,Intermediate
39,80,8,12,61,82.4332472,Advanced
63,95,6,5,80,74.52406728,Intermediate
51,95,7,9,91,64.01075732,Intermediate
51,95,4,9,91,70.28645772,Intermediate
60,99,5,8,80,122.1514186,Intermediate
59,92,6,4,85,53.53343495,Intermediate
77,76,0,8,66,100.6266086,Professional
46,76,15,9,98,72.29772739,Beginner
47,63,14,2,82,52.86591606,Advanced
26,64,4,2,86,78.47138161,Advanced
76,73,6,3,77,104.9187227,Professional
57,74,8,1,79,81.24075398,Beginner
19,64,0,3,89,59.13700798,Advanced
74,75,4,10,93,50.65222086,Beginner
49,65,7,3,77,72.11965864,Beginner
55,93,6,8,90,64.39773968,Intermediate
64,66,6,7,73,86.31260522,Professional
25,63,7,3,96,84.65443226,Advanced
28,69,12,3,95,79.22833087,Advanced
46,75,15,6,92,83.18826492,Beginner
54,70,10,5,79,78.36918973,Professional
50,80,18,7,68,60.75001402,Advanced
70,65,9,7,84,102.1716634,Beginner
40,74,12,5,76,67.17207254,Advanced
75,100,6,1,62,114.5736421,Intermediate
74,66,5,4,78,93.9271426,Beginner
58,89,11,11,98,58.32141025,Intermediate
68,66,13,11,91,108.9883834,Beginner
72,80,6,8,84,82.66815704,Beginner
57,80,15,2,77,64.60892613,Professional
74,85,5,12,93,51.05036973,Beginner
40,73,10,7,70,90.21017631,Advanced
58,71,8,3,83,79.19848679,Beginner
58,63,11,3,83,103.1340317,Beginner
40,76,11,7,72,71.20212076,Advanced
92,73,7,2,73,110.4501208,Professional
37,70,16,3,91,77.82773884,Advanced
59,62,7,10,68,60.22703714,Professional
80,70,8,6,76,127.8750049,Beginner
33,82,8,8,65,109.0618616,Advanced
29,85,11,4,75,93.75726963,Advanced
72,79,4,4,74,98.94984234,Professional
64,71,6,8,68,66.25790769,Professional
88,69,2,6,68,106.9588606,Professional
59,97,19,1,79,50.73351911,Professional
33,80,9,6,69,121.2092502,Advanced
77,64,7,3,77,99.83136743,Professional
34,73,9,5,78,57.37592784,Advanced
64,69,9,3,79,102.137875,Beginner
53,96,0,5,81,90.23996391,Intermediate
68,76,6,8,89,67.02059236,Beginner
52,68,8,1,84,66.59251654,Beginner
69,73,11,6,80,117.4322337,Beginner
72,55,2,8,73,106.4587084,Professional
38,65,7,8,70,89.59649677,Advanced
50,97,1,6,84,93.39824522,Intermediate
39,85,8,13,55,103.4849337,Advanced
13,58,1,3,86,81.10822982,Advanced
66,50,5,15,64,103.1132292,Professional
41,71,9,7,69,94.51145415,Advanced
39,80,13,5,70,100.8921524,Advanced
37,85,10,9,61,123.9089721,Advanced
38,66,8,5,75,91.29564443,Advanced
84,100,11,0,60,99.17538865,Intermediate
63,95,8,7,82,83.95406525,Intermediate
42,67,15,1,84,96.01665366,Beginner
33,76,10,2,78,99.07128009,Advanced
71,99,15,12,86,81.88925007,Intermediate
52,97,7,11,94,74.93039175,Intermediate
34,81,11,6,73,80.4340727,Advanced
78,58,1,8,70,107.9666723,Professional
39,72,8,6,69,108.2242583,Advanced
78,69,2,4,81,66.55590002,Beginner
68,67,14,13,95,100.1358904,Beginner
31,73,7,6,78,57.01727346,Advanced
55,78,8,6,73,70.20189764,Professional
62,82,7,7,68,66.10357069,Professional
59,73,12,5,85,90.94398922,Beginner
70,73,3,4,77,106.7454155,Professional
69,90,16,0,76,62.52404853,Professional
71,75,2,5,85,50.98925615,Beginner
27,61,6,0,94,52.12513634,Advanced
65,79,10,7,85,91.99525177,Beginner
64,79,1,8,70,96.42504696,Professional
62,83,1,2,84,64.08912318,Beginner
76,67,1,3,78,73.14895873,Beginner
68,86,3,8,90,52.40848324,Beginner
42,70,15,1,83,64.33698036,Advanced
51,86,13,4,74,48.68404615,Professional
43,80,9,14,59,63.3000282,Advanced
62,92,15,12,97,50.56581679,Intermediate
65,80,0,2,83,58.36549896,Beginner
27,71,4,6,76,94.41551792,Advanced
21,68,4,0,91,70.25983408,Advanced
73,54,3,11,66,84.66696342,Professional
79,61,5,4,74,112.4382678,Professional
68,64,7,6,74,88.4883677,Professional
32,67,6,5,80,61.65151472,Advanced
79,100,14,7,73,92.764575,Intermediate
72,94,5,1,70,73.62045887,Intermediate
48,92,14,3,74,50.30741035,Professional
44,71,14,2,78,82.05966216,Advanced
56,59,6,9,72,72.77090429,Professional
46,92,4,11,97,67.64434315,Intermediate
56,95,1,4,81,74.90736044,Intermediate
71,63,5,2,76,98.70665,Beginner
70,69,14,8,81,140.0955792,Beginner
89,64,5,9,80,115.2552383,Beginner
36,69,6,6,71,111.4485625,Advanced
69,76,4,4,82,67.23120479,Beginner
68,65,8,4,77,92.09605913,Professional
43,75,15,3,81,49.84129571,Advanced
59,73,14,2,79,66.66850958,Professional
51,63,17,4,83,129.5519514,Beginner
60,59,6,9,70,72.23056483,Professional
37,72,7,7,72,81.80944832,Advanced
75,70,2,8,68,97.90830753,Professional
72,70,2,0,74,76.54210413,Advanced
53,94,20,0,78,51.92227088,Professional
87,60,5,4,72,130.4682333,Beginner
61,97,1,1,71,99.42189508,Intermediate
47,69,14,5,74,70.04922098,Advanced
53,74,13,3,79,64.2463964,Professional
30,70,6,4,79,86.42175941,Advanced
54,74,11,1,80,95.81299628,Beginner
55,97,8,13,95,74.02410558,Intermediate
51,97,6,11,95,69.27622813,Intermediate
76,100,14,8,80,60.99476048,Intermediate
62,79,8,8,92,56.13350141,Beginner
68,99,7,3,75,76.00793443,Intermediate
27,74,5,4,78,89.37319381,Advanced
55,62,9,0,74,110.1265684,Beginner
65,89,11,2,74,72.18800736,Professional
62,67,7,8,72,79.61077138,Professional
56,87,2,1,83,60.90130804,Beginner
57,73,9,5,75,65.20226654,Professional
32,83,6,10,64,96.44738045,Advanced
10,59,4,1,97,93.67168587,Advanced
72,72,0,3,81,45.29177902,Beginner
60,60,9,1,72,116.9834073,Beginner
58,91,6,6,87,49.67947529,Intermediate
80,100,4,3,55,110.2886002,Intermediate
28,74,7,3,79,104.0204216,Advanced
66,64,4,9,69,85.11026252,Professional
53,94,1,3,80,74.41875236,Intermediate
53,72,16,9,93,99.93606608,Beginner
67,77,11,4,73,71.39440367,Professional
78,51,8,5,76,100.0257327,Professional
43,78,19,0,82,79.60450374,Advanced
22,80,0,10,67,102.5169654,Advanced
58,91,2,2,79,69.74105143,Intermediate
64,75,13,3,76,66.2659146,Professional
67,89,6,2,78,47.60650605,Intermediate
27,65,6,2,79,108.2039781,Advanced
53,63,11,6,77,68.5117589,Professional
35,80,13,3,76,93.78468268,Advanced
80,78,4,1,76,53.43735179,Beginner
19,70,5,1,92,85.42309021,Advanced
65,94,3,0,72,69.95244239,Intermediate
95,62,3,6,69,118.5917862,Professional
37,67,5,8,71,87.21551558,Advanced
77,80,10,4,69,74.08828186,Professional
73,71,6,7,84,84.14419196,Beginner
70,93,8,1,77,61.44999804,Intermediate
65,72,1,10,65,83.01122621,Advanced
55,91,9,12,97,55.17988359,Intermediate
73,100,10,7,72,120.3425942,Intermediate
51,99,4,11,88,122.9132828,Intermediate
63,64,9,1,75,111.3303334,Beginner
70,60,4,2,78,86.72433448,Beginner
72,82,3,9,90,46.27711662,Beginner
69,72,4,5,84,62.67622771,Beginner
73,66,11,11,90,102.8892459,Beginner
66,92,9,6,84,48.29334254,Intermediate
35,76,7,8,69,96.30501339,Advanced
27,62,7,1,94,73.24821033,Advanced
65,100,7,4,76,80.69265599,Intermediate
59,75,11,5,73,61.50556341,Professional
52,66,18,9,92,114.798673,Beginner
59,76,12,4,77,72.83844953,Professional
36,76,11,3,76,94.73255074,Advanced
74,78,7,3,76,102.7090861,Professional
53,85,14,14,55,97.18269383,Advanced
77,100,10,3,69,90.56044631,Intermediate
56,81,19,8,59,109.8057022,Advanced
44,94,4,12,97,88.22811473,Intermediate
31,73,5,5,73,104.9298089,Advanced
61,74,10,5,73,59.13865377,Professional
60,95,7,8,84,95.93849609,Intermediate
35,88,14,9,61,104.1106178,Advanced
57,100,4,7,79,119.7098848,Intermediate
60,68,7,9,68,61.0710109,Professional
92,61,0,7,68,123.0911154,Professional
58,72,9,1,78,99.05045673,Beginner
74,100,6,1,66,93.64548811,Intermediate
72,67,5,2,76,95.20316014,Beginner
53,79,10,10,99,48.27893178,Beginner
50,86,4,5,92,55.47840466,Intermediate
20,63,0,5,81,80.32182992,Advanced
68,94,11,5,82,47.80180361,Intermediate
59,70,8,1,79,90.3990028,Beginner
29,71,2,9,72,75.36098458,Advanced
20,63,3,7,79,77.73067215,Advanced
63,65,5,8,73,91.86988196,Professional
85,72,1,9,87,59.48924905,Beginner
72,99,7,2,68,103.2929029,Intermediate
63,100,9,10,82,117.7642223,Intermediate
56,69,13,4,82,114.603542,Beginner
81,75,9,2,74,88.7427117,Professional
44,88,7,14,100,56.73483609,Intermediate
60,90,8,4,72,71.73084056,Professional
66,100,11,12,87,99.79943926,Intermediate
49,84,9,4,89,53.05149401,Beginner
55,97,6,8,85,80.74149935,Intermediate
72,65,1,8,72,110.2588605,Professional
59,78,14,2,78,62.46272314,Professional
59,64,6,4,70,93.82656598,Beginner
61,95,10,9,90,48.07094277,Intermediate
82,100,11,2,66,77.68172794,Intermediate
78,79,5,12,91,66.4151867,Beginner
36,78,7,11,66,74.82775231,Advanced
49,90,3,6,94,66.35398156,Intermediate
53,99,8,12,93,86.39606205,Intermediate
65,92,8,5,82,52.36194058,Intermediate
58,83,15,4,70,51.38846273,Professional
29,73,5,5,75,92.67457572,Advanced
48,100,1,6,74,172.8980027,Intermediate
75,59,0,10,67,103.5182827,Professional
79,75,2,10,90,49.56976062,Beginner
78,71,0,1,73,74.93272167,Beginner
76,75,4,9,88,65.59287891,Beginner
67,77,6,7,87,68.46964538,Beginner
69,69,7,3,76,102.8988456,Beginner
82,79,6,1,78,111.328985,Advanced
49,66,10,0,82,83.61284196,Beginner
68,70,3,3,79,72.36519155,Beginner
56,96,5,7,84,84.34880306,Intermediate
55,68,14,2,84,77.10763375,Professional
77,100,10,2,67,82.4567607,Intermediate
72,86,4,4,72,91.0633012,Professional
68,73,6,3,80,85.86063403,Beginner
71,90,10,6,79,78.14057993,Intermediate
56,73,12,5,85,97.74654027,Beginner
54,97,4,8,87,80.71199299,Intermediate
49,69,13,6,70,77.31900152,Advanced
56,77,19,8,66,54.97212896,Advanced
26,76,1,11,69,69.49637794,Advanced
42,80,11,12,57,97.84506579,Advanced
66,67,8,0,72,116.0210027,Beginner
62,88,2,6,92,74.94793485,Beginner
73,61,15,8,80,154.831557,Beginner
76,96,10,4,75,55.99501108,Intermediate
34,80,2,15,55,108.5102649,Professional
83,100,6,2,56,86.17053568,Intermediate
64,80,16,15,96,106.427197,Beginner
75,74,8,4,73,91.76434447,Professional
12,72,1,4,84,91.35085436,Advanced
63,93,8,5,83,49.39143096,Intermediate
60,74,7,3,82,75.37346236,Beginner
89,99,10,3,55,80.29560369,Intermediate
31,65,6,3,83,76.93572652,Advanced
56,70,10,6,90,72.758945,Beginner
63,82,4,5,86,48.85699821,Beginner
66,99,15,14,92,84.77537706,Intermediate
71,98,7,6,73,116.2549262,Intermediate
58,97,4,6,79,99.9058898,Intermediate
58,68,4,8,72,78.59460365,Professional
62,72,9,6,87,78.48661714,Beginner
57,100,5,8,82,104.243512,Intermediate
18,65,1,4,84,88.45675206,Advanced
78,79,5,9,84,80.77770123,Beginner
54,93,5,7,85,95.91654709,Intermediate
45,100,0,10,88,129.7078905,Intermediate
47,74,12,9,63,101.8906747,Advanced
63,70,8,5,86,71.91575676,Beginner
52,78,16,5,73,50.35163787,Professional
51,94,5,11,95,77.02524337,Intermediate
44,69,13,5,78,52.68369557,Advanced
75,66,0,8,71,113.4405938,Professional
69,74,8,8,86,87.45306901,Beginner
69,98,11,8,78,102.9670155,Intermediate
64,99,10,8,81,103.3428755,Intermediate
54,68,11,1,79,101.9503737,Beginner
70,83,10,3,74,77.34799164,Professional
55,76,13,8,90,88.27751484,Beginner
62,78,11,7,86,94.5526991,Beginner
56,69,12,3,81,104.5162771,Beginner
65,70,10,8,88,87.94984907,Beginner
34,66,11,0,90,67.14431891,Advanced
65,73,9,8,90,73.27478498,Beginner
61,58,1,13,66,94.36525622,Professional
80,92,9,0,65,77.58739612,Intermediate
80,73,4,2,69,52.83208625,Beginner
73,84,4,11,92,46.92310499,Beginner
20,64,3,0,93,75.80249091,Advanced
66,93,4,1,71,51.10837341,Intermediate
61,93,7,6,83,64.90291949,Intermediate
58,68,6,4,85,63.30671111,Beginner
63,73,13,11,93,95.17025119,Beginner
29,80,7,6,72,101.4611251,Advanced
50,78,8,3,87,52.04111118,Beginner
58,79,6,4,86,52.47990869,Beginner
67,66,9,6,73,78.37903331,Professional
91,72,9,1,74,60.29901008,Beginner
71,78,4,6,83,71.49428228,Beginner
57,94,16,1,76,45.78019661,Professional
85,68,1,6,82,54.00507255,Beginner
67,67,12,7,85,107.3997188,Beginner
57,92,13,0,80,68.15023001,Professional
36,68,10,4,83,48.70442401,Advanced
79,71,0,2,74,79.35537571,Beginner
54,67,12,2,81,101.7106222,Intermediate
58,91,2,3,76,95.84655275,Intermediate
24,71,6,1,86,92.14211903,Advanced
38,61,9,1,85,63.09462868,Advanced
76,92,5,3,64,56.36739321,Intermediate
45,100,6,14,100,53.77443465,Intermediate
54,66,4,10,71,78.80777973,Professional
55,65,4,12,66,65.88670588,Professional
50,78,15,8,63,88.52823106,Advanced
33,63,8,1,86,76.62077035,Advanced
59,95,5,7,84,86.75960237,Intermediate
51,86,12,8,92,69.68679762,Beginner
69,89,11,1,75,73.75413958,Professional
40,81,10,10,64,78.52868826,Advanced
60,90,6,4,82,61.98515221,Intermediate
81,78,3,3,79,53.89844061,Beginner
80,72,4,5,78,94.60497342,Beginner
30,81,3,13,61,91.46580001,Advanced
67,97,5,7,78,99.84207494,Professional
62,96,10,9,86,86.49785902,Intermediate
26,69,1,5,81,80.33231308,Advanced
55,83,11,2,80,78.19958736,Professional
61,68,9,1,77,102.0279127,Beginner
60,87,20,10,55,96.90254568,Advanced
68,92,10,5,81,47.2572923,Intermediate
39,74,13,3,79,59.76056436,Advanced
73,77,3,10,94,53.71229111,Beginner
72,60,10,5,75,83.80531684,Intermediate
59,88,20,11,55,100.6212062,Advanced
64,64,9,5,76,81.59918112,Professional
56,62,10,2,83,89.22428233,Beginner
79,77,6,7,68,82.14417237,Professional
22,71,1,5,78,93.86875714,Advanced
68,99,11,10,82,96.75069572,Intermediate
72,64,10,7,83,116.9257701,Beginner
76,61,7,4,78,106.2714089,Professional
15,71,1,6,82,66.80498759,Advanced
68,98,5,2,69,98.70368126,Intermediate
60,55,10,7,75,83.44772878,Professional
62,73,12,6,84,106.287402,Beginner
73,68,1,2,80,56.78887097,Beginner
63,91,10,14,98,53.70497645,Beginner
62,68,6,8,70,76.80228773,Professional
59,85,6,5,90,72.58461415,Intermediate
62,98,7,7,82,81.01210725,Intermediate
45,81,10,13,56,95.2997276,Advanced
11,55,5,1,96,72.40791845,Advanced
36,79,7,11,65,76.19349991,Advanced
52,100,5,11,92,76.14112442,Intermediate
60,92,15,1,84,76.70978544,Intermediate
67,72,7,4,83,80.42900263,Beginner
85,100,11,1,63,88.06430996,Intermediate
44,83,15,8,64,87.19563422,Advanced
63,76,7,4,83,77.38097076,Beginner
28,59,2,2,84,89.9371459,Advanced
19,72,2,14,64,88.97607799,Advanced
73,64,5,3,78,94.76912976,Beginner
55,94,1,4,81,74.1863516,Intermediate
72,64,2,4,84,61.85596757,Beginner
80,96,7,1,61,88.14117602,Intermediate
75,62,2,1,76,82.83943172,Beginner
80,62,8,9,82,115.838592,Beginner
64,63,12,3,77,134.3615516,Beginner
64,61,4,9,69,83.90727344,Professional
39,67,14,1,85,97.10195297,Advanced
44,80,11,2,87,61.93644265,Beginner
62,67,8,3,80,89.85269309,Professional
61,73,13,10,91,94.15159035,Beginner
45,75,14,6,70,87.13555903,Advanced
77,97,7,1,68,73.18745181,Intermediate
75,98,11,6,75,90.70290032,Intermediate
90,96,16,4,63,112.6268508,Intermediate
46,89,14,12,55,115.1644823,Advanced
68,76,6,10,94,49.18598438,Beginner
41,70,13,3,81,54.27547219,Advanced
36,75,14,2,89,84.15815323,Advanced
10,62,7,3,90,93.87575569,Advanced
44,91,18,7,64,88.50350064,Advanced
60,79,12,3,75,63.43817768,Professional
35,71,8,4,76,91.96187979,Advanced
69,92,5,3,73,88.75609233,Professional
69,60,7,1,76,105.2659389,Beginner
37,74,10,6,73,88.57164839,Advanced
65,79,13,2,77,71.81756448,Professional
78,75,2,4,83,58.31971005,Beginner
43,73,11,7,68,103.1461312,Advanced
69,97,6,3,73,81.39748843,Intermediate
82,59,0,7,72,126.0993772,Professional
58,71,5,2,85,49.51361583,Beginner
31,70,7,4,81,61.38776007,Advanced
75,76,4,8,87,63.15982505,Beginner
65,100,8,6,76,95.42996767,Intermediate
69,65,7,2,65,129.2467548,Beginner
29,67,4,6,79,66.34151855,Advanced
57,91,3,5,80,94.04363531,Intermediate
54,88,5,6,91,49.88603696,Intermediate
65,69,12,5,84,106.4336568,Beginner
63,60,6,2,70,102.2264461,Beginner
37,75,9,6,74,71.46375518,Advanced
69,58,4,8,72,97.1546827,Beginner
62,80,10,4,74,68.30277755,Professional
67,68,4,9,68,78.59678034,Beginner
52,87,2,1,88,79.32897063,Beginner
88,98,9,3,56,67.18721881,Intermediate
72,81,11,0,80,96.34731141,Professional
69,67,10,5,72,72.31880333,Professional
17,67,1,1,90,77.25164202,Advanced
59,96,13,16,99,80.17780824,Intermediate
26,86,5,9,66,107.7188761,Advanced
62,80,4,7,94,64.32303336,Beginner
78,68,3,8,68,100.7083582,Professional
37,81,9,11,65,72.2686298,Advanced
71,67,7,8,87,81.1989855,Beginner
52,74,17,9,91,112.4561823,Beginner
42,82,17,4,74,65.92156768,Advanced
33,73,12,0,82,115.4596449,Advanced
64,64,3,0,80,61.21664719,Beginner
40,66,14,0,88,45.71968379,Advanced
64,100,6,7,75,129.2984473,Intermediate
66,72,9,3,79,92.76665619,Professional
34,82,9,7,67,117.8133771,Advanced
20,65,0,5,83,72.67537656,Advanced
66,70,10,6,72,70.45553352,Professional
66,73,4,5,74,93.22379564,Professional
64,66,13,5,74,63.08154913,Professional
58,95,5,6,84,67.48305724,Intermediate
57,93,4,6,86,52.96947543,Intermediate
80,76,3,6,78,89.60644963,Beginner
55,85,13,15,100,47.28939546,Beginner
64,75,9,7,69,67.40333797,Professional
52,96,7,12,96,74.7609605,Advanced
68,52,11,1,72,144.693136,Beginner
54,72,11,5,76,64.11291357,Professional
61,100,17,0,78,57.573186,Professional
35,73,6,8,70,94.37075145,Advanced
72,82,6,12,93,57.37198373,Beginner
26,62,3,3,88,54.29265857,Advanced
65,70,3,0,76,66.55065728,Beginner
25,67,0,9,75,69.55732029,Advanced
45,74,18,0,87,61.0042499,Professional
44,68,17,1,84,59.32768264,Advanced
60,72,6,7,71,72.59637879,Professional
82,69,1,1,70,95.83267074,Beginner
71,73,0,9,67,96.01945798,Professional
72,78,5,3,76,105.3895975,Professional
20,69,5,0,94,51.79978029,Advanced
32,81,10,7,74,68.34980789,Advanced
56,88,4,6,88,47.89100993,Intermediate
58,93,4,5,82,84.39998031,Intermediate
70,63,2,9,69,95.85556062,Professional
59,66,7,0,78,85.11214929,Beginner
58,91,6,6,90,63.69280333,Intermediate
61,74,9,6,72,69.43226749,Professional
62,100,18,20,100,92.96367138,Intermediate
70,66,8,9,88,88.24931026,Beginner
58,73,8,3,83,79.42448408,Beginner
52,83,16,2,78,50.58287945,Professional
61,67,8,4,80,98.8146966,Professional
67,90,10,3,77,49.52205267,Intermediate
63,83,17,0,78,56.10118656,Professional
66,76,10,9,89,88.31086958,Beginner
28,76,4,8,73,86.45401064,Advanced
70,76,3,7,70,96.64970651,Professional
71,77,2,5,83,61.16657312,Beginner
79,76,13,1,75,78.97886526,Professional
68,74,0,8,69,97.18700277,Professional
68,82,4,5,72,100.1454989,Professional
56,81,20,7,65,78.1277625,Advanced
94,76,1,3,72,133.0495016,Professional
68,73,5,7,70,82.22018518,Professional
75,51,10,4,76,139.1195976,Beginner
38,79,9,9,66,89.1589297,Advanced
61,100,14,15,93,101.1367892,Intermediate
39,72,12,4,79,63.84229238,Advanced
66,92,8,4,78,71.80607224,Intermediate
34,80,7,9,66,100.4599291,Advanced
32,81,4,11,61,109.9096331,Advanced
64,79,1,5,89,68.74534666,Beginner
84,65,2,0,71,69.25741727,Beginner
83,77,3,8,90,74.91351901,Beginner
54,87,13,4,75,58.68446016,Professional
68,75,3,7,71,99.21451405,Professional
59,99,9,11,89,82.71733599,Intermediate
22,57,2,0,97,55.47921745,Advanced
40,71,14,1,82,74.06022609,Advanced
73,81,4,9,90,48.93743853,Beginner
55,94,8,11,91,89.72058937,Intermediate
58,96,7,11,85,137.4381333,Intermediate
70,85,9,3,73,79.643571,Professional
71,73,6,4,75,94.15542477,Professional
29,70,6,4,82,63.94501305,Advanced
64,95,11,8,91,63.66588473,Intermediate
87,68,6,3,73,109.1722404,Professional
52,70,14,5,88,93.18384208,Beginner
70,69,7,10,92,66.5255002,Beginner
67,74,10,11,93,82.76842923,Advanced
74,98,9,3,71,79.21728568,Intermediate
53,71,15,3,80,57.81444034,Professional
63,78,10,12,97,64.45416512,Beginner
60,80,13,2,77,67.41246586,Professional
51,87,13,17,55,63.53569192,Advanced
69,75,5,6,71,91.92306969,Professional
69,71,10,5,73,71.53757552,Professional
72,60,3,12,66,111.9288924,Professional
78,65,8,7,80,116.0638274,Beginner
81,96,15,9,76,103.5304051,Intermediate
45,77,12,9,66,74.96862956,Advanced
21,70,0,7,78,83.83865243,Advanced
54,66,10,6,78,80.42237686,Professional
42,70,10,3,79,80.40334867,Advanced
67,77,5,7,89,49.45871804,Beginner
62,81,9,8,90,69.67337753,Beginner
32,74,3,10,68,85.01810382,Advanced
86,56,2,8,71,129.6564135,Professional
67,95,1,2,64,88.1087472,Intermediate
53,74,17,11,95,102.4295185,Beginner
77,96,8,0,63,91.77410227,Intermediate
40,80,9,9,61,121.0882849,Advanced
68,64,6,4,80,103.1261273,Professional
49,75,10,0,79,81.40617904,Beginner
49,83,20,4,70,90.51720209,Advanced
64,82,6,6,69,71.1618478,Professional
37,63,7,5,78,74.9333234,Intermediate
35,68,5,8,73,74.37544832,Advanced
27,67,5,2,87,62.49360834,Advanced
73,96,3,0,65,87.95872927,Advanced
69,100,5,0,70,62.89595911,Intermediate
63,77,12,13,97,78.77405575,Beginner
42,67,12,1,79,98.81063584,Advanced
71,74,6,6,69,81.90802186,Professional
77,98,9,3,68,92.78686549,Intermediate
77,92,5,6,57,63.37309884,Intermediate
58,77,5,8,70,76.25177872,Professional
50,92,1,4,85,63.08924728,Intermediate
54,74,15,7,87,112.2534869,Beginner
64,77,9,6,71,68.66581744,Professional
58,58,13,6,76,64.60144369,Professional
47,81,20,2,74,82.41766583,Advanced
59,73,10,6,73,66.93927552,Professional
49,88,11,6,71,48.2959286,Professional
62,81,7,6,87,63.3133575,Beginner
52,91,6,9,96,55.62657166,Intermediate
67,74,6,6,86,66.67108401,Beginner
55,69,14,5,76,51.92480485,Professional
66,99,14,12,89,80.17148867,Intermediate
33,71,8,5,80,58.62168773,Advanced
30,72,1,9,66,117.6019076,Advanced
41,92,3,12,100,64.79639355,Intermediate
25,57,6,2,100,68.22896208,Advanced
50,76,14,6,88,93.03285548,Beginner
80,98,9,1,69,64.66153433,Intermediate
35,65,6,5,77,87.46967035,Advanced
63,93,5,4,78,87.44350534,Intermediate
62,72,7,6,73,77.45894945,Beginner
71,69,13,4,74,67.67695695,Professional
39,70,8,6,72,87.97169466,Advanced
58,97,5,7,85,76.75190297,Intermediate
35,74,7,8,71,77.98606619,Advanced
41,63,12,1,87,49.88559342,Advanced
14,57,1,0,96,85.39468341,Advanced
68,88,5,1,76,46.88023838,Intermediate
74,52,0,12,67,106.537563,Professional
76,89,2,6,86,76.03422805,Beginner
62,100,4,6,74,127.5367613,Intermediate
56,66,13,4,85,101.2435789,Beginner
75,74,10,10,85,109.1324617,Beginner
57,83,14,4,74,56.1105139,Professional
26,69,1,8,75,72.56036346,Advanced
63,78,9,6,84,83.97323772,Beginner
19,71,3,5,80,85.79155912,Advanced
79,73,1,4,81,48.45835964,Beginner
76,100,11,3,74,46.94696597,Intermediate
56,100,10,12,93,66.90750602,Intermediate
64,76,8,6,86,74.05797325,Beginner
69,69,7,8,68,68.44195256,Professional
39,72,12,3,79,69.75050169,Advanced
32,71,10,1,85,61.27103527,Advanced
43,89,14,3,77,47.30557968,Professional
70,77,8,3,75,87.98595947,Professional
70,79,7,5,78,98.87537063,Beginner
38,71,12,2,81,71.87224129,Advanced
70,67,0,9,70,108.8666726,Professional
56,93,8,9,93,45.57849876,Intermediate
60,84,20,10,57,80.21473454,Advanced
45,70,13,5,76,53.40187213,Advanced
51,92,7,10,95,56.85968734,Intermediate
55,71,10,6,73,60.5420385,Professional
67,73,3,6,68,49.81302058,Beginner
47,75,13,7,65,98.36608953,Advanced
67,77,8,11,95,56.14328178,Beginner
73,84,7,9,89,68.00520907,Beginner
81,83,14,1,72,71.28680667,Professional
62,92,3,0,69,84.01393879,Intermediate
52,79,15,10,93,93.52812472,Beginner
50,81,11,6,90,66.06339435,Beginner
45,89,2,9,97,53.61312288,Intermediate
64,90,8,6,68,63.5767856,Professional
86,100,11,2,65,89.93132734,Intermediate
61,62,6,10,68,70.82501441,Professional
70,64,6,6,74,94.45100952,Professional
37,73,9,5,73,89.15754448,Advanced
48,79,11,4,86,76.24421902,Beginner
74,83,4,12,95,51.59126522,Beginner
69,81,6,6,83,75.05549396,Beginner
69,88,6,1,71,85.81192879,Intermediate
80,95,5,4,60,51.00747352,Intermediate
74,72,8,9,85,97.67369225,Beginner
56,94,10,12,96,50.52186786,Intermediate
33,80,6,10,65,91.24335279,Advanced
92,96,11,4,55,54.30622251,Intermediate
67,71,8,4,76,85.75528506,Professional
27,63,4,0,86,96.98685522,Advanced
70,74,4,5,84,62.72579879,Beginner
67,74,7,6,72,81.51857916,Professional
69,75,9,9,88,85.80721452,Beginner
70,89,3,15,100,84.90803054,Beginner
57,81,11,4,75,67.39717708,Professional
83,64,3,8,70,133.0692843,Professional
12,62,1,0,97,56.82171113,Advanced
16,61,2,3,88,73.54207915,Advanced
81,65,4,6,80,94.83633319,Beginner
56,79,10,6,87,74.54066201,Beginner
59,89,7,7,87,77.0794163,Intermediate
70,96,9,4,78,56.62402565,Intermediate
75,60,2,9,72,129.0145496,Professional
69,59,9,5,76,84.00639364,Intermediate
60,85,5,2,81,52.71256454,Beginner
50,75,10,2,84,77.30731981,Beginner
66,72,0,10,67,95.28434309,Beginner
71,62,9,2,77,115.0536564,Beginner
51,75,17,9,92,102.7789647,Beginner
73,98,6,0,66,85.53799107,Intermediate
76,75,5,8,84,81.29585791,Beginner
61,71,6,8,69,69.63196635,Professional
47,88,1,4,92,65.76365174,Intermediate
80,77,2,7,83,69.25302288,Beginner
56,94,3,6,82,102.5172659,Intermediate
71,97,11,8,74,142.910154,Intermediate
56,93,0,1,77,70.76111708,Intermediate
80,82,2,5,82,59.14354993,Beginner
55,85,20,6,66,71.90678263,Advanced
24,57,1,0,92,70.10471151,Advanced
73,99,10,3,72,70.77290767,Intermediate
40,79,14,4,73,101.848099,Advanced
61,100,9,9,89,50.37523087,Intermediate
75,82,4,9,88,57.30838397,Beginner
43,73,12,6,74,65.14454839,Advanced
58,96,10,10,88,91.38477312,Intermediate
52,65,18,6,87,129.2720369,Beginner
10,53,7,2,100,56.08636952,Advanced
34,80,12,4,75,88.43699652,Advanced
57,99,7,12,88,115.6665974,Intermediate
52,89,16,1,79,52.38025393,Professional
36,68,10,3,84,51.47370779,Advanced
22,72,0,7,77,80.995708,Advanced
23,77,4,5,77,98.38156477,Advanced
47,86,11,15,55,90.51926372,Advanced
68,74,5,4,81,75.84817906,Beginner
53,77,12,8,92,76.71031914,Beginner
75,100,9,4,67,119.1597907,Intermediate
87,97,7,4,55,120.8048316,Intermediate
55,78,9,7,94,48.92123522,Beginner
56,61,11,7,74,62.15387749,Professional
33,68,3,8,71,91.64206043,Advanced
44,77,15,5,74,71.59201204,Advanced
57,100,6,11,82,146.2431598,Intermediate
73,81,2,6,84,51.29166091,Beginner
21,65,1,1,85,108.5541132,Advanced
68,88,4,6,83,61.06133214,Beginner
65,64,10,3,79,110.6733709,Beginner
76,100,11,5,71,99.65733504,Intermediate
74,73,7,6,70,86.62098403,Professional
64,81,12,3,77,76.2902658,Professional
41,90,2,5,91,58.5600489,Intermediate
65,82,7,4,75,89.73079253,Professional
24,58,1,2,92,50.03591967,Advanced
23,65,1,8,77,72.51863824,Advanced
24,70,3,4,80,97.51983152,Advanced
57,85,15,1,80,67.93186357,Professional
48,74,12,9,65,79.68146208,Advanced
27,76,6,5,79,69.01936058,Advanced
56,98,5,7,88,61.30384653,Intermediate
38,84,8,13,59,81.98540991,Advanced
70,97,8,2,74,64.46575208,Intermediate
80,78,0,6,70,114.7727801,Professional
68,66,12,8,83,125.1584522,Beginner
29,69,6,3,81,86.30917748,Advanced
87,98,2,7,55,99.47816486,Intermediate
67,64,3,10,67,87.16321128,Professional
72,71,6,5,80,93.83383062,Beginner
58,60,8,9,72,75.31171624,Professional
26,70,0,7,73,100.893742,Advanced
15,81,1,7,78,67.64118944,Advanced
40,90,13,10,60,105.3363015,Advanced
64,56,3,11,69,84.62903142,Professional
69,70,7,8,66,69.49088564,Professional
65,59,10,1,75,124.2030585,Beginner
47,70,17,1,79,87.48028465,Advanced
90,56,5,6,70,107.502892,Professional
75,97,4,1,61,101.8743729,Intermediate
29,74,4,8,70,95.7205474,Advanced
24,62,1,2,85,92.5308857,Advanced
65,64,9,6,74,71.22172973,Professional
64,73,4,8,68,73.42906805,Professional
75,84,7,4,69,76.79647496,Professional
39,74,13,2,78,87.35362261,Advanced
68,94,15,11,87,87.44319399,Intermediate
81,95,10,1,64,65.83438564,Intermediate
65,67,12,8,88,103.6711086,Beginner
60,77,20,7,66,60.04617867,Advanced
58,84,3,2,86,64.28691868,Intermediate
76,51,1,12,66,106.3480197,Professional
83,96,11,3,72,60.05859857,Intermediate
32,66,3,7,75,81.89068724,Advanced
74,100,15,9,80,82.78965245,Intermediate
62,73,5,9,66,64.34156526,Professional
68,64,13,6,81,132.2185571,Beginner
82,74,6,12,89,82.40822482,Beginner
86,79,13,3,86,108.8008762,Professional
11,81,4,10,72,97.79574281,Advanced
29,70,6,3,80,93.21753735,Advanced
72,67,0,11,65,99.72437519,Professional
13,62,0,1,99,66.34279669,Advanced
45,80,16,5,68,99.28362028,Advanced
61,72,2,0,80,46.4036083,Beginner
54,67,8,8,72,65.04637064,Professional
27,71,4,6,78,77.74533091,Advanced
57,71,10,6,73,61.76271795,Professional
63,94,10,4,69,59.55350159,Professional
37,82,11,8,67,95.13973382,Advanced
49,81,13,7,68,83.51334345,Advanced
26,65,6,0,90,84.62816263,Beginner
78,99,12,5,71,93.98860153,Intermediate
72,68,11,14,98,82.43615008,Beginner
35,80,17,2,86,90.42510447,Beginner
69,96,7,4,73,100.954904,Intermediate
67,57,11,1,72,139.1446819,Beginner
59,87,15,15,99,80.64435965,Beginner
59,99,9,11,91,77.56415097,Intermediate
70,78,11,13,94,88.2626554,Beginner
76,76,7,13,94,68.56721894,Beginner
45,59,14,9,72,54.2431421,Professional
57,84,13,1,79,67.13816202,Professional
63,65,9,3,83,103.2676297,Professional
35,70,5,9,73,49.48250203,Advanced
52,78,13,4,76,54.17772484,Professional
60,96,7,7,82,91.03845075,Intermediate
62,84,11,0,82,87.76075523,Professional
61,72,0,9,70,94.83867521,Professional
65,68,1,9,72,102.9768331,Professional
55,58,11,0,79,105.2219061,Beginner
71,80,11,2,75,80.24808207,Professional
31,86,4,13,58,108.2188111,Advanced
66,81,6,4,80,79.5475792,Beginner
63,85,14,1,77,64.10152136,Professional
64,57,10,2,77,121.9141632,Beginner
74,50,0,11,68,103.5426353,Professional
66,73,5,6,74,96.85926542,Professional
40,89,5,14,100,58.6888663,Intermediate
65,75,7,6,72,78.44700044,Professional
13,64,2,2,100,55.33394045,Advanced
66,70,9,4,77,85.95653954,Professional
72,67,4,2,77,89.00424856,Beginner
56,56,5,10,72,78.48042749,Professional
31,73,7,4,77,103.1724387,Advanced
73,100,13,11,79,116.7827599,Intermediate
63,62,4,8,74,92.79131299,Professional
68,52,2,10,70,93.93410871,Professional
72,100,9,6,72,107.4295392,Intermediate
72,76,5,5,73,97.14558117,Professional
56,50,1,16,65,86.5467354,Professional
37,67,13,0,90,48.44789578,Advanced
93,98,12,2,59,47.10814491,Intermediate
34,79,13,3,80,59.42607937,Advanced
42,72,9,9,68,71.513961,Advanced
46,80,13,10,62,79.445719,Advanced
75,97,11,6,77,83.66639884,Beginner
43,90,7,12,100,52.50478793,Intermediate
32,70,9,2,86,46.5050711,Advanced
57,69,10,5,76,72.25472291,Professional
71,100,6,5,65,160.3831774,Intermediate
56,75,10,8,69,50.12162229,Professional
59,77,5,8,70,76.32068397,Professional
36,70,11,2,82,74.06236179,Advanced
65,78,7,4,78,103.560059,Professional
48,69,13,0,79,104.7328507,Beginner
70,71,6,5,82,84.32423524,Beginner
56,95,4,7,84,93.38671329,Intermediate
63,73,3,11,63,63.17463393,Professional
70,79,1,2,80,47.3948097,Beginner
32,80,6,11,67,71.37346069,Advanced
60,83,20,6,65,71.5617372,Advanced
27,73,1,12,63,101.2109475,Advanced
63,75,4,4,85,55.37566362,Beginner
50,76,10,8,70,51.92172651,Professional
74,75,5,7,83,75.84352926,Beginner
73,79,7,13,95,63.66778712,Beginner
56,61,11,5,88,88.56853291,Beginner
33,67,7,3,81,81.94426277,Advanced
57,80,10,7,91,63.95624039,Beginner
84,96,8,0,56,125.9034967,Intermediate
33,71,5,5,78,82.32372098,Advanced
41,75,12,6,74,67.6590364,Advanced
61,72,10,5,75,69.71893792,Professional
40,76,12,6,71,92.5877016,Advanced
58,77,6,6,73,73.77662763,Professional
42,81,17,4,78,51.23108822,Professional
69,85,6,2,76,88.37565,Intermediate
49,93,9,13,100,53.49945127,Intermediate
67,69,4,9,66,80.07339224,Professional
29,72,4,6,73,108.3302991,Advanced
53,66,10,1,76,98.86484501,Beginner
53,69,8,7,74,69.69045666,Professional
68,73,6,5,82,84.76649245,Beginner
73,64,4,6,83,80.58659737,Beginner
15,69,7,9,72,116.1784863,Advanced
75,71,3,7,69,93.89123467,Professional
32,62,8,1,89,57.36655658,Advanced
70,60,1,8,73,109.1403946,Professional
53,83,7,8,69,58.84910248,Professional
65,62,2,8,72,90.01133924,Professional
67,65,6,0,74,95.7908772,Beginner
57,78,13,4,76,62.13107287,Professional
40,68,12,3,82,60.27052332,Advanced
67,82,13,0,79,75.26461971,Professional
67,76,2,5,88,58.0984404,Beginner
69,92,6,5,69,82.99754353,Professional
73,91,7,0,71,54.47156486,Advanced
69,75,2,1,76,72.70265507,Beginner
35,75,7,8,69,86.80112076,Advanced
36,89,17,4,75,69.94222574,Professional
55,66,9,1,74,106.2814263,Beginner
31,65,2,6,74,96.35174083,Advanced
25,55,3,0,95,54.77770477,Advanced
70,98,14,8,87,54.35598604,Intermediate
23,71,4,2,83,87.69563117,Advanced
39,79,13,6,71,88.49473922,Advanced
71,74,3,3,79,73.44815534,Beginner
45,68,19,2,90,57.63290399,Advanced
68,81,6,4,74,90.00044901,Professional
76,71,0,8,68,101.5476054,Professional
64,95,7,8,85,90.46577541,Intermediate
66,73,7,7,87,73.94217406,Beginner
65,90,10,6,87,56.19652422,Intermediate
59,88,19,0,79,46.75345293,Professional
64,58,1,11,69,95.92561154,Professional
76,73,9,4,73,89.49254674,Professional
15,63,2,3,89,66.22824095,Advanced
61,80,7,7,68,65.94399505,Professional
44,75,15,6,92,82.53824683,Beginner
77,75,10,2,76,89.29474285,Professional
45,72,10,9,66,80.98687219,Advanced
57,79,7,5,76,77.2533281,Professional
42,77,11,10,67,61.78107013,Advanced
68,85,5,7,65,65.84153,Professional
59,100,11,14,93,90.26337935,Intermediate
46,86,3,6,99,93.36494007,Intermediate
69,78,6,6,71,83.10148403,Professional
69,75,5,6,87,61.47809057,Beginner
74,64,7,9,89,82.67478519,Beginner
60,61,8,9,71,74.62985103,Professional
75,68,4,6,72,100.167475,Professional
60,75,13,7,83,114.7282458,Beginner
84,50,0,10,71,121.1721012,Professional
56,81,12,4,76,61.39299871,Professional
59,69,13,5,74,52.80836781,Professional
47,66,15,5,77,48.63291817,Professional
62,95,2,2,75,87.03360021,Intermediate
57,75,9,6,73,70.49074048,Professional
66,59,8,7,74,82.64668774,Professional
37,74,7,8,69,94.4867947,Advanced
57,60,6,10,70,73.10043229,Professional
66,58,6,9,70,76.94501568,Professional
50,93,12,17,100,77.05160318,Intermediate
65,76,10,3,76,77.03492908,Professional
32,78,6,8,67,112.4457974,Advanced
78,55,4,0,70,115.6048923,Beginner
51,75,16,6,66,101.5492589,Advanced
65,58,3,11,67,81.08390582,Professional
30,58,5,0,92,56.35291653,Advanced
14,63,3,3,88,81.57290209,Professional
65,73,0,0,75,53.57214247,Beginner
58,93,3,2,80,53.24680559,Intermediate
62,85,13,15,99,71.67390415,Beginner
45,67,13,2,77,92.5136826,Advanced
66,96,7,3,75,75.89627104,Intermediate
77,84,13,0,80,92.95272717,Professional
20,66,0,3,85,91.30367107,Advanced
70,85,3,11,96,62.73768089,Beginner
59,87,12,3,72,55.55860818,Professional
77,100,10,4,69,97.9341855,Intermediate
19,69,0,5,78,105.5120514,Advanced
25,66,2,4,84,66.07156337,Advanced
69,99,11,9,82,90.48803051,Intermediate
56,69,15,3,77,135.2715212,Beginner
17,67,2,1,90,81.39645702,Advanced
80,100,8,0,62,90.38526017,Intermediate
65,68,0,3,72,60.91491858,Beginner
82,98,16,4,75,50.66222088,Intermediate
62,78,13,12,96,85.49602434,Beginner
96,100,9,4,55,107.6855179,Intermediate
66,89,5,1,78,49.58117034,Intermediate
63,95,9,11,87,98.98536397,Intermediate
38,90,11,11,59,99.21488469,Advanced
45,69,15,2,79,77.1414502,Advanced
44,86,6,6,75,63.02592695,Professional
52,95,9,11,96,56.5751967,Intermediate
38,75,9,8,70,75.65553591,Advanced
16,63,3,1,100,45.65335318,Advanced
27,71,3,7,77,62.60041439,Advanced
67,81,9,4,74,82.66212416,Professional
69,75,7,8,88,73.76685143,Beginner
35,72,10,2,79,91.11225717,Advanced
48,97,8,14,100,65.6530852,Intermediate
37,83,9,11,64,69.96068749,Advanced
43,72,14,4,78,59.32555971,Advanced
56,73,11,4,85,92.39654309,Beginner
76,98,14,8,73,114.627253,Intermediate
79,69,0,7,72,125.5326838,Professional
67,100,6,2,74,63.25049414,Intermediate
62,100,4,5,77,86.42480232,Intermediate
22,67,0,6,78,90.07561534,Advanced
25,71,4,8,73,78.39234107,Advanced
49,86,3,8,91,70.27850002,Intermediate
71,65,2,9,68,94.62930569,Professional
32,70,3,9,69,85.97115779,Advanced
46,78,16,5,72,73.3913185,Advanced
81,80,3,11,89,64.62452338,Beginner
47,78,9,3,88,58.19470107,Beginner
80,71,5,8,86,77.43639198,Beginner
36,78,9,8,72,65.50845425,Advanced
97,100,19,3,62,89.07983936,Intermediate
76,64,4,2,76,86.80451487,Beginner
30,69,6,3,81,81.90912667,Intermediate
58,97,5,7,82,104.2638595,Intermediate
85,61,6,4,72,135.1709977,Beginner
64,100,13,14,87,124.6379959,Intermediate
68,62,4,1,71,97.17352633,Beginner
18,55,2,2,93,56.82718443,Advanced
64,91,3,2,72,101.0606768,Intermediate
75,97,10,3,72,72.96535358,Intermediate
48,97,5,10,92,88.23237888,Intermediate
59,62,5,8,75,90.15999236,Professional
66,78,10,8,86,96.63487434,Beginner
43,76,20,1,75,103.2674089,Advanced
62,80,9,11,97,54.165685,Beginner
44,75,14,6,72,65.01618766,Advanced
85,67,0,7,68,111.062047,Professional
60,91,6,6,84,65.7032928,Intermediate
64,81,8,9,92,61.86919666,Beginner
65,99,11,9,87,58.81522399,Intermediate
31,66,3,6,77,76.87352959,Intermediate
68,94,10,7,83,64.61785848,Intermediate
64,72,10,4,80,108.416408,Beginner
48,84,9,4,89,49.93231816,Beginner
57,91,5,8,87,78.08424927,Intermediate
45,70,14,2,75,102.7490367,Advanced
56,95,8,10,94,56.00550028,Intermediate
59,95,13,12,96,50.2590358,Intermediate
14,55,2,0,99,61.88261702,Advanced
42,72,11,3,79,85.83752988,Advanced
41,67,16,1,89,64.21481116,Advanced
56,66,9,1,82,85.19640334,Beginner
50,96,0,6,84,99.84971045,Intermediate
19,65,3,0,94,61.0359325,Advanced
68,77,5,8,66,70.41087379,Professional
65,61,0,12,67,94.43583853,Professional
65,66,15,2,78,60.82178367,Professional
84,98,10,1,62,94.83686029,Intermediate
68,76,6,6,72,89.37803598,Professional
44,77,9,11,61,93.36459238,Advanced
75,73,9,3,76,93.49981635,Professional
77,57,8,5,76,100.2024045,Professional
26,63,3,1,84,100.3297634,Advanced
75,62,0,9,69,114.0658783,Professional
41,81,17,3,80,47.63147658,Professional
26,74,6,3,81,97.54977274,Advanced
16,62,1,2,88,90.36077064,Advanced
78,65,9,2,79,108.7349579,Professional
56,75,15,7,87,109.5024969,Beginner
33,89,4,17,100,74.37330347,Intermediate
54,91,17,14,55,96.20411999,Advanced
72,93,7,3,73,80.98609791,Intermediate
81,69,2,10,90,57.6318481,Beginner
64,90,8,5,85,48.44244072,Intermediate
56,100,10,12,93,75.49505813,Intermediate
49,91,11,12,100,63.43860969,Beginner
75,100,8,2,69,89.73370505,Intermediate
29,65,9,0,94,50.38217569,Advanced
61,73,7,6,73,74.6878644,Professional
78,95,8,0,66,64.26146127,Intermediate
38,78,9,7,69,99.68981833,Advanced
86,65,5,10,85,99.66990659,Beginner
75,98,14,6,79,56.96644899,Intermediate
23,74,1,8,71,98.94962536,Advanced
71,69,5,7,70,90.85839613,Professional
81,99,17,8,77,73.34174407,Intermediate
43,80,19,9,95,93.43651073,Beginner
80,80,5,9,84,85.55115945,Beginner
70,61,0,10,70,110.4803315,Professional
70,55,5,8,72,91.30657957,Professional
65,81,7,4,75,81.37627397,Professional
45,90,19,0,80,54.12036706,Professional
44,76,17,5,80,67.20549491,Advanced
85,62,1,6,72,125.1157655,Professional
65,65,2,12,64,79.99998203,Professional
50,77,12,5,76,58.39050888,Professional
45,63,16,0,88,56.68675268,Advanced
79,78,0,5,81,47.37116196,Beginner
40,66,10,4,79,76.07250503,Advanced
56,96,1,2,79,55.87287381,Intermediate
68,78,7,4,74,82.59016144,Professional
54,92,13,15,100,56.33119762,Intermediate
62,100,9,9,82,101.4285194,Intermediate
64,100,4,3,74,82.63715334,Intermediate
34,89,6,15,55,103.6796236,Advanced
58,64,16,8,89,117.998896,Beginner
70,80,13,0,79,79.25170522,Professional
49,99,9,14,96,102.0916076,Intermediate
74,72,7,5,73,91.34973006,Professional
68,62,8,7,71,72.96394798,Professional
69,70,4,4,76,97.25706611,Professional
62,59,17,7,83,151.8809732,Beginner
44,83,16,5,68,93.7664791,Advanced
76,69,0,7,72,117.2402291,Professional
45,98,3,12,96,92.9968151,Intermediate
65,74,6,5,74,92.35603169,Professional
73,60,5,7,72,88.45370272,Professional
15,67,0,5,82,85.71695861,Advanced
72,70,11,2,78,88.69990701,Professional
56,77,0,9,70,96.38077177,Professional
62,71,12,3,78,75.69349004,Professional
77,98,10,3,71,70.59206506,Intermediate
27,83,2,14,56,117.0415436,Advanced
45,75,12,2,87,75.27693455,Beginner
52,77,12,0,76,106.0467516,Beginner
67,97,4,0,63,95.89608538,Intermediate
16,50,3,10,100,48.10250504,Advanced
28,74,2,10,69,78.2619536,Advanced
78,70,5,5,73,99.10489573,Professional
79,79,4,10,89,62.29420873,Beginner
86,100,10,0,57,113.0990215,Intermediate
75,65,7,5,73,93.46839791,Professional
73,72,4,5,82,74.08826482,Beginner
36,89,6,16,100,53.68444386,Intermediate
51,73,16,2,78,128.5571957,Beginner
29,71,7,4,82,61.13208568,Advanced
55,93,7,7,89,54.62326629,Intermediate
55,97,14,17,100,53.47047495,Intermediate
60,86,6,8,92,48.17436878,Beginner
90,64,0,5,75,91.1876738,Beginner
56,81,19,8,61,82.72894916,Advanced
64,64,6,8,70,81.84647603,Professional
25,84,5,7,69,128.6557394,Advanced
59,88,13,0,82,76.56914485,Professional
71,98,10,8,79,97.95888158,Intermediate
52,79,10,2,82,78.13984259,Beginner
46,94,5,12,97,85.4559125,Intermediate
75,100,12,5,73,83.7662362,Intermediate
62,77,8,9,95,50.35944324,Beginner
77,67,6,4,78,98.06855347,Beginner
33,68,3,9,71,74.32720255,Advanced
66,95,7,4,76,74.85018877,Intermediate
34,79,6,10,65,100.9860998,Advanced
68,98,3,0,68,90.32315833,Intermediate
85,100,9,3,57,72.88402475,Intermediate
40,72,14,1,79,98.33984492,Advanced
76,86,3,11,93,50.17727216,Beginner
82,94,14,3,71,63.86141595,Intermediate
25,70,6,0,86,103.3214055,Advanced
99,57,2,3,69,100.6630992,Beginner
84,77,4,3,73,111.1708647,Professional
61,77,11,4,76,72.50566537,Professional
65,80,6,8,91,51.78900081,Beginner
76,67,0,6,86,45.8801009,Beginner
72,78,6,11,93,58.48938846,Beginner
25,63,3,0,85,114.807999,Advanced
55,80,12,3,77,62.86431118,Intermediate
85,65,1,6,70,110.7403768,Professional
52,91,6,7,92,46.71651553,Intermediate
53,79,5,9,69,63.41328523,Professional
54,81,17,10,59,83.35357693,Advanced
31,62,8,0,91,66.08274477,Professional
22,71,3,5,83,63.88226233,Advanced
76,96,7,0,67,79.88693858,Intermediate
79,94,10,3,71,85.6458161,Intermediate
69,67,6,6,81,90.24582655,Beginner
76,51,0,7,76,127.9807175,Professional
30,59,3,3,85,71.95175783,Advanced
31,74,5,8,72,72.73879355,Advanced
34,78,7,9,68,87.78108204,Advanced
39,79,10,8,65,102.8595737,Advanced
73,95,7,2,72,73.06780355,Intermediate
62,69,7,1,78,85.3296373,Beginner
77,78,3,9,88,57.99564252,Beginner
30,75,8,5,77,70.65905276,Advanced
52,90,5,8,92,57.64753136,Intermediate
41,78,13,7,71,69.21927041,Advanced
56,97,9,13,92,92.95439294,Intermediate
60,59,10,7,74,70.32965713,Professional
50,82,14,11,55,103.8318281,Advanced
56,69,7,9,68,58.82926923,Professional
66,92,8,2,74,77.00300753,Professional
31,82,4,12,60,106.1154815,Advanced
20,61,1,1,93,52.4193005,Advanced
64,88,13,1,77,69.71624888,Professional
29,76,2,11,67,71.82619845,Advanced
64,60,0,12,65,86.02613572,Professional
65,73,12,13,97,83.74268299,Beginner
52,79,13,12,56,91.54170379,Advanced
62,85,7,7,88,61.99292853,Beginner
26,74,1,8,70,109.9085812,Advanced
68,71,10,5,72,70.51692275,Professional
68,72,2,3,83,50.42556963,Beginner
67,100,5,3,72,87.29638059,Intermediate
63,80,10,9,90,81.55320904,Beginner
72,100,12,6,77,70.7014823,Intermediate
69,94,12,8,84,58.12578587,Intermediate
59,71,11,9,93,79.86813087,Beginner
77,59,3,8,69,105.597726,Professional
48,80,12,4,87,75.61570876,Beginner
33,68,3,9,73,65.28366399,Advanced
70,72,7,7,68,70.32285761,Professional
59,100,4,4,73,119.3148861,Intermediate
58,65,5,10,68,69.90731632,Professional
40,72,12,5,76,65.19832734,Advanced
83,98,9,1,62,62.32915646,Intermediate
58,71,11,3,79,106.9800951,Beginner
57,71,11,5,75,60.21227997,Professional
88,100,14,1,66,56.58087592,Intermediate
74,81,8,3,74,86.09301691,Professional
73,72,10,3,75,82.51027457,Professional
25,61,4,0,91,87.3176112,Advanced
77,65,3,7,70,103.8134886,Professional
62,97,7,6,83,60.14268347,Intermediate
49,70,16,8,95,88.99174766,Beginner
66,77,9,10,91,76.28926248,Beginner
64,78,12,1,81,82.81394477,Professional
37,79,12,4,72,118.9036002,Advanced
27,69,9,1,91,78.59788455,Advanced
70,71,2,0,71,86.22293829,Beginner
69,96,7,5,75,98.64755115,Intermediate
72,76,8,3,75,89.36641691,Professional
67,77,10,9,88,87.77930633,Beginner
69,73,4,6,86,61.93548816,Beginner
59,72,12,4,82,107.6244774,Beginner
50,79,11,6,92,58.99197679,Beginner
67,85,8,1,80,100.0237473,Professional
29,56,7,1,100,68.6115359,Advanced
54,68,10,6,74,61.66482929,Professional
67,64,8,4,80,104.4712092,Beginner
36,76,12,4,79,70.88199014,Advanced
82,97,18,9,78,90.09024618,Beginner
72,77,1,7,89,55.49217622,Beginner
54,94,20,0,80,47.5119741,Professional
70,73,8,6,69,74.13747679,Professional
43,87,11,14,55,100.2487174,Advanced
70,92,3,2,63,82.42000778,Intermediate
31,62,7,0,89,72.41408667,Advanced
68,93,12,7,89,72.37166125,Intermediate
81,67,1,2,78,54.23320081,Beginner
36,78,12,3,73,119.6455277,Advanced
51,89,0,3,85,47.95243305,Intermediate
61,76,11,5,73,61.54843425,Professional
10,65,1,0,97,70.69440848,Advanced
65,78,9,4,74,77.22641928,Professional
67,91,6,3,80,50.51386611,Intermediate
76,96,13,3,73,60.0200648,Intermediate
62,71,6,9,67,65.53247663,Professional
61,70,1,10,67,77.15938754,Advanced
68,71,10,5,73,75.79685824,Professional
76,63,10,9,84,119.9923444,Beginner
60,70,13,7,87,104.3739127,Beginner
35,71,6,6,70,112.5624396,Advanced
23,75,0,10,72,76.00481447,Advanced
42,76,12,6,69,89.67992554,Advanced
33,70,11,0,87,90.24497667,Advanced
59,82,9,5,85,71.20333928,Beginner
76,72,1,2,80,47.86891704,Beginner
59,65,12,4,83,106.6617351,Beginner
43,91,4,12,100,71.50106022,Intermediate
65,79,9,5,72,75.54273738,Professional
39,82,9,12,61,84.82774361,Advanced
71,96,13,7,84,46.11743037,Intermediate
44,80,14,7,67,87.70442345,Advanced
57,83,9,8,94,47.84320633,Beginner
74,66,9,5,72,81.92810334,Professional
55,83,7,7,71,74.24371175,Professional
83,100,10,2,58,135.9628501,Intermediate
63,76,13,9,87,101.2844845,Beginner
46,70,10,9,67,71.07296026,Advanced
75,82,6,3,75,102.5211009,Professional
65,67,10,7,86,98.85214172,Beginner
68,71,5,4,81,79.31556912,Beginner
67,77,6,5,84,72.49938297,Beginner
45,83,18,4,70,95.83967406,Advanced
69,66,10,9,90,91.79180691,Beginner
57,71,15,6,83,121.4276618,Beginner
68,68,3,7,72,96.34655874,Professional
76,90,9,3,73,71.51966724,Intermediate
50,82,11,7,71,49.77546261,Professional
70,94,7,1,71,69.32374027,Intermediate
77,95,11,4,75,54.14156758,Intermediate
58,76,9,7,92,58.68039279,Beginner
55,79,5,2,84,48.7604186,Beginner
73,61,13,8,82,140.4821643,Beginner
68,72,2,0,75,68.3522948,Beginner
51,91,3,10,91,93.39601249,Intermediate
96,100,14,0,55,112.8333195,Intermediate
61,97,9,10,84,114.0055191,Intermediate
78,100,18,11,80,93.27513765,Intermediate
81,71,0,5,81,51.59433742,Beginner
62,82,0,3,88,75.35703653,Beginner
32,62,9,1,90,84.62077896,Advanced
59,91,6,5,63,82.9604377,Intermediate
73,75,3,6,84,60.33327936,Beginner
78,98,6,1,61,91.33778825,Intermediate
51,82,13,8,92,75.69733174,Beginner
54,100,5,8,85,88.51330348,Intermediate
57,75,17,9,88,121.4717716,Beginner
60,69,6,6,76,93.76232899,Professional
70,68,7,5,83,88.04679902,Beginner
78,96,13,5,78,55.88104938,Intermediate
28,66,7,1,89,62.5785836,Advanced
44,89,2,9,98,45.30455356,Intermediate
65,69,12,8,87,102.8816546,Beginner
32,72,13,1,90,74.14918029,Advanced
62,87,20,11,55,110.4879131,Advanced
40,72,17,1,83,105.8236808,Beginner
70,95,2,2,61,93.10475252,Intermediate
66,89,9,7,85,57.74987428,Intermediate
72,62,13,6,78,140.7182867,Beginner
62,91,10,9,88,64.57746035,Intermediate
61,98,6,6,79,94.38511929,Intermediate
54,96,4,7,85,86.95432175,Intermediate
24,61,0,4,85,63.84094472,Advanced
66,62,13,8,85,123.2244208,Beginner
33,94,1,14,100,51.31400696,Intermediate
52,92,18,12,55,112.2165882,Advanced
56,75,13,7,88,92.87118451,Beginner
50,58,1,13,69,79.53305627,Professional
72,100,9,6,73,103.3379221,Intermediate
71,85,8,2,76,94.81696718,Professional
72,66,12,11,89,112.8554844,Beginner
36,93,4,6,92,65.08826155,Intermediate
71,62,0,9,71,110.8748321,Professional
24,61,3,0,91,74.64048461,Advanced
69,97,8,5,76,94.32206009,Intermediate
81,97,11,1,66,82.81024426,Intermediate
67,80,10,2,77,83.67919971,Professional
63,98,8,5,81,52.57905462,Intermediate
69,67,5,10,64,63.21069847,Professional
80,67,2,8,71,130.3289315,Professional
55,78,7,8,69,64.26829526,Professional
46,95,4,7,89,70.45974244,Intermediate
40,78,9,8,63,117.8190629,Advanced
85,91,0,13,91,56.01545132,Beginner
71,61,2,9,70,94.45851287,Professional
61,85,20,10,57,77.6820439,Advanced
53,92,9,11,100,60.67137159,Intermediate
57,78,7,2,83,66.42011022,Beginner
40,97,1,9,90,109.8550875,Intermediate
59,99,9,9,88,70.36724566,Intermediate
49,70,14,4,80,64.80612623,Professional
33,73,9,3,79,88.92330762,Advanced
30,71,2,9,71,77.6706071,Advanced
62,98,8,9,84,95.14202792,Intermediate
31,99,2,17,100,85.61459359,Intermediate
80,64,0,2,75,77.94973464,Beginner
16,65,1,3,87,78.35300479,Advanced
91,100,7,4,55,116.1928137,Intermediate
39,78,4,16,56,64.70012213,Advanced
75,96,7,1,70,60.50518137,Intermediate
10,59,7,2,92,89.28999377,Advanced
66,85,3,5,72,96.56425136,Professional
69,73,8,3,77,97.09499858,Professional
89,55,2,8,68,111.5088364,Professional
37,72,7,6,78,54.88914275,Advanced
46,73,13,7,73,46.97169402,Professional
58,75,11,4,75,63.53617165,Professional
66,76,10,3,76,78.3141393,Professional
39,95,19,0,84,52.320958,Professional
55,64,12,0,76,117.2137581,Beginner
71,72,3,4,81,65.74669525,Beginner
86,57,1,9,69,123.6430853,Professional
70,66,5,8,69,85.33118683,Professional
69,66,9,6,82,100.8517905,Beginner
77,81,9,1,78,97.685599,Professional
77,94,7,1,67,90.15033404,Intermediate
27,79,3,10,69,78.56763359,Advanced
35,70,13,1,89,74.6858265,Advanced
51,74,4,12,62,59.72092847,Professional
69,66,10,5,72,71.62897065,Professional
24,65,2,2,86,87.13523397,Advanced
67,69,7,8,69,72.66155216,Professional
35,84,8,11,61,104.535357,Advanced
41,78,12,7,70,68.77390942,Advanced
82,52,2,12,68,106.280616,Professional
62,65,9,6,75,77.19447032,Professional
75,98,12,5,77,67.20794769,Intermediate
63,95,5,2,78,45.04684945,Intermediate
73,69,9,11,90,88.92904135,Beginner
29,77,2,11,64,101.3085424,Advanced
61,78,13,1,82,78.18350407,Professional
36,79,11,8,73,58.53619358,Professional
23,67,2,3,83,84.15330075,Advanced
73,62,11,4,75,73.43953728,Professional
78,74,2,7,84,65.79309994,Beginner
82,75,1,7,83,62.91161846,Beginner
67,93,7,4,83,54.52986109,Intermediate
56,96,4,6,81,96.24933264,Intermediate
68,100,5,2,70,88.2813383,Intermediate
71,98,13,9,85,64.73036874,Intermediate
42,64,15,2,87,83.20570095,Advanced
34,70,8,3,79,88.93007952,Advanced
60,92,4,4,79,73.70273592,Intermediate
59,76,7,5,76,84.95722532,Professional
71,76,10,16,100,67.24246646,Beginner
34,79,4,13,62,72.20255195,Advanced
63,99,0,1,66,126.5975388,Intermediate
77,80,5,1,79,70.42530497,Beginner
77,88,8,0,76,96.63889531,Professional
51,95,2,7,81,133.7529514,Intermediate
60,97,11,13,92,79.85458084,Intermediate
67,91,10,4,85,78.66620765,Intermediate
56,92,12,5,69,46.58005071,Professional
62,76,9,8,91,66.71367598,Beginner
65,77,3,2,83,45.84402534,Beginner
18,67,3,7,78,94.39563956,Advanced
68,50,0,12,67,99.64462796,Professional
70,65,3,1,77,78.85688448,Beginner
74,90,7,2,68,111.3235381,Intermediate
69,71,1,12,62,87.39490933,Professional
36,76,8,8,69,81.57817621,Intermediate
78,100,15,9,76,100.09556,Intermediate
52,93,20,11,55,84.9063189,Advanced
43,100,8,12,97,69.93433147,Intermediate
71,98,11,4,79,47.63332897,Intermediate
62,97,12,1,75,62.83009296,Professional
56,71,13,2,78,120.8259665,Beginner
37,81,10,9,67,88.3457988,Advanced
59,89,12,12,95,57.08773961,Intermediate
65,100,3,2,72,90.86067859,Intermediate
74,76,6,14,95,69.68486577,Beginner
34,65,4,8,76,49.38027453,Advanced
29,72,5,5,77,81.98279674,Advanced
57,64,9,6,76,76.69943853,Professional
59,90,7,8,89,59.84141954,Intermediate
56,72,9,6,74,66.16128007,Professional
74,74,2,7,86,52.18765176,Beginner
73,100,12,10,79,111.7347958,Intermediate
60,83,11,1,79,80.53956433,Professional
33,67,7,2,81,92.60392064,Advanced
41,87,7,15,55,100.0618418,Advanced
54,95,12,5,69,45.73078369,Professional
61,90,7,5,85,49.20467929,Intermediate
57,77,8,6,72,70.86490918,Professional
57,77,5,1,81,61.20361625,Beginner
48,84,18,7,66,73.73391998,Advanced
79,79,2,8,84,63.56795774,Beginner
80,90,6,7,89,103.8675136,Beginner
44,65,16,1,85,94.830343,Advanced
74,90,6,2,68,49.41242271,Intermediate
56,69,10,1,79,95.13722363,Beginner
35,72,6,9,68,93.70613627,Advanced
68,67,5,3,81,73.03067158,Beginner
62,96,4,4,77,80.11091506,Intermediate
50,90,1,2,83,62.44081889,Intermediate
58,94,12,11,97,53.86966987,Intermediate
53,81,14,4,73,45.50962036,Beginner
31,61,6,0,86,88.15698095,Advanced
54,55,7,10,72,75.87683244,Advanced
25,73,0,10,70,83.55045024,Advanced
54,82,14,13,56,81.33147903,Advanced
61,92,4,4,81,62.78438704,Intermediate
58,74,6,2,83,60.28041475,Beginner
41,75,13,6,74,60.01624007,Advanced
82,66,0,7,70,113.3445537,Professional
69,76,16,0,81,75.00422442,Professional
49,78,5,0,82,46.12462229,Beginner
47,79,18,4,71,89.5843348,Advanced
32,64,7,0,85,95.5061143,Advanced
80,100,9,1,63,105.2849314,Intermediate
57,63,2,13,64,65.27830132,Professional
36,80,9,10,64,82.00572065,Advanced
67,100,7,5,75,99.58770509,Intermediate
10,74,7,8,75,114.1009229,Advanced
72,70,8,6,80,104.9018762,Beginner
72,98,6,0,66,96.14687209,Intermediate
67,84,6,12,98,58.37801575,Beginner
59,55,9,8,73,70.97363704,Professional
66,76,4,7,71,86.63126651,Professional
63,94,5,2,78,48.5211242,Intermediate
24,73,3,5,76,99.68041031,Advanced
75,99,7,0,63,95.1721211,Beginner
80,62,6,7,68,89.80672808,Professional
58,60,2,10,71,84.59116244,Professional
72,61,4,1,75,95.90592478,Beginner
71,97,6,3,72,83.57474776,Intermediate
70,88,13,0,78,77.3039496,Professional
37,70,10,4,79,72.12354722,Advanced
61,95,11,11,89,89.50500624,Intermediate
64,68,7,0,73,103.8083136,Beginner
55,60,7,7,78,91.15365064,Professional
29,70,7,2,82,93.74696604,Advanced
61,63,13,6,86,109.4438939,Beginner
73,100,9,6,71,112.9208611,Intermediate
56,77,6,0,79,66.8064474,Beginner
56,78,7,6,75,85.19129593,Professional
54,94,1,6,83,88.41322463,Intermediate
60,69,13,8,89,100.7147525,Beginner
70,76,9,13,96,71.33116019,Beginner
53,71,14,4,79,121.0121183,Professional
62,73,11,4,76,72.53667335,Professional
36,74,6,9,67,84.98580503,Advanced
72,65,9,5,79,114.7667114,Beginner
67,95,5,0,66,93.31697504,Intermediate
66,82,6,5,71,73.02976493,Professional
50,87,8,11,99,46.77197732,Intermediate
72,62,7,6,83,92.05624219,Beginner
63,91,4,9,95,72.00275765,Beginner
27,70,4,5,79,78.84839813,Advanced
58,75,6,5,76,83.22651966,Professional
23,90,5,12,62,93.5216574,Advanced
55,85,11,10,96,55.44229068,Beginner
40,80,7,13,57,101.3581061,Advanced
11,75,3,0,88,100.3926507,Advanced
63,91,2,2,76,72.66136057,Intermediate
30,72,5,5,75,104.722716,Advanced
70,100,9,7,71,134.8630076,Intermediate
65,59,8,10,67,67.28788633,Professional
34,78,7,8,69,93.68823264,Advanced
59,79,8,3,81,80.09934573,Professional
19,61,0,0,90,96.31232207,Advanced
67,87,4,9,91,51.98987294,Beginner
33,74,5,8,70,92.36340216,Advanced
75,67,7,4,75,93.05290634,Professional
67,97,9,5,77,88.76155236,Intermediate
64,78,8,6,85,75.3895791,Beginner
82,60,1,7,72,127.1287934,Professional
34,73,4,10,67,92.54112534,Advanced
76,64,0,9,69,114.3145311,Professional
72,92,8,1,74,46.70977607,Intermediate
57,86,6,12,100,71.70567022,Beginner
38,77,7,10,63,106.3403882,Advanced
72,70,5,4,78,86.92145105,Beginner
46,88,8,13,100,50.15431604,Intermediate
60,83,13,3,77,73.63204878,Professional
69,97,9,4,77,61.89459372,Intermediate
89,74,3,10,82,94.03421954,Beginner
49,94,5,10,96,58.55305634,Intermediate
97,100,16,2,58,110.9566126,Intermediate
57,90,20,9,57,84.6546183,Advanced
40,96,4,14,100,91.06812176,Intermediate
84,68,3,9,68,129.2504277,Professional
42,80,9,13,59,83.44235695,Advanced
28,62,7,1,92,86.65085204,Advanced
63,94,0,2,69,61.66418515,Intermediate
63,88,10,6,83,53.73444106,Intermediate
59,86,15,0,81,60.8440999,Professional
44,85,13,11,58,103.8198773,Advanced
67,68,7,7,69,75.39244057,Professional
63,75,0,1,79,62.72978554,Beginner
77,64,3,9,67,91.7353696,Professional
53,76,11,4,86,80.47926277,Beginner
59,71,13,11,96,80.27227016,Beginner
79,78,15,1,80,88.0454549,Professional
74,62,6,6,74,101.6519254,Professional
23,66,4,1,90,64.93502924,Advanced
68,71,8,6,83,90.46823164,Beginner
72,83,8,13,94,66.77111107,Beginner
66,93,6,2,78,46.50826381,Intermediate
61,99,9,9,86,73.90913654,Intermediate
59,76,20,7,65,64.40986941,Advanced
54,91,4,8,89,80.84096667,Intermediate
59,62,13,1,75,135.0966572,Beginner
70,100,10,5,73,101.155592,Intermediate
62,100,11,8,82,67.10179966,Intermediate
63,62,9,6,75,78.51675379,Professional
31,79,4,11,65,89.62567641,Advanced
81,98,3,4,55,117.9856444,Intermediate
55,78,15,9,91,96.49453418,Beginner
57,68,7,0,80,73.25042349,Beginner
71,87,12,0,78,76.94413653,Professional
23,60,0,1,86,102.75318,Advanced
53,65,14,6,74,45.42522193,Professional
64,77,4,2,80,63.34129386,Beginner
58,77,18,4,73,57.02105413,Professional
82,72,4,5,70,104.3883572,Professional
65,87,13,1,76,66.34704836,Professional
60,83,9,4,75,74.59200434,Professional
23,64,4,3,83,72.4848459,Advanced
93,53,4,3,78,135.7278064,Professional
66,100,11,8,85,56.19336359,Intermediate
41,79,8,13,61,67.24844268,Advanced
39,68,12,2,80,86.13595158,Advanced
60,100,7,9,83,106.5943933,Intermediate
52,67,16,3,77,55.80005851,Professional
66,78,8,5,71,73.21090053,Professional
65,65,11,6,71,63.34583121,Professional
54,84,18,11,58,75.14747542,Advanced
66,91,10,7,85,52.02202334,Intermediate
55,75,12,10,97,61.74062592,Beginner
51,71,14,3,82,105.399353,Beginner
34,70,10,2,84,64.01654038,Beginner
41,76,10,9,67,69.92951836,Advanced
53,97,1,2,88,87.84518544,Beginner
11,62,3,1,94,70.87755346,Advanced
56,74,15,8,91,100.5226876,Beginner
74,93,11,5,76,79.05643833,Intermediate
68,80,15,1,78,62.64333608,Professional
32,69,10,0,85,85.87013216,Advanced
49,98,4,11,94,73.59751247,Intermediate
30,68,4,10,66,93.44027269,Advanced
57,79,17,11,58,80.95478345,Advanced
63,93,7,5,81,63.63084501,Intermediate
77,77,0,6,84,47.34352196,Beginner
75,74,2,7,70,102.0623052,Professional
70,79,3,5,83,61.8293536,Beginner
56,79,18,7,68,72.74623035,Advanced
39,75,11,6,72,86.65468203,Advanced
58,78,19,10,61,69.7510183,Advanced
78,100,11,5,71,89.07361629,Intermediate
53,86,8,4,87,54.36172917,Beginner
19,61,1,5,79,101.8453878,Advanced
71,73,7,5,80,99.3356072,Beginner
61,68,10,5,76,76.64094258,Professional
79,100,8,4,65,128.784241,Intermediate
40,78,9,10,64,89.44687181,Advanced
10,53,10,1,100,94.89307601,Advanced
64,70,5,8,69,76.33074207,Professional
60,93,6,5,83,54.02657507,Intermediate
64,96,11,11,87,93.61801088,Intermediate
70,68,11,3,78,88.87399017,Professional
33,85,5,13,57,106.5712056,Advanced
73,100,10,7,72,134.7443655,Intermediate
54,100,0,3,73,119.86956,Intermediate
55,72,20,3,76,56.86791088,Advanced
63,75,4,6,89,47.90965165,Beginner
73,93,9,3,74,69.80234536,Intermediate
58,94,2,3,83,54.70143858,Intermediate
60,75,6,3,83,65.85200465,Beginner
17,63,1,1,93,101.2464526,Advanced
44,66,11,4,75,78.48058345,Advanced
70,62,0,9,70,108.1891726,Professional
63,82,10,1,80,82.558304,Professional
70,97,12,7,83,60.73222189,Intermediate
61,66,5,8,73,89.26412041,Professional
63,71,7,6,88,67.71725215,Beginner
28,65,4,5,84,45.43802784,Advanced
32,68,2,9,71,83.41018161,Advanced
64,68,12,8,88,101.0218876,Beginner
60,75,10,5,71,62.33390705,Professional
23,69,2,4,83,71.11983554,Advanced
62,99,2,5,71,153.7851952,Intermediate
47,72,15,6,74,55.38630943,Advanced
74,97,7,2,69,85.64678895,Intermediate
65,93,9,4,83,51.21943595,Intermediate
63,100,13,15,91,101.0177973,Intermediate
65,74,10,4,75,77.34951152,Professional
83,100,9,0,56,128.0487317,Intermediate
53,69,9,0,79,85.12902227,Beginner
40,81,10,8,63,117.4014874,Advanced
72,96,8,0,80,106.3413797,Professional
58,92,8,8,94,73.8852529,Intermediate
76,94,7,0,65,81.36736491,Intermediate
38,64,5,8,73,73.17372634,Advanced
68,67,13,2,78,72.62739718,Professional
59,82,10,12,99,49.62908703,Beginner
33,64,7,2,84,79.09781058,Advanced
43,71,14,2,78,81.13589541,Advanced
80,100,10,5,66,130.8061099,Intermediate
44,84,15,8,61,111.6873027,Advanced
56,85,20,0,81,47.2587156,Professional
59,57,14,2,77,141.9958379,Beginner
81,96,11,1,68,59.04738702,Intermediate
32,64,6,6,78,60.66204565,Advanced
74,66,11,10,85,117.2717563,Beginner
82,77,7,3,75,107.039922,Professional
55,94,2,6,85,77.88377358,Intermediate
21,64,4,2,93,97.83011031,Advanced
29,68,6,2,81,93.05181532,Advanced
42,85,14,9,64,82.66408082,Advanced
66,81,14,1,77,68.02243696,Professional
67,72,5,6,74,97.57527864,Professional
75,71,9,4,74,88.22385125,Professional
79,98,6,1,60,96.34707887,Intermediate
69,79,9,4,72,78.89818102,Professional
19,67,4,9,74,84.8508079,Advanced
71,99,6,1,71,65.67217344,Intermediate
15,69,0,3,86,89.27210231,Beginner
67,97,6,2,75,70.57974954,Intermediate
31,64,7,7,76,53.73561904,Advanced
37,78,8,9,68,84.51135697,Advanced
63,74,14,2,78,69.51244831,Professional
73,75,7,3,76,97.92806034,Professional
64,86,6,7,87,57.17196207,Intermediate
41,74,10,8,67,95.59903769,Advanced
25,77,9,0,84,103.7763105,Advanced
20,61,3,7,82,62.58472995,Advanced
81,97,15,5,76,56.49752975,Intermediate
11,64,0,1,98,78.06279948,Advanced
79,64,5,3,72,116.5696368,Beginner
69,64,4,7,72,92.52802263,Professional
77,74,5,10,90,66.34707887,Beginner
17,68,2,6,79,89.29415504,Advanced
63,92,10,3,74,75.11086875,Professional
59,78,14,5,72,48.03728499,Professional
65,71,11,8,87,96.5124567,Beginner
62,63,8,4,84,83.9099756,Beginner
59,62,9,7,75,80.32774025,Professional
62,87,8,4,82,65.63187342,Intermediate
69,100,15,11,84,85.14520845,Intermediate
74,65,8,5,74,95.16013283,Professional
41,81,13,7,69,87.67365234,Advanced
20,71,5,1,90,58.58893721,Advanced
35,68,6,4,75,109.6415131,Advanced
70,66,4,2,78,85.42734078,Beginner
42,92,4,13,99,100.1835023,Intermediate
29,62,6,0,89,72.40959341,Advanced
69,63,6,4,81,87.92138261,Beginner
63,84,5,9,94,56.90644343,Beginner
69,74,3,6,88,50.56091631,Beginner
74,64,3,8,68,89.10130134,Professional
57,84,20,9,61,70.39268781,Advanced
68,97,16,12,88,77.16928586,Intermediate
46,79,17,4,72,85.99767107,Advanced
26,68,5,2,85,79.41335618,Advanced
62,76,10,6,84,93.04948239,Beginner
44,77,7,13,55,108.8280404,Advanced
24,77,3,7,73,104.3174401,Advanced
60,68,9,3,83,92.42559319,Beginner
56,76,6,8,71,74.69590198,Professional
67,71,12,3,76,75.47843085,Professional
39,73,10,5,73,89.68079701,Advanced
58,73,13,4,76,59.1790986,Professional
62,79,13,1,80,75.70529185,Professional
54,83,15,4,72,54.66830007,Professional
37,75,13,2,81,68.29459705,Advanced
66,68,15,0,83,91.33029238,Professional
69,96,2,2,64,76.95124013,Intermediate
83,93,8,4,63,70.9871599,Intermediate
68,80,5,5,82,72.10535466,Beginner
59,71,6,2,83,66.40206814,Beginner
71,98,7,2,70,89.08124733,Intermediate
62,93,10,7,88,53.54583679,Intermediate
79,87,1,13,95,64.71632966,Beginner
68,70,8,10,94,68.78433764,Beginner
60,83,7,6,88,56.59195184,Beginner
57,68,13,3,80,116.7398697,Beginner
53,97,12,15,100,57.63298809,Intermediate
39,75,17,5,76,63.63429563,Professional
77,74,4,8,87,63.62829834,Beginner
49,76,6,9,70,62.09108191,Professional
25,67,1,5,79,96.38662184,Advanced
60,100,7,8,83,81.14939074,Intermediate
33,69,8,3,81,75.75393548,Advanced
67,57,0,11,68,101.2623844,Professional
22,70,1,5,82,65.22785266,Advanced
71,99,4,1,65,116.1014995,Intermediate
42,83,8,15,55,76.70851915,Advanced
51,99,7,10,91,81.67809725,Intermediate
81,60,1,11,64,108.3505902,Professional
37,75,7,9,66,104.5019773,Advanced
63,71,11,8,89,91.19921695,Beginner
35,75,10,5,76,81.67679366,Advanced
53,71,20,2,81,59.04045208,Advanced
40,99,20,1,84,56.05913793,Professional
71,97,6,3,69,109.7253406,Intermediate
21,65,3,0,90,103.4277639,Advanced
51,72,12,8,69,51.29589355,Professional
58,70,10,5,86,82.63145549,Beginner
37,72,7,8,74,55.97393087,Advanced
23,81,4,6,72,117.8616977,Advanced
61,80,15,2,78,62.61661554,Professional
68,94,7,12,96,47.56693585,Beginner
28,64,5,6,75,93.04865379,Advanced
33,98,6,19,100,91.38605561,Intermediate
44,81,13,8,62,113.8581047,Advanced
66,79,6,8,90,57.57554411,Beginner
27,80,4,8,68,110.8121248,Advanced
37,72,10,5,79,47.17240685,Advanced
66,77,9,10,92,71.22906895,Beginner
64,82,14,1,78,69.68139443,Professional
76,66,0,5,75,114.4913328,Professional
10,57,1,2,100,49.32841083,Advanced
67,64,9,4,80,106.5133918,Beginner
25,72,4,5,81,63.99118055,Advanced
69,98,5,2,70,97.45112087,Intermediate
55,77,14,6,86,105.9312788,Beginner
52,67,18,5,83,138.8615521,Beginner
60,87,9,7,88,63.54580012,Beginner
70,68,8,5,73,83.15485784,Professional
55,73,6,9,69,64.90813643,Professional
77,66,7,9,85,96.7479799,Beginner
62,93,4,2,76,76.010777,Intermediate
72,70,10,2,79,91.41848714,Professional
66,100,6,3,73,94.13159691,Intermediate
24,62,1,1,83,133.5511425,Advanced
59,94,6,5,82,72.5420039,Intermediate
64,97,6,5,77,99.78273207,Intermediate
64,92,7,5,81,68.67471539,Intermediate
73,78,10,3,72,71.85260267,Professional
75,74,5,4,75,107.5798465,Professional
74,95,4,1,62,97.22562256,Intermediate
55,67,13,4,84,105.6539698,Beginner
25,76,1,9,70,92.30183945,Advanced
70,61,10,4,77,91.63508308,Professional
19,64,1,3,84,97.70748156,Advanced
47,81,13,12,61,53.52511113,Advanced
69,98,9,5,80,50.75339156,Intermediate
74,95,18,12,88,55.65260275,Intermediate
62,57,4,12,66,69.97279611,Professional
58,68,9,7,73,71.14954394,Professional
58,72,14,5,74,53.97441112,Professional
25,83,5,8,70,101.948217,Advanced
74,86,7,2,75,97.07012035,Professional
59,96,2,5,76,121.6704357,Intermediate
63,79,9,5,70,55.07423715,Professional
78,61,1,0,69,100.1154427,Beginner
66,82,10,2,76,73.53820494,Professional
36,76,10,6,74,72.12048869,Advanced
18,51,2,4,100,56.64166255,Advanced
43,80,14,7,72,62.27474708,Professional
32,86,7,12,61,89.83851327,Advanced
72,72,0,1,78,50.48526898,Beginner
62,82,8,5,72,74.22686468,Professional
23,74,1,8,75,67.41601299,Advanced
10,63,6,1,90,115.9319566,Advanced
58,69,7,6,77,92.79182217,Professional
50,70,9,3,88,61.18377292,Beginner
55,78,8,7,70,66.4999765,Professional
81,69,3,2,78,50.08460313,Beginner
67,63,6,4,83,80.8943142,Beginner
65,85,4,6,86,47.97139002,Beginner
74,100,12,7,73,108.2781948,Intermediate
79,70,2,4,75,94.98995827,Beginner
71,100,9,4,72,83.83245527,Intermediate
70,100,9,7,78,86.13100693,Intermediate
53,98,3,7,83,97.94304105,Intermediate
66,61,6,2,81,84.4904132,Beginner
66,79,8,10,94,58.46750595,Beginner
75,100,8,3,65,118.3740014,Intermediate
28,66,4,3,83,73.89033291,Advanced
63,69,9,4,77,80.80796591,Professional
79,70,3,5,73,109.895281,Professional
67,71,4,2,80,69.01239296,Beginner
74,100,11,6,74,94.89785999,Intermediate
53,96,3,8,82,128.6788038,Intermediate
72,76,0,9,67,98.60037091,Professional
72,82,15,0,78,74.29998167,Professional
82,100,13,3,67,84.50474243,Intermediate
48,75,15,6,70,76.61684387,Advanced
80,71,9,2,76,97.10701438,Professional
58,72,13,2,81,80.23394002,Professional
64,95,9,7,83,81.43065713,Intermediate
78,54,5,0,73,107.3781146,Beginner
50,69,10,8,72,56.77334749,Professional
80,57,2,10,68,119.0542205,Professional
84,97,9,2,60,74.35500096,Intermediate
44,74,15,2,75,96.45699939,Advanced
61,68,4,10,67,70.92273327,Professional
75,66,14,10,82,147.7246982,Beginner
71,62,9,3,74,130.9449308,Beginner
84,100,13,5,66,118.5515024,Intermediate
25,71,2,7,78,66.2882631,Advanced
49,100,12,16,100,67.85635171,Intermediate
64,74,3,7,72,91.71504043,Professional
57,89,8,7,87,64.46063127,Intermediate
90,97,11,1,58,85.67584951,Intermediate
34,77,7,7,70,96.38795115,Advanced
67,96,10,9,81,113.1332036,Intermediate
73,76,11,3,73,70.00383695,Professional
63,73,5,4,78,97.82701654,Professional
72,67,7,4,76,96.76492505,Professional
62,71,9,3,80,97.78437603,Beginner
71,100,10,5,77,72.4499486,Intermediate
59,82,9,5,73,74.88706797,Professional
71,97,4,0,70,69.95072152,Intermediate
61,100,7,10,82,116.2092014,Intermediate
28,69,5,4,82,67.64892161,Advanced
16,65,3,6,84,55.50460634,Advanced
67,61,5,10,68,78.33396676,Professional
39,66,11,1,84,66.64762846,Advanced
26,68,6,2,80,102.8081928,Advanced
71,83,1,9,65,101.274726,Professional
42,82,9,13,57,91.98331015,Advanced
83,77,4,12,90,66.39070651,Beginner
24,53,0,0,92,83.68775117,Advanced
22,78,2,7,73,103.1947775,Advanced
37,74,14,0,84,89.68546724,Advanced
43,76,13,6,71,78.97485724,Advanced
45,76,10,11,63,78.49708476,Advanced
61,96,4,4,76,102.0484865,Intermediate
76,67,3,9,71,128.4463441,Professional
63,86,13,2,76,66.87383646,Professional
67,68,3,15,57,82.89373909,Professional
60,99,13,13,93,82.17872169,Intermediate
65,65,13,7,84,121.8746214,Beginner
36,80,8,10,65,79.7709059,Advanced
71,100,8,3,73,77.14161975,Intermediate
60,83,11,14,100,51.66656332,Beginner
37,81,11,7,70,88.19392653,Advanced
36,78,7,9,63,118.9155992,Advanced
29,74,4,7,74,79.27302383,Advanced
35,73,7,8,73,67.28205649,Advanced
26,56,9,9,100,101.5754771,Advanced
62,70,10,7,69,49.54577382,Professional
62,95,6,6,81,87.33867049,Intermediate
86,100,7,3,55,105.0314801,Intermediate
76,96,9,1,69,72.07922975,Intermediate
26,81,0,13,60,102.7099624,Advanced
35,65,10,3,90,107.3497596,Advanced
40,61,5,8,74,60.20193544,Advanced
48,92,3,9,94,61.42440376,Intermediate
61,61,6,2,72,97.02349137,Beginner
74,82,3,7,83,63.04334027,Beginner
73,68,10,11,90,95.59716744,Beginner
34,67,10,1,85,70.68631644,Advanced
81,70,8,3,78,103.0693341,Professional
50,74,12,4,88,78.46171155,Beginner
70,94,2,2,66,61.8120195,Intermediate
60,91,8,8,83,92.0213201,Professional
38,88,12,9,61,117.556175,Advanced
45,72,9,10,63,89.85966957,Advanced
75,100,12,6,77,70.84026586,Intermediate
75,97,6,1,62,136.0618516,Intermediate
55,58,10,7,77,74.82792237,Professional
60,77,11,8,89,84.36470799,Beginner
31,76,15,0,85,77.89752291,Advanced
83,71,5,4,74,112.7768254,Professional
70,76,7,7,85,80.80749626,Beginner
52,95,4,8,90,66.36383583,Intermediate
69,66,13,7,81,136.8123048,Beginner
79,63,5,5,79,103.6454413,Beginner
52,63,13,4,80,76.20884492,Professional
61,76,6,4,85,57.30095293,Beginner
33,67,10,0,88,78.24750137,Advanced
28,78,1,12,63,96.38116029,Advanced
88,63,0,4,74,96.2177728,Beginner
43,83,13,11,60,91.46638238,Advanced
64,63,11,5,75,71.52037971,Professional
64,66,4,8,73,93.16028708,Professional
76,96,5,0,62,102.3274171,Intermediate
63,100,12,12,90,70.13244369,Intermediate
86,100,17,5,67,89.34005954,Intermediate
66,97,1,2,63,91.63543263,Intermediate
24,66,3,2,85,90.61862811,Advanced
82,100,10,1,60,116.3864507,Intermediate
77,83,9,2,74,89.58702683,Professional
56,100,8,11,88,100.2803362,Intermediate
24,73,4,5,80,78.1578062,Advanced
69,96,12,8,81,87.74580849,Intermediate
25,71,4,3,81,93.04874974,Advanced
80,65,4,5,74,106.6595728,Professional
64,69,8,7,72,77.87955136,Professional
44,63,18,2,72,151.0502783,Beginner
71,98,9,4,75,80.76744381,Intermediate
70,75,9,6,69,68.60090964,Intermediate
59,99,15,1,81,66.30944675,Professional
73,96,7,2,67,115.5355396,Intermediate
72,80,12,1,84,100.4496983,Professional
79,91,6,1,62,84.07068886,Intermediate
80,98,5,1,56,118.0532783,Intermediate
22,69,6,0,89,90.79034022,Advanced
28,67,2,7,76,80.22907273,Advanced
59,87,17,0,78,53.66014731,Professional
30,73,4,6,72,109.4616701,Advanced
28,70,4,6,77,73.96456248,Advanced
58,67,12,5,86,95.61228706,Beginner
95,67,5,2,71,64.1852534,Beginner
42,72,14,2,80,71.80293318,Advanced
84,94,11,1,65,77.33342222,Intermediate
57,71,11,8,92,71.8210662,Beginner
23,64,4,0,89,95.58902243,Advanced
58,78,7,3,81,92.55279722,Professional
75,74,2,7,70,105.5021121,Professional
46,63,15,0,80,119.5100382,Beginner
16,61,5,3,91,75.10231891,Advanced
72,100,7,3,71,91.50002141,Intermediate
57,91,17,1,78,47.61997249,Professional
75,79,0,5,84,57.16653558,Beginner
44,68,11,1,79,83.92666264,Beginner
57,72,0,13,62,69.30993566,Professional
74,100,4,0,58,135.8578725,Intermediate
69,63,8,4,79,110.5421759,Beginner
64,99,5,3,72,101.0871856,Intermediate
57,100,14,14,93,88.94695277,Intermediate
35,68,8,3,80,91.36335719,Advanced
71,58,4,9,70,93.82427081,Professional
65,75,10,8,87,93.51922528,Beginner
66,79,15,1,79,70.75304786,Professional
11,59,6,4,89,76.91310524,Advanced
68,83,11,1,76,72.42840425,Professional
62,72,14,3,76,57.4998416,Professional
59,80,6,5,75,85.08634845,Professional
60,67,8,0,75,100.0243325,Beginner
58,65,12,4,83,108.1593263,Beginner
96,100,7,7,55,100.4808822,Intermediate
49,75,13,8,63,96.68674367,Advanced
70,61,8,3,77,113.8936464,Beginner
64,75,3,1,79,61.3987391,Professional
78,69,6,3,78,115.8414682,Professional
68,75,7,7,87,74.01244518,Beginner
81,99,8,0,61,94.28114686,Intermediate
85,53,2,2,73,108.9454498,Beginner
51,94,8,10,96,46.49730189,Intermediate
73,77,1,6,90,75.65143021,Beginner
72,96,8,2,73,56.61580785,Intermediate
28,60,3,2,85,80.50668246,Advanced
64,50,4,13,66,73.65595665,Professional
68,76,4,6,71,87.20005106,Professional
57,90,2,5,91,79.02668748,Beginner
75,95,8,2,70,84.10828094,Intermediate
64,72,9,3,78,102.5013516,Beginner
57,65,11,6,73,61.14269775,Professional
46,88,13,10,100,47.2965015,Beginner
71,87,2,6,89,87.03142927,Beginner
65,77,7,9,93,53.11090612,Beginner
76,63,2,4,82,69.65280142,Beginner
48,78,6,0,84,48.76050428,Beginner
62,64,11,0,73,131.5166406,Beginner
76,65,4,2,74,102.055213,Beginner
75,50,2,9,74,117.0076795,Professional
77,64,7,5,72,89.15069957,Professional
67,95,9,7,80,88.05493838,Intermediate
75,71,7,6,70,83.49707157,Professional
69,83,13,1,77,81.10473611,Professional
61,100,9,9,83,93.47541352,Intermediate
19,76,3,11,66,108.439248,Advanced
26,70,5,3,83,85.48050433,Advanced
78,76,3,8,84,70.12133043,Beginner
54,75,7,0,79,71.22598629,Beginner
59,79,9,5,73,60.15913887,Professional
32,67,3,8,71,98.44062206,Advanced
59,97,4,4,77,97.77584387,Intermediate
39,93,4,16,100,79.16708569,Intermediate
72,73,10,9,86,104.144332,Beginner
49,70,16,2,74,104.4914956,Advanced
58,96,10,12,94,73.18946808,Intermediate
27,72,8,2,88,49.97563185,Professional
64,96,5,4,78,65.71127119,Intermediate
51,86,13,8,93,71.71698274,Beginner
57,67,7,7,72,68.7291564,Professional
57,64,9,7,73,64.70467096,Professional
79,96,12,7,79,81.25529818,Intermediate
75,61,1,10,67,96.70368816,Professional
74,73,8,4,74,93.51218182,Professional
73,62,0,8,71,107.169572,Professional
55,79,12,7,89,79.39902364,Beginner
72,77,9,4,72,80.51327662,Professional
74,76,4,6,69,87.468453,Professional
74,67,0,0,73,66.97979462,Beginner
73,92,11,3,78,45.51625858,Intermediate
21,65,3,1,90,64.08361173,Advanced
34,73,5,9,69,83.57429107,Advanced
37,91,10,13,55,112.1351798,Advanced
71,96,0,3,56,118.649093,Intermediate
14,53,7,5,89,67.12448601,Advanced
46,79,14,3,84,92.9502495,Beginner
69,79,2,3,85,76.62157751,Beginner
34,71,6,7,72,89.43946496,Advanced
68,94,8,6,78,92.83897344,Intermediate
83,55,3,9,70,128.8789045,Professional
54,71,14,5,84,107.3046492,Beginner
47,98,17,2,73,64.16988796,Professional
68,75,8,5,79,100.069123,Beginner
51,94,1,4,83,69.53505903,Intermediate
27,72,6,5,81,64.64782216,Advanced
32,73,10,2,81,82.22462058,Advanced
54,94,7,9,88,81.67424367,Intermediate
33,69,7,5,81,49.18507924,Advanced
39,67,3,11,68,67.31193272,Advanced
63,83,9,15,100,56.95611833,Beginner
53,72,9,1,76,87.18802092,Beginner
63,94,9,10,86,98.32134171,Intermediate
45,61,20,0,75,157.1183534,Beginner
12,64,0,2,100,61.66762278,Advanced
45,65,15,0,86,46.3018948,Advanced
63,65,6,7,74,84.47871331,Professional
67,73,5,6,73,92.48961222,Professional
63,75,6,7,71,75.62589509,Professional
78,62,4,7,84,76.40813913,Beginner
64,100,0,0,67,101.4959921,Intermediate
63,66,7,2,80,88.6595627,Beginner
42,100,5,16,100,118.3400604,Intermediate
29,68,8,1,88,63.29128681,Advanced
63,85,6,6,88,52.0789366,Beginner
88,62,5,12,88,91.40521065,Beginner
75,84,9,2,73,84.87292186,Professional
54,68,14,4,84,111.226081,Beginner
70,78,9,3,75,85.88032599,Professional
70,96,6,1,73,49.07841764,Intermediate
33,94,3,18,100,109.4499433,Intermediate
67,94,7,5,80,62.88133666,Intermediate
57,50,4,11,72,79.18949023,Professional
13,62,1,0,93,107.179676,Advanced
68,100,5,2,70,93.98144571,Intermediate
30,71,1,10,68,92.34365737,Advanced
71,64,6,0,71,116.1091871,Beginner
44,90,11,5,73,46.94183901,Professional
63,99,8,7,79,103.6384934,Intermediate
57,74,9,7,91,65.2557126,Beginner
70,72,5,4,81,76.49607917,Beginner
75,93,10,3,79,63.29261377,Intermediate
71,79,4,10,93,50.04614933,Beginner
75,61,4,6,73,101.6307914,Professional
36,72,13,0,85,74.22882587,Advanced
58,66,12,4,85,99.12321458,Beginner
85,70,7,5,69,92.75338376,Professional
27,65,2,4,82,71.57491506,Advanced
72,83,4,9,88,56.22023118,Beginner
58,90,8,8,93,62.9975467,Intermediate
57,83,6,7,92,51.70119064,Beginner
74,100,7,2,66,98.76854061,Intermediate
66,82,8,4,72,76.09932582,Professional
78,80,1,11,93,53.86111127,Beginner
33,82,3,15,58,86.27911398,Advanced
70,66,4,8,92,48.42229058,Beginner
63,73,8,5,84,79.99194571,Beginner
91,100,16,5,63,117.0066283,Intermediate
63,68,2,11,65,76.3019616,Professional
62,69,8,6,73,78.74573066,Professional
39,88,16,7,64,94.92192294,Advanced
34,67,4,7,74,85.76882038,Advanced
60,78,18,2,76,46.07149247,Professional
62,74,7,8,68,61.01797059,Professional
68,77,11,6,68,56.93667371,Professional
65,89,4,7,89,50.09176242,Beginner
33,76,8,5,73,99.78681202,Advanced
67,74,14,11,89,115.2295259,Beginner
68,94,7,3,76,65.85766134,Intermediate
82,68,2,7,83,74.92939607,Beginner
42,69,12,3,76,98.54480659,Advanced
71,95,8,4,70,100.560926,Intermediate
10,66,6,4,86,84.8804557,Advanced
61,76,7,5,85,70.97437326,Beginner
76,76,3,3,76,85.59656476,Beginner
34,63,14,2,90,83.65344855,Advanced
66,68,7,2,77,94.29556177,Beginner
29,74,7,3,78,98.49072404,Advanced
70,71,7,8,88,74.17760366,Beginner
66,95,5,3,72,113.2618651,Intermediate
63,99,8,7,80,100.6626936,Intermediate
32,64,11,3,94,81.14336168,Advanced
69,81,11,2,76,72.08545017,Professional
71,95,8,3,73,80.43488335,Intermediate
26,72,3,8,73,81.8045028,Advanced
66,75,5,7,71,84.32315706,Professional
59,64,12,7,72,53.46159067,Professional
65,93,10,9,87,61.16453281,Intermediate
63,98,11,9,90,47.67272078,Intermediate
52,87,19,1,78,51.3257525,Professional
39,79,12,9,67,73.86477281,Advanced
63,71,13,3,77,66.37595062,Professional
62,100,12,11,85,106.8400754,Intermediate
66,100,5,3,70,114.6169388,Intermediate
89,70,0,4,75,144.2209574,Professional
47,95,5,4,92,80.95372173,Beginner
70,100,8,5,74,98.18027762,Intermediate
62,93,7,6,83,75.48284601,Intermediate
65,100,14,12,89,82.19473222,Intermediate
67,79,9,5,70,61.85943105,Professional
60,67,9,6,90,69.35699504,Beginner
63,100,10,9,83,93.81055655,Intermediate
65,77,4,0,75,74.27575729,Beginner
56,59,6,4,72,90.3634342,Beginner
59,80,16,12,96,93.60849875,Beginner
69,88,12,5,84,50.72794983,Intermediate
49,96,2,8,87,93.7956624,Intermediate
84,69,1,9,66,120.9826916,Professional
55,96,5,8,87,80.58989666,Intermediate
60,71,0,11,66,78.18987493,Professional
57,67,14,5,84,115.735836,Beginner
30,67,7,1,86,82.52588832,Advanced
56,97,12,13,97,61.8293843,Intermediate
38,69,12,2,82,74.42095608,Advanced
21,67,5,0,92,60.14663376,Advanced
48,93,3,10,93,78.61119027,Intermediate
79,77,6,11,87,86.67813252,Beginner
74,60,11,9,86,121.3672467,Beginner
65,72,11,8,86,101.5688156,Beginner
53,76,8,3,87,60.41643422,Beginner
50,66,6,12,65,49.97951454,Beginner
58,94,6,7,84,82.17936762,Intermediate
70,100,7,5,71,102.2665087,Intermediate
39,85,9,9,65,100.2162345,Advanced
57,64,11,6,74,57.30987134,Professional
66,96,8,5,81,55.45494543,Intermediate
71,56,5,9,69,81.74332012,Professional
70,64,3,4,83,62.25897752,Beginner
40,63,11,1,84,63.43253689,Advanced
50,66,8,7,76,72.7624091,Professional
57,79,6,0,79,66.95523108,Beginner
36,70,10,2,80,86.90418088,Advanced
57,84,9,10,97,47.00915562,Beginner
69,75,4,4,82,67.97468005,Beginner
26,67,5,2,87,58.60430901,Advanced
52,77,11,8,68,48.17572596,Professional
64,96,6,5,80,66.85361928,Intermediate
62,69,15,4,76,58.04077606,Professional
74,72,6,5,78,103.827922,Beginner
79,94,6,0,63,89.09858425,Intermediate
72,57,11,3,75,142.917776,Beginner
26,68,7,0,89,95.95090059,Advanced
36,68,8,5,79,64.0400913,Advanced
62,67,9,5,85,90.54129472,Beginner
64,100,7,5,73,109.4830711,Intermediate
73,69,9,4,73,79.00883826,Professional
61,77,9,5,83,83.2648531,Beginner
40,75,12,4,72,107.2557192,Advanced
70,74,9,4,73,81.45579014,Professional
66,76,12,1,81,86.80333334,Professional
57,79,14,8,88,99.6519525,Beginner
59,81,5,7,94,56.41113681,Beginner
57,75,18,0,83,60.86630939,Professional
33,81,3,12,60,110.0019039,Advanced
71,60,5,1,75,100.4686185,Beginner
41,80,13,6,67,117.6633187,Advanced
56,76,7,3,85,57.52348048,Beginner
62,64,0,12,67,91.95314599,Professional
14,68,0,3,88,78.59146193,Advanced
29,71,11,0,84,90.21133535,Advanced
65,78,11,9,89,92.00037424,Beginner
61,61,12,4,82,117.058011,Beginner
66,65,10,4,79,118.6220392,Beginner
69,81,19,2,84,74.69273621,Professional
83,100,14,4,72,57.58868101,Intermediate
62,83,7,5,72,81.68054522,Professional
60,91,1,1,80,47.92881016,Intermediate
67,73,9,8,89,80.62080811,Beginner
73,81,0,6,72,109.045583,Professional
29,78,3,11,67,76.71548639,Advanced
80,100,4,3,55,93.34185757,Intermediate
66,95,8,6,81,69.63826271,Intermediate
54,96,6,8,89,74.24467109,Intermediate
67,93,7,5,78,85.52457525,Intermediate
78,74,0,5,81,58.2338018,Beginner
40,76,12,6,71,96.02080533,Advanced
30,85,4,12,60,114.3703885,Advanced
69,78,5,4,76,98.87939473,Professional
22,68,3,2,87,74.17439685,Advanced
68,96,5,2,70,104.3425318,Intermediate
70,77,3,2,79,64.70613466,Beginner
29,75,6,5,72,117.122084,Advanced
31,82,4,13,62,77.69004407,Advanced
63,75,8,6,85,80.65267994,Beginner
29,72,7,6,78,61.12345736,Advanced
101,100,12,4,55,117.6256123,Intermediate
35,72,7,6,71,100.4548199,Beginner
83,100,11,2,59,130.5740588,Intermediate
57,72,6,8,70,72.41269206,Professional
69,99,15,11,85,89.82398939,Intermediate
56,97,15,0,78,58.06520366,Professional
55,78,9,4,86,67.0150087,Beginner
46,95,2,11,93,101.8243405,Intermediate
66,71,7,4,82,83.14490158,Beginner
61,75,4,0,80,58.431817,Beginner
76,100,12,4,71,88.21026888,Intermediate
48,91,15,9,60,101.9920121,Advanced
45,76,14,6,69,98.39669935,Advanced
51,79,7,6,75,74.17778614,Professional
58,87,15,3,74,45.641269,Professional
67,66,7,4,81,91.95810634,Beginner
107,100,18,0,55,125.234355,Intermediate
57,84,14,3,75,57.43115807,Professional
54,77,11,10,98,53.50982903,Beginner
57,87,9,9,92,57.6233076,Intermediate
71,61,10,5,79,123.3909986,Beginner
72,71,12,2,78,92.98436267,Professional
44,73,19,2,84,100.1747395,Advanced
60,68,9,7,72,63.07241045,Professional
54,75,17,10,92,111.0554167,Beginner
71,100,13,8,80,89.0754292,Intermediate
46,77,13,9,66,77.67919928,Advanced
63,96,5,3,78,69.01189578,Intermediate
57,71,8,6,76,78.47739386,Professional
64,67,9,5,84,91.75272444,Beginner
23,66,0,6,79,82.64153994,Advanced
70,56,9,2,76,126.1782512,Beginner
45,74,11,8,65,103.1326356,Advanced
63,95,5,4,82,52.42604822,Intermediate
38,76,8,9,67,81.37375074,Advanced
58,64,8,9,71,72.20841844,Professional
59,85,8,6,71,63.72453305,Professional
79,76,0,4,80,50.76231234,Beginner
59,94,1,3,78,84.03359453,Intermediate
66,81,15,0,80,68.07266151,Professional
65,65,12,6,87,103.5668853,Beginner
61,81,2,0,80,49.22220034,Beginner
64,72,2,0,77,57.75224101,Beginner
59,76,9,8,69,62.00564222,Professional
58,60,8,6,77,83.46937519,Professional
65,80,2,6,73,98.86904297,Professional
36,80,9,8,67,94.79193141,Advanced
59,100,9,10,87,87.29632917,Intermediate
59,61,13,7,89,99.19831787,Beginner
58,75,17,14,99,99.04313269,Beginner
72,99,8,3,65,142.6372872,Intermediate
58,70,11,5,86,88.34041976,Beginner
51,95,10,15,100,45.7110338,Intermediate
56,94,4,8,86,86.99736056,Intermediate
53,86,6,7,97,73.52385659,Beginner
33,74,7,7,75,63.91310864,Advanced
34,72,9,5,80,45.18122973,Advanced
63,95,4,2,73,98.07363952,Intermediate
61,78,9,3,78,87.15485993,Professional
60,74,6,7,72,79.79946034,Professional
62,80,8,6,72,76.45517917,Professional
53,83,11,4,85,82.02941532,Beginner
63,93,3,1,72,84.99250999,Intermediate
75,64,5,4,78,96.21686449,Beginner
27,68,3,5,79,80.37435831,Advanced
62,100,6,7,75,136.0550799,Intermediate
62,79,6,4,83,67.50678859,Beginner
68,100,3,2,65,125.5251166,Intermediate
78,77,10,16,96,90.14692771,Beginner
36,53,4,3,85,64.0697724,Advanced
33,75,5,9,69,79.66830569,Advanced
63,72,8,4,81,90.25135595,Beginner
85,71,8,16,94,89.84426818,Beginner
36,81,6,12,62,75.19381908,Advanced
59,72,6,8,70,74.18413304,Professional
40,86,13,10,66,66.17845419,Advanced
47,82,17,3,77,50.12791808,Professional
38,95,13,5,74,56.75944873,Professional
84,98,8,0,58,120.8249963,Intermediate
59,73,12,4,78,76.3377784,Professional
73,100,5,0,66,81.06527017,Intermediate
33,77,10,5,76,74.10681363,Advanced
72,99,11,8,80,83.10861829,Intermediate
23,70,0,8,75,78.21737933,Advanced
62,67,9,8,93,65.92438902,Beginner
68,100,13,11,86,76.00348504,Intermediate
71,80,8,12,93,72.41180645,Beginner
74,100,14,9,80,87.6441844,Intermediate
59,72,9,3,84,78.68361494,Beginner
37,66,9,3,83,51.79096052,Advanced
70,81,1,6,88,60.20616623,Beginner
23,64,2,3,87,55.61416364,Advanced
27,73,6,2,88,50.15403484,Advanced
78,100,13,7,71,105.1374162,Intermediate
32,75,9,4,76,91.37385079,Advanced
51,82,18,9,67,50.42469317,Advanced
36,71,12,1,83,78.662788,Advanced
34,68,6,5,78,73.56615137,Advanced
71,65,8,7,70,79.16696021,Professional
72,100,8,5,70,103.7493446,Intermediate
47,87,1,5,92,64.01312236,Intermediate
68,75,3,7,71,96.3045928,Professional
74,75,3,3,79,64.94205376,Beginner
77,70,3,6,72,105.7152358,Professional
37,82,9,10,63,90.19816824,Advanced
66,92,11,3,88,102.5622237,Intermediate
75,66,2,9,66,92.80930879,Professional
59,100,9,11,87,97.09849712,Intermediate
80,94,2,8,55,62.36202391,Intermediate
28,61,7,1,95,55.19674567,Advanced
60,60,9,3,83,91.7711069,Beginner
51,95,6,12,93,94.88420307,Intermediate
76,95,5,1,62,78.42420856,Intermediate
58,83,1,1,84,68.14855531,Beginner
22,70,5,0,87,98.78231438,Advanced
69,72,7,7,69,71.76490943,Professional
76,92,10,0,73,54.666599,Intermediate
55,67,0,13,65,80.45451278,Professional
29,62,11,0,86,90.5616004,Advanced
73,93,8,0,69,80.26197997,Intermediate
49,90,12,3,75,50.71019216,Professional
79,58,6,5,75,110.8466253,Professional
31,71,4,8,73,66.23837534,Advanced
58,98,11,12,93,72.8764402,Beginner
68,69,5,7,70,81.85991697,Professional
75,69,0,7,72,114.0253961,Professional
43,70,16,5,91,89.14372008,Beginner
67,64,9,3,79,111.4355189,Beginner
49,92,18,11,56,89.33954315,Advanced
24,69,3,4,84,65.92937895,Advanced
68,100,8,7,75,107.3833285,Intermediate
54,90,3,5,85,67.44298995,Intermediate
34,72,8,6,78,51.55187663,Advanced
72,79,9,3,73,76.48897275,Professional
42,70,19,2,91,54.41959566,Advanced
60,63,12,5,84,105.6813822,Beginner
31,77,2,12,63,88.24207344,Advanced
70,58,14,7,81,145.8192728,Beginner
72,58,1,13,62,92.78501814,Professional
73,68,2,3,80,65.27308316,Beginner
77,77,10,3,74,84.73221096,Professional
83,69,8,2,78,113.0304926,Professional
72,68,7,4,79,103.4153987,Beginner
59,68,3,10,68,86.32702954,Professional
72,87,1,7,87,55.27181609,Beginner
57,66,1,11,67,76.44802861,Professional
51,76,13,12,60,67.71782362,Advanced
67,65,0,3,70,70.39225956,Beginner
77,97,8,4,66,133.6277017,Intermediate
75,87,4,15,100,72.19875622,Beginner
32,65,6,3,82,76.66807502,Advanced
53,68,8,8,71,62.48395037,Professional
69,99,10,8,78,108.4895797,Intermediate
76,50,0,11,68,114.4942287,Professional
73,100,3,1,59,152.8552999,Intermediate
38,82,9,11,64,71.67702206,Beginner
35,68,6,6,75,89.81759235,Advanced
60,68,12,6,87,98.83216913,Beginner
88,69,0,7,69,121.9724835,Professional
50,72,20,6,82,161.6655632,Beginner
28,72,3,8,76,60.92587755,Advanced
41,95,9,19,100,80.2391098,Intermediate
36,56,9,1,94,50.07239989,Advanced
63,76,16,0,81,67.33027005,Professional
51,95,0,2,81,65.7014766,Intermediate
84,63,5,4,74,103.1629991,Professional
62,67,10,5,76,77.30681349,Professional
30,64,1,6,77,87.37794654,Advanced
68,67,2,10,68,91.21454727,Professional
76,100,13,9,80,76.74636779,Intermediate
73,50,2,12,68,117.139599,Professional
75,75,0,4,82,45.51383336,Beginner
52,92,5,8,89,78.60016602,Intermediate
56,79,4,1,83,45.64396334,Beginner
87,95,19,8,77,68.65958607,Intermediate
67,80,11,13,95,80.05006284,Beginner
54,83,11,3,80,95.1228195,Beginner
36,74,1,15,57,88.59629463,Advanced
56,70,9,4,86,76.23382881,Beginner
73,64,2,7,73,109.2765729,Beginner
59,93,7,9,86,94.31387179,Intermediate
75,62,6,5,79,106.0413144,Beginner
75,65,7,5,75,101.1910045,Professional
26,78,0,11,63,121.3228646,Advanced
54,90,6,8,92,54.68977354,Intermediate
48,85,15,12,59,75.81091034,Advanced
61,58,11,0,75,124.0945169,Beginner
67,97,6,3,73,89.72359789,Intermediate
69,100,10,9,75,128.0268019,Intermediate
76,100,13,8,76,91.45079137,Intermediate
56,70,11,6,75,71.0645088,Professional
60,79,13,2,77,67.37395931,Professional
37,73,8,7,72,81.1171327,Advanced
65,67,7,5,86,74.85154531,Beginner
62,91,1,0,73,68.39889605,Intermediate
35,71,8,5,77,80.34221477,Advanced
67,68,6,5,85,70.8634161,Beginner
58,54,8,9,73,72.72646022,Professional
63,71,9,6,85,85.56682627,Beginner
84,51,3,0,66,127.734075,Beginner
57,70,7,6,76,80.10502238,Professional
62,83,11,5,71,64.30417969,Professional
55,84,12,10,96,63.29910361,Beginner
77,72,6,4,73,97.85874406,Professional
67,100,14,13,92,64.05192589,Intermediate
55,95,12,16,100,60.17502858,Intermediate
59,94,6,6,85,60.81973077,Intermediate
92,66,2,6,78,71.00070722,Beginner
62,73,7,4,85,69.87833445,Beginner
53,98,7,13,91,113.8730047,Intermediate
50,62,2,12,70,82.61415181,Professional
17,76,4,1,86,98.61138106,Advanced
23,71,2,5,80,81.21530267,Advanced
75,66,3,7,71,103.4963208,Professional
54,50,2,13,69,80.44035206,Professional
49,92,14,2,76,46.14305864,Professional
21,57,6,6,100,67.9216259,Advanced
30,77,5,6,69,124.8309172,Advanced
28,65,8,1,93,72.09585212,Advanced
69,68,11,2,73,129.5391924,Beginner
75,68,3,7,69,95.42624367,Professional
67,59,5,2,68,110.2655791,Beginner
43,90,6,13,100,67.32747672,Intermediate
61,77,7,3,82,74.1117993,Beginner
51,67,8,5,69,98.25921617,Beginner
72,81,16,0,78,64.87409001,Professional
63,100,3,3,73,96.16385543,Intermediate
67,79,2,5,87,51.63455595,Beginner
86,100,8,2,55,100.1214078,Intermediate
77,92,20,13,90,63.69540513,Intermediate
78,92,0,14,98,75.80536212,Beginner
60,91,6,5,85,55.67681952,Intermediate
26,72,5,4,82,76.54191956,Advanced
62,95,5,4,77,93.53307811,Intermediate
73,67,8,6,81,106.9628997,Beginner
67,83,10,3,74,74.06995409,Professional
67,77,8,9,91,69.70790419,Beginner
73,77,10,4,72,74.86285509,Professional
67,52,7,7,75,81.96870093,Professional
74,76,8,6,80,103.8098146,Beginner
61,100,9,12,86,118.7959723,Intermediate
90,96,11,0,55,114.2953855,Intermediate
69,74,7,5,74,87.6387639,Professional
39,75,11,5,72,97.12172287,Advanced
48,93,7,13,97,93.69091411,Intermediate
74,100,3,1,59,108.4434363,Intermediate
70,79,5,5,72,88.52455022,Professional
48,94,6,12,95,83.58997123,Intermediate
27,67,7,0,87,88.55467322,Advanced
55,73,16,8,66,59.2229639,Advanced
65,78,3,6,71,90.06408056,Professional
70,82,2,4,82,55.01153942,Beginner
86,56,4,3,79,122.707459,Professional
25,66,2,3,83,85.32454419,Advanced
66,58,3,1,75,78.24009552,Beginner
63,97,10,7,86,52.08237676,Intermediate
79,58,7,3,74,125.8853207,Beginner
70,72,5,5,83,70.98227651,Beginner
57,68,3,9,72,89.08579552,Professional
62,75,6,5,86,64.8499584,Beginner
72,64,6,6,83,88.73712072,Beginner
68,73,10,4,76,84.64972743,Professional
27,71,2,10,72,62.37094221,Advanced
67,87,11,7,89,64.66199297,Intermediate
62,72,5,9,68,76.65178953,Professional
50,73,17,4,76,50.56644443,Professional
54,100,20,2,80,57.87703677,Professional
65,90,0,2,67,72.5093694,Intermediate
70,99,8,4,74,84.81537821,Intermediate
78,100,11,4,67,103.0572299,Intermediate
63,76,6,4,83,71.4581182,Beginner
53,98,6,11,90,98.63998166,Intermediate
50,87,12,15,100,45.90163246,Intermediate
45,70,9,11,66,58.70581212,Advanced
65,86,9,3,78,82.86041951,Professional
65,94,8,5,82,50.11278553,Intermediate
78,96,2,4,55,113.975158,Intermediate
74,97,4,1,64,78.01822907,Advanced
72,81,7,4,72,86.89521591,Professional
79,50,8,8,72,92.44228548,Professional
10,68,7,7,81,84.68160462,Advanced
76,84,0,4,79,51.32402807,Beginner
65,50,6,9,72,84.77252244,Professional
58,98,2,4,77,92.61263039,Intermediate
30,68,3,6,75,89.78158657,Advanced
73,78,7,9,87,82.11773699,Beginner
60,73,4,1,74,73.99249696,Beginner
87,72,2,13,91,63.01184419,Beginner
77,70,4,5,78,88.3085086,Beginner
35,71,8,6,77,59.35471068,Advanced
61,94,3,4,76,103.0948629,Intermediate
37,68,14,1,87,79.67397235,Advanced
69,75,11,5,74,70.47904254,Professional
65,52,10,1,73,134.917419,Beginner
30,60,3,4,83,74.54880941,Advanced
70,50,2,10,75,130.3127697,Professional
55,79,11,5,74,58.57512146,Professional
73,76,0,7,91,71.39944267,Beginner
79,81,1,10,94,76.06053163,Beginner
59,73,8,4,85,72.53509705,Beginner
76,83,6,13,93,59.50232832,Beginner
61,73,11,6,72,59.22832585,Professional
58,93,17,17,55,117.3754748,Advanced
74,95,11,1,69,61.90387161,Intermediate
63,76,4,8,69,85.30682325,Professional
64,98,11,10,85,98.89852878,Intermediate
43,69,13,3,76,85.24220465,Advanced
77,96,12,2,74,55.07984677,Intermediate
58,81,14,8,87,101.4929273,Beginner
26,79,1,11,66,96.16813427,Advanced
61,63,12,5,84,112.480164,Beginner
62,100,6,6,75,119.397159,Intermediate
76,58,1,11,67,111.7262292,Professional
67,68,5,1,76,84.57686653,Beginner
73,73,0,3,81,46.04567169,Beginner
68,95,9,7,79,89.11889062,Intermediate
58,92,4,5,85,48.79340649,Intermediate
53,83,11,2,80,74.76342226,Advanced
68,61,6,3,81,86.14251158,Beginner
46,93,0,8,87,113.726742,Intermediate
41,83,13,6,74,49.16951247,Professional
57,67,9,7,74,67.8099211,Professional
64,73,10,4,77,86.16916087,Professional
64,93,8,5,82,67.07816612,Intermediate
53,97,13,3,73,49.83939371,Professional
62,67,4,10,67,74.93711135,Professional
70,79,2,6,87,52.39974694,Beginner
32,74,4,9,68,87.80971019,Advanced
66,67,8,7,71,76.27810973,Professional
88,50,6,11,69,150.0396216,Professional
54,75,10,4,87,71.47678136,Beginner
92,100,12,2,56,131.917323,Intermediate
69,93,11,8,77,105.7875358,Intermediate
31,69,5,5,79,68.60033208,Advanced
61,92,2,0,75,46.25787609,Intermediate
88,100,13,1,60,104.0366951,Intermediate
60,73,20,4,72,55.88270555,Advanced
35,68,6,5,77,74.51852668,Advanced
64,70,4,2,81,61.48260407,Beginner
35,75,5,11,67,67.16287661,Advanced
50,78,18,5,70,83.98542345,Advanced
51,91,15,3,75,51.9190473,Professional
70,99,12,9,85,55.76438865,Intermediate
49,77,11,5,75,56.39275986,Professional
60,92,7,8,88,63.22704875,Intermediate
65,92,8,5,81,66.22017469,Intermediate
34,73,8,5,74,96.65477139,Advanced
59,92,3,4,79,86.52792283,Intermediate
35,76,12,2,79,91.50923279,Advanced
39,77,16,0,80,96.40029425,Advanced
63,80,6,6,72,83.59184196,Professional
72,70,2,2,78,69.60794393,Beginner
31,77,5,8,68,99.34719907,Advanced
49,85,9,7,96,58.87204712,Beginner
58,77,9,10,98,48.91028577,Beginner
13,74,6,11,70,105.8987334,Advanced
76,55,6,4,80,118.6704838,Professional
46,76,9,11,59,100.7107955,Advanced
27,67,8,0,90,79.74996301,Advanced
82,99,12,3,67,98.82634805,Intermediate
33,69,8,2,80,102.7335719,Advanced
66,67,8,5,85,85.33784418,Beginner
68,78,12,2,75,73.65530158,Professional
36,78,9,7,68,109.3183179,Advanced
75,95,4,2,65,62.68853563,Intermediate
63,85,5,5,73,86.25186658,Professional
59,77,7,3,82,74.2980457,Beginner
44,97,1,8,91,93.07186443,Intermediate
66,69,4,5,84,65.24611558,Beginner
63,73,9,4,76,75.94007994,Professional
25,82,0,13,58,124.5984696,Advanced
58,98,0,1,73,86.5595144,Intermediate
61,96,8,8,85,73.11240994,Intermediate
26,62,4,0,88,87.49574666,Advanced
76,68,5,9,87,81.28654215,Beginner
61,94,11,10,91,59.54990291,Intermediate
88,98,10,2,55,90.2457228,Intermediate
66,72,0,9,70,98.72815212,Professional
53,100,5,8,84,95.95307829,Intermediate
57,71,10,5,86,83.13663179,Beginner
59,70,4,0,79,59.01559592,Beginner
59,85,6,10,97,64.2830148,Beginner
43,69,15,1,82,70.98291392,Advanced
65,65,9,5,84,97.487219,Beginner
27,69,3,6,78,74.29738199,Advanced
49,71,20,0,84,51.60768585,Advanced
77,61,1,8,69,104.6312367,Professional
55,73,10,6,75,71.66582238,Professional
56,92,4,1,67,120.4034857,Intermediate
35,68,7,5,79,62.36801626,Advanced
66,83,7,2,75,93.22810046,Professional
64,91,9,6,85,46.43568959,Intermediate
41,76,13,4,73,99.29170322,Advanced
82,70,4,9,84,87.94818268,Beginner
24,62,3,1,89,79.31364378,Advanced
72,100,12,3,72,71.75156724,Intermediate
25,64,0,6,79,82.40877607,Advanced
50,75,11,4,79,68.02928306,Professional
72,93,8,3,76,58.61070106,Intermediate
30,68,8,1,85,73.61464353,Advanced
60,94,6,9,86,86.3864404,Intermediate
68,64,10,4,78,125.1869181,Beginner
11,74,5,7,76,113.9119179,Advanced
58,78,7,2,81,73.6167126,Beginner
72,85,14,0,78,73.03645289,Professional
79,94,10,2,69,75.4741073,Intermediate
26,70,4,5,83,52.59193715,Advanced
42,81,12,10,65,74.1154683,Advanced
70,83,0,6,87,58.72840595,Beginner
57,81,15,3,74,45.58225535,Professional
69,68,8,6,72,80.19090399,Professional
60,78,10,4,75,81.63127172,Professional
56,64,14,1,70,144.5835315,Beginner
67,100,8,3,71,83.90745131,Intermediate
71,85,2,11,96,69.47526696,Beginner
44,69,18,0,87,46.73299377,Advanced
52,90,13,7,90,73.60305806,Beginner
56,76,13,10,94,82.1679015,Beginner
57,89,2,0,74,76.16590168,Intermediate
70,78,7,8,86,81.3441322,Beginner
87,79,0,10,86,51.80885518,Beginner
72,74,8,9,87,88.02155552,Beginner
60,100,9,8,80,92.16102264,Intermediate
73,72,11,3,75,78.79670073,Professional
32,68,7,3,80,89.20271935,Advanced
31,62,3,5,81,70.98450012,Advanced
53,72,8,1,76,81.69239342,Beginner
29,69,5,3,80,97.03501481,Advanced
67,67,6,8,69,73.95599014,Professional
58,80,15,12,96,87.8583682,Beginner
64,72,17,15,98,112.7527051,Beginner
43,77,9,10,61,104.3121333,Advanced
49,94,4,9,91,82.55668144,Intermediate
34,66,9,0,85,82.4619594,Advanced
57,92,2,1,78,58.94347974,Intermediate
86,96,9,2,59,75.46830215,Intermediate
21,62,0,6,78,90.77618153,Advanced
70,73,8,4,78,105.9769927,Beginner
75,83,5,4,73,103.9876688,Professional
59,97,15,1,81,69.12296805,Professional
66,68,8,6,84,90.38465469,Beginner
31,68,6,5,81,58.0892231,Advanced
38,87,8,14,56,92.87626931,Advanced
29,58,4,0,90,78.98091413,Advanced
57,81,12,9,92,78.4236977,Beginner
38,69,9,3,76,104.4705981,Intermediate
74,62,2,8,69,91.80911975,Professional
79,79,1,8,87,49.89013229,Beginner
26,72,3,5,76,96.32594714,Advanced
69,96,7,3,77,62.00751015,Intermediate
49,75,20,2,77,73.81718095,Advanced
39,75,11,6,72,89.52105417,Advanced
68,100,6,4,70,119.9905819,Intermediate
47,98,1,8,87,103.4842419,Intermediate
59,74,10,6,89,73.48855448,Beginner
65,55,3,11,69,90.04083056,Professional
67,68,6,3,81,83.76977013,Beginner
84,72,1,3,76,65.51521598,Beginner
38,79,9,9,67,77.73754629,Advanced
82,70,1,5,74,116.2159809,Professional
83,70,2,7,82,73.6715452,Beginner
38,73,9,6,71,90.23069133,Advanced
51,66,6,9,73,73.81913481,Professional
48,84,16,9,63,80.03282325,Advanced
30,61,9,2,95,63.38818079,Advanced
48,82,16,4,68,124.7541147,Advanced
59,78,10,3,78,75.49688649,Professional
40,75,10,8,69,71.35933981,Advanced
72,94,13,2,81,87.09225061,Professional
47,78,15,7,67,79.32229622,Advanced
68,96,4,2,68,122.7914456,Intermediate
64,88,8,7,85,66.23709623,Intermediate
53,84,13,5,71,45.5966017,Professional
77,61,4,0,71,110.9642211,Beginner
55,76,17,9,64,53.84050532,Advanced
68,57,12,6,83,124.2908966,Beginner
47,61,14,0,77,122.1909062,Beginner
66,65,9,2,76,117.2851383,Beginner
73,86,6,3,74,95.8714012,Professional
32,73,7,5,76,87.90838589,Advanced
18,60,5,4,100,63.39621337,Advanced
61,72,7,6,73,72.7721641,Professional
71,61,2,9,69,97.2552893,Professional
69,75,8,10,91,74.76840135,Beginner
70,86,5,13,96,45.76513799,Beginner
47,72,16,3,81,49.54867468,Professional
62,83,10,4,74,67.19907919,Professional
45,68,14,2,80,67.20617975,Advanced
67,70,9,4,77,91.14981518,Professional
71,74,0,6,74,115.2165562,Professional
39,97,4,10,100,45.51400079,Intermediate
61,79,12,11,95,73.61757128,Beginner
72,72,3,2,77,81.05017773,Beginner
71,81,5,10,92,48.60427536,Beginner
57,96,9,10,93,51.01215348,Intermediate
75,96,4,1,59,118.6046071,Advanced
24,73,2,13,65,79.76259629,Advanced
38,82,14,4,72,102.310107,Advanced
43,95,4,12,98,90.16590127,Intermediate
59,65,8,8,71,66.15588916,Professional
75,96,12,6,77,79.80564654,Intermediate
59,75,6,3,84,57.72579769,Beginner
70,72,6,7,85,80.39696264,Beginner
31,67,4,7,78,60.90628128,Advanced
59,94,7,9,88,80.10979021,Intermediate
73,75,0,7,87,55.28262158,Beginner
72,76,1,5,85,46.91185442,Beginner
25,65,0,8,81,53.06068718,Advanced
32,69,2,9,71,81.2959132,Advanced
74,58,0,11,66,102.8763443,Professional
65,75,8,8,67,64.96578838,Professional
75,78,9,2,75,88.78123569,Professional
70,68,6,5,76,99.72160034,Professional
77,91,4,3,60,87.62738079,Intermediate
67,81,2,4,84,45.34946497,Beginner
55,93,0,0,80,58.77982346,Intermediate
72,66,8,7,84,101.5542757,Beginner
62,68,9,2,78,107.1508367,Beginner
34,76,11,3,76,109.8367162,Advanced
52,70,16,6,88,113.8059621,Beginner
58,86,11,3,77,77.18686349,Professional
27,70,7,2,87,50.14289559,Advanced
76,78,7,11,88,86.22065781,Beginner
66,99,14,12,89,81.88735403,Intermediate
64,87,7,4,73,76.25208788,Professional
59,100,14,18,96,115.3916979,Intermediate
39,82,6,15,55,83.73571765,Advanced
75,78,14,0,81,86.78438421,Professional
57,68,11,7,73,61.2017083,Professional
48,89,8,12,100,47.72457903,Intermediate
59,63,8,2,72,100.5469728,Beginner
77,77,1,8,89,46.493941,Beginner
76,56,0,9,70,112.0272449,Professional
63,90,2,1,76,67.22699215,Intermediate
45,60,11,5,72,105.6479629,Beginner
59,73,0,1,83,63.67669621,Beginner
24,67,6,4,77,99.34499385,Advanced
75,50,4,8,74,109.3767712,Professional
61,70,8,3,81,89.95098044,Beginner
36,79,9,8,67,106.9303141,Advanced
49,97,2,6,83,101.3484448,Intermediate
71,71,8,6,70,75.12773964,Professional
69,97,9,6,77,83.03527138,Intermediate
66,79,1,6,72,96.40194445,Professional
25,61,8,4,100,66.02970579,Advanced
36,86,9,13,57,82.0244371,Advanced
46,68,14,3,79,53.16495432,Intermediate
48,77,15,7,66,84.87350692,Advanced
83,100,11,0,60,97.03151541,Intermediate
66,59,12,2,74,139.3952728,Beginner
33,78,4,10,62,118.0682299,Advanced
41,71,13,2,78,98.62743038,Advanced
62,94,4,4,74,99.78539136,Professional
61,100,1,4,68,153.7274418,Intermediate
59,78,11,4,77,73.41069045,Professional
39,94,6,3,83,100.9552581,Intermediate
80,98,11,3,71,55.18789137,Intermediate
66,80,8,8,87,74.7801163,Beginner
76,65,4,8,68,90.37569499,Professional
76,56,4,7,71,96.07122425,Professional
76,66,7,3,74,116.3528684,Beginner
47,80,12,11,61,70.15820767,Advanced
42,82,5,18,55,104.7452477,Advanced
47,69,16,3,81,46.97974158,Advanced
67,97,9,7,79,99.54705967,Intermediate
66,95,9,6,81,78.69524861,Intermediate
61,53,0,14,64,82.49496464,Professional
46,80,11,12,57,96.57423901,Advanced
66,67,0,8,73,105.2133219,Professional
56,80,20,4,73,52.6983541,Advanced
59,97,11,15,98,82.19867556,Professional
87,65,1,7,68,109.5243046,Professional
90,69,1,5,76,73.01082128,Beginner
71,95,7,2,72,76.43890554,Intermediate
67,80,5,0,81,91.94478421,Beginner
79,70,3,2,79,126.3328075,Professional
68,83,8,11,92,65.23282052,Beginner
29,65,3,4,80,92.24008511,Advanced
49,73,14,6,70,86.7789285,Advanced
53,75,14,5,73,49.47060783,Professional
24,70,2,1,86,100.0137827,Advanced
61,92,5,4,80,75.5178518,Intermediate
36,69,11,1,82,80.32456013,Advanced
38,72,7,9,72,56.95708911,Advanced
67,100,5,5,73,108.9432965,Intermediate
63,53,5,9,72,81.99277081,Professional
66,78,14,14,95,99.65046785,Beginner
83,67,3,8,72,141.4296128,Professional
59,93,10,11,85,108.1641854,Intermediate
55,91,11,6,67,51.04340328,Professional
44,89,2,8,98,58.86251992,Intermediate
74,71,3,6,85,64.45461608,Beginner
19,59,2,1,100,54.34498895,Advanced
21,74,0,8,74,82.83175116,Advanced
61,92,14,13,99,57.73726659,Intermediate
69,99,8,5,74,93.2149986,Intermediate
11,70,0,0,92,91.23115147,Advanced
74,85,0,2,77,53.16338211,Beginner
58,97,13,15,98,62.93843985,Intermediate
86,57,1,0,66,119.6329904,Beginner
77,75,12,3,71,62.58680317,Professional
75,99,12,8,79,77.55595238,Intermediate
88,67,3,5,71,112.35685,Professional
20,70,5,2,94,65.68789344,Advanced
35,72,7,7,72,87.52611095,Advanced
46,79,13,5,75,51.41350736,Professional
56,73,14,3,78,64.17469343,Professional
62,71,5,4,83,72.05830019,Beginner
51,80,9,7,72,61.2379973,Professional
64,99,14,13,90,86.48320334,Intermediate
67,98,9,6,78,84.67657734,Intermediate
64,58,2,15,60,79.86302573,Professional
59,72,10,6,89,77.71610563,Beginner
35,74,5,11,66,67.27295678,Advanced
34,80,10,7,71,90.26930887,Advanced
61,95,6,6,81,86.06788742,Intermediate
75,70,6,3,78,108.7905617,Professional
60,90,11,2,75,63.70901778,Professional
65,82,7,5,83,78.57504708,Beginner
17,70,0,6,84,55.55098564,Advanced
65,89,6,3,81,52.47262504,Intermediate
54,83,13,9,93,74.77161699,Beginner
83,78,4,9,67,138.1048384,Professional
78,99,9,1,64,100.5706713,Intermediate
66,75,9,6,70,66.78971378,Professional
75,72,4,5,80,81.61393827,Beginner
56,80,7,7,71,76.9147713,Professional
77,100,17,10,80,84.00913834,Intermediate
70,77,2,8,67,89.24169165,Professional
30,66,2,8,76,58.13131899,Advanced
65,100,18,4,81,63.44445479,Professional
67,76,7,10,94,53.32952872,Beginner
26,59,5,2,93,89.61566864,Advanced
72,56,8,0,69,135.5730128,Beginner
49,83,12,6,92,65.18987303,Beginner
67,71,7,8,89,69.23315912,Beginner
44,72,13,6,73,72.37286565,Advanced
67,82,4,7,89,46.90865208,Beginner
39,82,10,9,65,98.59762047,Advanced
67,79,11,12,93,85.81325712,Beginner
36,79,9,8,70,68.09616964,Intermediate
58,72,15,5,81,125.6499266,Beginner
45,91,0,9,91,100.9160342,Beginner
22,58,3,0,97,55.36742023,Advanced
20,69,5,13,70,65.89714837,Advanced
47,67,12,1,82,93.1887016,Beginner
28,58,2,4,87,47.44247563,Advanced
35,88,5,15,55,119.3987245,Advanced
70,75,10,2,79,94.42844331,Professional
75,69,10,10,86,110.3770967,Beginner
55,64,2,13,66,73.77185529,Professional
57,75,9,5,76,71.77965156,Professional
47,98,10,15,100,45.46037083,Intermediate
69,65,10,6,83,106.9060129,Beginner
67,70,6,4,82,79.68765388,Beginner
59,88,4,3,86,74.95841953,Intermediate
68,100,8,7,73,135.3451923,Intermediate
60,100,11,12,91,82.08674669,Intermediate
76,69,7,6,80,104.4388424,Beginner
60,94,4,3,81,50.77983613,Intermediate
25,65,4,2,87,62.85257028,Advanced
72,99,11,6,77,78.97986347,Intermediate
63,100,11,9,84,85.63709891,Intermediate
42,76,11,8,68,77.26885951,Advanced
73,68,1,4,79,126.9658045,Professional
64,87,14,4,70,47.50455282,Professional
47,86,14,12,56,88.68548245,Advanced
74,77,3,4,75,113.1601491,Professional
36,69,11,0,82,101.4599064,Advanced
43,91,5,12,100,50.84252312,Intermediate
61,65,13,6,85,111.5500984,Beginner
75,58,3,8,71,105.2327786,Professional
71,78,0,2,79,48.4968429,Beginner
32,72,1,11,66,84.30286072,Advanced
62,87,7,4,85,59.47929126,Intermediate
81,80,1,6,80,68.66362067,Beginner
83,72,2,7,86,54.69883847,Beginner
50,100,3,11,89,120.3779473,Intermediate
63,52,5,9,73,91.58962568,Professional
71,72,3,6,86,54.70482473,Beginner
67,95,11,10,87,74.72261202,Beginner
71,72,1,2,79,55.71185691,Beginner
72,71,0,4,88,68.73982342,Beginner
58,80,16,13,55,80.50566146,Advanced
61,72,6,5,89,55.52684533,Beginner
39,70,13,1,81,83.61967339,Advanced
65,81,10,6,68,54.5037496,Professional
84,100,7,1,55,124.5268343,Beginner
61,68,9,4,84,87.21921804,Beginner
73,60,3,1,70,97.53163535,Beginner
71,98,6,3,68,111.6327703,Professional
38,66,11,1,83,75.53083204,Advanced
71,77,10,3,75,84.19169443,Professional
52,86,4,5,90,47.21532671,Intermediate
84,60,1,10,66,117.0749177,Professional
75,66,0,2,78,63.7378406,Beginner
69,61,6,5,77,92.43369817,Professional
89,72,1,10,87,65.01479164,Beginner
71,67,8,9,88,88.97044675,Beginner
17,61,1,3,91,54.74145099,Advanced
49,94,1,8,87,105.5373005,Intermediate
54,73,6,7,74,83.03022754,Professional
81,96,13,3,71,60.94952543,Intermediate
59,77,11,4,76,68.17598006,Professional
73,91,6,0,69,73.72518308,Intermediate
73,50,0,11,71,111.8423971,Professional
62,64,11,6,85,106.9671956,Beginner
37,84,4,4,92,58.21447195,Intermediate
50,71,20,10,91,129.7195552,Beginner
76,65,10,7,79,131.1377295,Beginner
74,72,9,10,86,99.5165597,Beginner
43,81,10,12,58,99.49005797,Advanced
23,76,3,6,78,71.52218801,Advanced
70,96,10,6,80,63.62642881,Intermediate
78,93,5,4,58,89.68676448,Intermediate
26,73,4,7,79,49.57448442,Advanced
73,75,3,10,94,48.19488106,Beginner
77,62,5,7,84,88.25543687,Beginner
60,67,7,9,69,66.51300595,Professional
39,70,8,7,71,89.49546362,Beginner
54,54,2,11,74,97.89226651,Professional
60,73,16,2,80,61.17116394,Professional
67,70,7,7,82,100.2721428,Beginner
62,94,11,11,90,74.07357018,Intermediate
80,98,17,9,79,88.58631484,Intermediate
41,77,11,8,67,82.30478629,Advanced
64,100,8,7,78,106.747692,Intermediate
57,80,10,5,75,76.34779026,Professional
24,73,5,4,83,58.32821552,Advanced
45,94,6,13,97,88.45770271,Intermediate
48,73,15,4,71,95.75589528,Advanced
41,76,16,0,80,102.7821804,Advanced
73,87,10,14,92,84.57638514,Beginner
65,93,20,2,79,46.0820872,Professional
62,93,14,14,92,86.46837263,Intermediate
64,89,7,1,80,65.89975109,Intermediate
26,64,2,5,84,55.88776192,Advanced
54,66,13,4,85,101.6378586,Beginner
52,88,4,9,92,73.86744165,Intermediate
34,74,6,8,70,91.71302114,Advanced
59,96,4,4,81,58.54174686,Intermediate
62,76,8,7,90,61.11812954,Beginner
68,75,0,2,81,48.78425415,Beginner
74,78,3,6,83,61.68141378,Beginner
57,98,16,0,78,50.02509383,Professional
22,67,3,2,85,96.22526146,Advanced
50,79,17,7,67,74.38674373,Advanced
67,96,0,6,64,53.35467569,Intermediate
24,79,0,12,63,100.5999198,Advanced
15,53,1,6,100,74.71921665,Advanced
64,96,6,3,77,68.90500346,Intermediate
62,93,2,2,72,104.5013553,Intermediate
58,90,13,2,76,60.30775247,Professional
63,76,9,4,75,77.40881084,Professional
76,99,11,3,74,53.83475437,Intermediate
62,78,8,5,72,70.37316625,Professional
25,82,8,7,77,55.71182735,Advanced
73,60,8,1,71,127.835326,Beginner
45,86,17,6,66,102.4362531,Advanced
70,76,6,5,71,86.6748477,Professional
52,97,7,10,93,69.65327803,Intermediate
41,75,16,2,86,91.50013147,Beginner
38,67,9,3,78,96.66742976,Advanced
25,61,2,3,88,55.61765769,Advanced
35,73,5,10,66,89.60065295,Advanced
68,93,5,5,78,85.85326593,Intermediate
30,63,6,0,87,86.21561326,Advanced
62,72,7,5,76,86.21321243,Professional
55,96,4,5,82,79.41284155,Intermediate
92,69,0,9,83,68.04024595,Beginner
65,70,8,4,81,95.58137971,Beginner
49,94,3,7,88,80.36431386,Intermediate
66,68,0,3,71,65.64130585,Beginner
12,63,1,2,100,70.98276314,Advanced
80,58,0,1,67,99.02989889,Beginner
68,67,8,4,75,78.90074047,Professional
33,91,9,11,60,108.8176551,Advanced
80,79,6,1,77,107.0289017,Professional
64,87,3,2,79,61.69047065,Intermediate
61,98,4,3,78,70.75264641,Intermediate
56,90,15,3,73,49.02540176,Professional
46,79,19,8,91,112.0042682,Beginner
54,91,20,10,55,121.0167485,Advanced
70,78,5,7,69,85.97131244,Professional
49,100,13,19,100,114.4931732,Intermediate
45,80,11,12,61,59.08203056,Advanced
86,81,2,10,90,65.29840926,Beginner
46,88,15,10,58,102.8269684,Advanced
24,69,8,1,84,91.91545623,Advanced
71,73,8,5,72,81.8082662,Professional
57,72,8,8,70,61.76209341,Professional
30,66,6,4,85,45.91203376,Advanced
65,77,6,5,73,84.02925258,Professional
65,76,10,3,77,82.03992476,Professional
49,92,10,15,100,52.371955,Intermediate
84,82,3,9,80,85.44466596,Beginner
55,87,7,8,94,61.3926825,Intermediate
54,70,18,11,94,114.1621762,Beginner
34,81,12,7,68,101.6937184,Advanced
69,78,2,4,83,48.45914934,Intermediate
55,69,12,5,88,88.47715976,Beginner
64,94,7,4,80,53.89503419,Intermediate
45,71,13,2,74,111.8908961,Beginner
71,84,8,2,77,98.31910331,Professional
45,63,19,6,91,112.0420476,Beginner
65,100,11,9,86,62.90049181,Intermediate
61,95,10,8,90,60.33189189,Professional
51,85,9,5,76,76.06938285,Professional
30,72,10,0,85,103.7950989,Advanced
29,69,3,7,75,87.55119676,Advanced
71,72,10,11,90,93.64551564,Beginner
51,92,7,12,98,58.15193575,Intermediate
64,95,9,6,85,49.14273336,Intermediate
47,70,14,5,76,50.62466562,Beginner
54,86,6,6,70,58.62130013,Professional
61,97,4,4,76,91.52913149,Intermediate
44,69,10,3,77,79.11578011,Beginner
68,77,8,5,72,79.06294458,Professional
39,77,8,11,64,76.42512008,Advanced
57,71,4,1,81,58.20720953,Beginner
62,68,4,8,72,91.40626899,Professional
76,59,0,3,66,91.02762237,Beginner
17,71,2,6,81,75.99421061,Advanced
39,74,12,5,75,63.73819777,Advanced
74,80,10,2,75,84.21393541,Professional
32,71,5,7,75,75.44975471,Advanced
37,77,10,7,71,76.52364292,Advanced
60,77,9,6,72,66.46681245,Professional
69,64,5,2,77,90.10185833,Beginner
19,68,4,3,85,69.62629607,Advanced
74,100,12,5,76,64.98218344,Intermediate
78,90,12,1,79,91.59303978,Professional
74,100,8,4,67,121.2602546,Intermediate
45,79,11,9,60,116.4586937,Advanced
68,71,11,3,77,81.28591109,Professional
33,80,16,6,76,61.84100534,Professional
43,82,12,0,80,80.48076575,Beginner
77,78,6,11,89,78.61394174,Beginner
48,67,6,10,70,58.32949992,Professional
65,92,6,12,97,59.36328068,Beginner
59,97,6,7,82,96.03446766,Intermediate
64,74,10,11,95,68.19810478,Beginner
78,78,1,6,86,47.89220192,Beginner
53,67,16,7,88,111.1029737,Beginner
61,71,3,9,69,81.26077965,Professional
68,80,12,3,75,70.80663521,Professional
66,86,11,3,74,69.65262188,Professional
65,89,13,4,72,55.92891883,Professional
75,74,8,8,83,99.17915324,Professional
48,77,16,7,70,55.71942165,Advanced
43,57,7,10,72,56.71557978,Professional
37,69,6,7,71,88.65615697,Advanced
75,58,7,3,74,122.3258035,Beginner
65,90,7,4,72,75.73928261,Professional
65,69,9,6,85,92.28909534,Beginner
42,73,11,8,71,66.52588501,Advanced
69,91,5,4,70,86.16112457,Professional
74,64,3,6,71,105.4027877,Professional
60,80,8,5,73,71.99481295,Professional
69,66,9,7,85,98.33764475,Beginner
84,96,8,4,56,69.41883665,Intermediate
63,79,10,12,95,66.55407129,Beginner
82,100,5,0,55,150.6569951,Intermediate
50,79,14,10,96,75.05882873,Beginner
79,100,12,5,68,118.8567731,Intermediate
41,71,16,0,85,75.70265732,Advanced
32,67,1,9,69,96.85097383,Advanced
72,80,4,5,71,89.15723475,Professional
70,56,1,11,69,110.9899013,Professional
71,60,4,9,68,81.67045995,Professional
64,75,7,8,92,54.33274977,Beginner
62,53,8,9,72,73.6670288,Professional
65,65,5,7,73,87.41583992,Professional
79,77,7,15,95,73.7056665,Beginner
77,72,5,5,73,103.9483288,Professional
47,81,17,6,68,82.52321161,Advanced
47,69,19,2,83,100.3962283,Advanced
40,76,12,6,74,66.7620353,Advanced
77,78,7,15,97,63.90205442,Beginner
65,70,7,7,70,67.01826022,Professional
85,67,0,7,69,115.4153469,Professional
44,78,10,10,62,87.88688953,Advanced
52,82,15,7,88,98.79382756,Beginner
59,60,5,8,74,86.06579535,Professional
59,97,3,4,79,70.15626601,Intermediate
35,77,8,8,71,64.71929879,Advanced
55,54,10,8,75,68.72781457,Professional
33,69,9,0,82,107.1961128,Advanced
25,62,4,0,91,64.64722091,Advanced
73,64,3,9,67,88.22248278,Professional
44,86,8,14,100,66.61974543,Intermediate
25,70,5,2,85,75.96970172,Professional
39,73,8,8,70,74.35357542,Advanced
47,64,18,2,88,71.26093598,Advanced
51,100,3,9,87,89.23582631,Intermediate
80,100,11,2,67,77.78322819,Intermediate
40,81,4,16,55,104.5202802,Advanced
55,69,9,8,71,59.69466874,Professional
61,91,7,5,88,69.58599811,Intermediate
30,85,4,12,61,105.1743157,Advanced
62,81,9,5,83,83.0972998,Beginner
69,68,5,1,76,92.69479659,Beginner
84,76,2,7,83,48.90384864,Beginner
59,95,16,19,100,82.03433579,Intermediate
31,80,2,14,59,89.37150474,Advanced
70,53,2,14,63,95.53737902,Professional
68,100,1,1,62,107.5710148,Intermediate
84,58,1,10,66,114.0293767,Professional
58,89,0,0,73,88.17495387,Intermediate
66,94,12,9,89,48.0916468,Intermediate
71,67,4,3,79,78.34143894,Beginner
52,100,2,7,81,124.9990509,Intermediate
34,63,5,5,82,47.57014858,Advanced
75,98,3,1,59,119.5241429,Intermediate
56,78,11,4,83,93.73222004,Beginner
45,80,20,9,92,116.5369069,Beginner
80,61,6,4,74,117.5150012,Beginner
67,100,9,8,77,116.2944938,Intermediate
64,91,6,2,78,53.57682835,Intermediate
62,73,18,1,79,48.63134558,Professional
61,77,2,9,69,83.43942903,Professional
70,55,8,0,70,133.4164796,Beginner
74,100,7,2,69,88.21541764,Intermediate
34,74,6,9,70,81.52141472,Advanced
90,96,11,0,66,64.10090938,Intermediate
61,89,13,2,76,65.74963733,Professional
64,82,7,4,74,82.77093226,Professional
60,95,9,8,89,53.06166546,Intermediate
55,93,4,9,88,84.92533425,Intermediate
91,76,1,11,83,80.4248598,Beginner
70,70,3,5,75,104.0257732,Professional
30,71,3,8,73,78.14694854,Advanced
65,66,5,10,66,70.53590529,Professional
43,71,11,7,72,57.94038554,Advanced
18,66,1,4,84,91.54285707,Advanced
30,68,10,1,90,83.03129235,Advanced
78,93,6,4,63,54.74047961,Intermediate
81,100,6,0,55,152.2045046,Intermediate
53,97,6,10,91,77.93996763,Intermediate
28,71,4,6,78,67.82971613,Advanced
71,65,0,7,75,127.5056024,Professional
76,97,11,3,74,59.61862733,Intermediate
61,100,8,11,84,105.2267056,Beginner
65,67,9,4,81,102.2109546,Beginner
64,70,4,9,68,78.17335205,Professional
29,74,4,7,71,107.0257096,Advanced
72,64,8,4,75,84.66082063,Professional
32,80,9,6,72,99.33376838,Advanced
59,91,20,11,55,138.2201968,Advanced
74,96,6,1,69,79.50665679,Intermediate
43,73,14,3,75,88.90878106,Advanced
66,93,10,8,86,49.09942309,Intermediate
59,70,8,4,86,74.37005695,Beginner
77,80,5,2,76,108.1623027,Professional
51,67,15,8,94,89.86186899,Beginner
45,80,13,8,60,124.1551749,Advanced
76,59,3,8,69,93.05090084,Professional
63,90,6,2,80,53.75797759,Intermediate
68,71,8,6,83,93.80885081,Beginner
23,59,4,2,96,74.61453894,Advanced
64,61,7,7,72,80.12128523,Professional
63,97,11,12,91,70.56562639,Intermediate
70,69,6,2,77,93.85629933,Beginner
27,71,1,9,73,66.90791275,Advanced
52,78,7,1,77,70.18396792,Beginner
49,70,9,4,70,99.68583431,Beginner
62,62,9,5,83,104.4104804,Beginner
56,59,5,10,70,72.57634679,Professional
77,75,0,8,66,101.6724066,Professional
55,88,13,4,74,57.46277695,Professional
53,79,13,4,73,50.14809034,Professional
62,69,5,8,71,83.47103683,Professional
53,91,6,10,93,75.35846603,Intermediate
80,99,4,6,55,96.36686677,Intermediate
59,100,9,9,83,107.7317788,Intermediate
68,69,3,8,69,86.43551655,Professional
68,100,4,3,69,115.8777353,Intermediate
93,97,14,1,59,64.44663182,Intermediate
71,92,1,12,98,81.95355889,Beginner
70,100,6,1,66,103.8263505,Intermediate
40,72,12,4,78,55.00553444,Advanced
64,62,7,1,77,96.75688386,Beginner
18,63,1,3,87,82.45914258,Advanced
72,97,4,0,65,88.76051719,Intermediate
37,67,10,1,84,68.60956665,Advanced
72,95,0,6,57,74.57145857,Intermediate
56,65,15,4,82,125.3546799,Beginner
68,94,9,2,81,74.11367425,Intermediate
68,69,9,4,79,110.4464496,Beginner
74,96,6,1,68,87.08730166,Intermediate
61,79,6,4,86,53.9954532,Beginner
63,64,9,6,75,77.87052217,Professional
52,91,19,0,80,46.77842309,Professional
79,69,11,2,76,88.7737888,Professional
67,66,7,4,84,73.71763086,Beginner
68,84,9,4,73,78.53826653,Advanced
81,100,16,6,74,67.97311577,Intermediate
72,69,6,5,82,89.5699054,Beginner
41,91,9,14,100,49.26647055,Intermediate
46,87,19,1,80,50.12039358,Professional
42,74,11,7,71,63.90720381,Advanced
37,68,5,9,71,68.72889467,Advanced
24,70,5,4,84,55.63880327,Advanced
76,56,2,13,64,112.8011812,Professional
37,77,14,2,81,68.16781333,Advanced
58,83,3,7,71,85.81981588,Professional
72,64,6,5,74,94.80232683,Professional
66,50,5,10,71,88.00370681,Professional
66,71,12,4,75,74.97012588,Professional
49,67,15,3,85,108.2751391,Beginner
19,53,2,4,100,71.20363768,Advanced
77,99,14,7,74,101.6378138,Professional
76,98,10,2,71,64.28732065,Intermediate
69,98,7,3,74,80.34836622,Intermediate
66,68,12,10,90,100.8025632,Beginner
73,59,6,6,73,92.16939014,Professional
34,75,9,5,76,85.98724681,Advanced
33,69,9,1,83,87.11729622,Advanced
63,59,16,10,90,130.121817,Beginner
70,90,3,0,71,50.66791539,Intermediate
48,100,0,5,85,71.77685977,Intermediate
59,64,16,7,85,129.9224911,Beginner
70,74,4,6,72,99.68254697,Professional
73,61,14,9,83,141.965542,Beginner
70,94,7,4,76,72.53199305,Intermediate
23,73,5,3,82,90.99761163,Advanced
43,76,10,10,65,83.29923314,Advanced
63,71,8,5,75,81.39192461,Professional
64,80,15,2,75,54.11330359,Professional
44,70,15,3,81,57.11088695,Advanced
81,66,2,6,73,118.3923867,Professional
88,72,2,6,70,136.5932766,Professional
70,100,9,4,74,78.70013364,Intermediate
31,71,5,8,68,104.2856365,Advanced
79,100,10,3,65,113.380392,Intermediate
58,71,7,5,77,87.22453122,Professional
38,77,11,5,72,91.30050647,Advanced
26,60,6,0,98,59.8406148,Advanced
39,59,8,2,85,60.8405686,Advanced
23,68,5,1,91,55.07403682,Advanced
52,76,6,1,85,48.59772164,Beginner
37,78,7,10,66,76.9476841,Advanced
38,77,10,5,69,123.7048113,Advanced
56,98,3,6,83,69.35659145,Intermediate
77,58,11,8,81,134.7033839,Beginner
67,83,1,4,84,54.67828916,Beginner
73,72,6,4,74,96.4361004,Professional
34,74,7,8,74,53.47878749,Advanced
76,84,5,12,90,67.46558464,Beginner
72,75,5,6,71,93.34670959,Professional
39,67,9,5,78,64.65993225,Advanced
75,60,1,1,69,95.4004676,Beginner
24,65,4,4,81,74.99294319,Advanced
61,100,9,11,85,113.4934762,Intermediate
59,75,15,4,74,47.41025662,Professional
63,94,5,3,78,75.14534324,Intermediate
64,60,4,9,70,84.99958456,Professional
73,97,12,9,81,90.69628736,Intermediate
69,97,6,2,69,106.654749,Intermediate
69,76,11,16,100,72.17216721,Beginner
24,66,5,2,83,86.91243395,Advanced
72,96,11,4,74,83.05118849,Intermediate
68,81,8,3,75,82.37421613,Professional
63,60,4,9,69,77.59184395,Professional
59,66,10,5,76,69.28675608,Professional
48,85,0,3,85,63.72656348,Intermediate
52,71,12,3,84,92.86074588,Beginner
28,77,2,11,68,82.84917451,Advanced
16,69,2,6,82,78.18231952,Advanced
82,64,4,5,76,107.0034484,Beginner
50,66,11,7,76,58.47799986,Professional
71,88,10,4,79,50.0022229,Intermediate
58,79,15,3,76,53.35358141,Professional
32,72,6,6,74,86.6940235,Advanced
66,99,8,7,80,84.09801187,Intermediate
72,61,9,4,77,94.70477617,Professional
38,69,9,5,76,74.04395103,Advanced
58,62,9,8,72,67.10444885,Professional
57,79,5,1,76,63.10753288,Beginner
52,75,14,4,83,106.7906769,Beginner
75,71,0,8,67,97.56766199,Professional
68,65,10,2,74,132.3682409,Beginner
55,88,13,3,75,51.48124343,Professional
35,78,7,10,67,76.91286962,Advanced
49,92,3,8,92,60.58108533,Intermediate
34,82,7,10,63,99.32413121,Intermediate
86,74,4,13,89,81.17605633,Beginner
32,68,4,7,76,63.72106378,Advanced
64,60,4,8,72,88.50829278,Professional
40,65,14,1,88,72.4035199,Advanced
55,60,2,13,66,74.7070335,Professional
68,80,0,2,80,51.51486558,Beginner
29,74,4,7,74,84.16493403,Advanced
16,70,1,4,81,102.1864096,Advanced
58,76,9,7,69,57.40648501,Professional
66,86,6,3,81,47.71125205,Intermediate
68,89,10,4,70,59.10666718,Professional
67,74,5,6,87,54.15013859,Beginner
62,74,6,6,73,82.13678658,Professional
45,93,3,9,95,54.97322256,Intermediate
37,67,9,3,81,78.78180265,Intermediate
34,81,5,14,62,57.53093042,Advanced
19,69,1,7,79,77.8894278,Advanced
45,82,16,6,68,85.60506046,Advanced
64,64,7,5,86,75.53785935,Beginner
54,94,3,7,88,63.13780809,Intermediate
26,71,4,4,79,90.57660477,Advanced
37,72,10,5,77,68.0118179,Advanced
67,91,16,13,94,65.31292217,Intermediate
23,65,1,4,83,84.27764269,Advanced
50,88,4,6,96,76.73190095,Intermediate
64,76,8,7,88,69.95801365,Beginner
76,77,7,6,68,81.3701011,Professional
67,72,3,7,71,89.67916549,Professional
60,93,4,10,97,74.43947974,Beginner
69,96,9,5,78,69.40973526,Intermediate
49,59,20,4,80,171.5724408,Beginner
49,71,15,5,88,102.7056226,Beginner
24,59,9,1,94,62.90806064,Advanced
58,94,2,5,77,118.1918904,Intermediate
59,68,6,2,84,61.51051226,Beginner
74,59,7,2,74,125.1881945,Beginner
59,58,4,12,65,69.04999387,Professional
81,71,4,5,71,107.016622,Professional
72,94,6,3,69,112.2432681,Intermediate
59,84,12,4,71,51.28044444,Professional
58,99,0,3,76,91.87683843,Intermediate
63,93,9,5,86,54.17448356,Intermediate
67,90,6,2,77,51.1105376,Intermediate
47,80,10,3,87,63.58314743,Beginner
61,56,2,10,70,87.47985857,Professional
52,67,15,4,84,116.5015675,Beginner
52,77,18,6,83,135.0173191,Beginner
56,78,7,6,72,71.4490997,Professional
63,100,4,3,78,52.11477951,Intermediate
56,63,19,9,91,132.0360028,Beginner
25,62,6,1,93,79.84116356,Advanced
74,100,8,2,67,105.3133478,Intermediate
30,81,5,8,63,139.1910258,Advanced
56,72,9,1,73,106.1261901,Beginner
78,68,7,8,82,105.1841732,Beginner
68,95,8,5,76,98.16261718,Intermediate
67,60,14,6,80,141.4889885,Advanced
28,76,4,7,72,103.6584931,Advanced
72,69,5,5,82,79.21446368,Intermediate
71,65,5,8,68,82.07183776,Professional
80,100,11,1,65,80.12732611,Intermediate
32,67,7,4,83,62.98151583,Advanced
29,76,4,9,71,80.94899971,Advanced
46,78,12,10,63,74.81844902,Advanced
73,63,9,6,81,115.4910581,Beginner
65,73,12,3,75,66.0836028,Professional
65,83,9,2,76,81.87502851,Professional
73,98,11,4,72,84.86111867,Intermediate
70,82,4,7,88,50.22711646,Beginner
33,76,8,6,74,82.17166654,Advanced
29,69,10,0,92,54.65536618,Advanced
46,86,14,11,60,73.46350827,Advanced
72,94,10,5,79,49.05111211,Intermediate
47,85,11,17,55,60.06831679,Professional
64,76,8,3,77,94.31148163,Professional
66,68,5,7,72,87.57056257,Professional
24,62,4,0,91,77.8158345,Advanced
32,65,8,1,88,53.33437714,Advanced
12,59,2,0,96,77.18885905,Advanced
36,74,10,4,76,88.06088931,Advanced
51,90,8,12,97,72.82605425,Intermediate
64,92,8,5,84,50.10554238,Intermediate
49,78,13,11,61,74.59087548,Advanced
70,98,0,2,57,129.028208,Intermediate
22,72,6,2,88,63.0818951,Advanced
70,91,4,1,68,65.80906264,Intermediate
55,98,3,6,83,82.83184084,Intermediate
64,76,8,8,90,66.10516176,Beginner
69,76,9,1,83,106.6409542,Professional
60,57,11,7,73,54.97671436,Professional
65,85,14,2,74,57.1816882,Professional
60,98,7,9,84,92.64997797,Intermediate
56,74,13,4,75,55.49324392,Professional
27,75,9,1,85,88.82781348,Advanced
72,95,3,0,65,110.2229192,Intermediate
73,53,5,1,76,100.3681824,Beginner
29,77,0,14,62,70.49728916,Advanced
18,61,1,3,87,76.9053968,Advanced
57,100,4,5,80,90.0435645,Intermediate
89,59,6,9,70,145.0364478,Professional
65,51,1,13,66,98.35621267,Professional
54,78,14,5,72,45.76308379,Professional
66,88,16,0,76,58.68139288,Professional
47,92,7,12,100,54.94938534,Intermediate
82,73,5,8,81,97.51839892,Beginner
67,79,7,8,88,71.97277744,Beginner
78,77,1,6,71,114.660541,Professional
87,70,7,3,71,92.06451825,Professional
67,64,7,2,79,93.53295004,Beginner
56,75,9,3,85,71.22201295,Beginner
49,96,15,3,72,55.43343338,Professional
60,94,2,1,74,84.72382717,Intermediate
63,100,5,7,77,125.3820649,Intermediate
46,80,15,8,66,74.99341206,Advanced
65,66,13,9,89,108.5977761,Beginner
88,60,1,7,70,112.3667166,Professional
71,71,14,2,78,68.74408141,Professional
70,73,8,4,75,89.07739852,Professional
56,93,0,1,77,76.72061196,Intermediate
68,76,4,6,85,59.26877523,Beginner
52,76,0,12,66,77.85634648,Professional
39,95,10,16,55,102.9936764,Advanced
57,95,5,9,86,94.51978031,Intermediate
43,84,18,1,81,74.14669224,Advanced
53,100,5,8,87,84.66159996,Intermediate
74,72,8,7,68,73.08362002,Professional
64,90,3,3,73,77.21291535,Intermediate
67,67,9,10,93,71.54161231,Beginner
43,69,17,2,83,109.7145458,Beginner
49,78,17,3,79,48.40769023,Professional
61,63,7,9,71,76.54650278,Professional
36,77,11,6,75,69.8956107,Advanced
56,67,9,8,73,69.6497841,Professional
55,94,2,5,84,67.66295989,Intermediate
73,57,0,11,67,102.377498,Professional
49,93,7,10,98,46.95233126,Intermediate
18,68,3,8,77,87.44011556,Beginner
72,98,9,6,76,92.08312441,Intermediate
68,69,7,6,72,76.24385572,Advanced
18,65,1,3,82,111.3188236,Advanced
38,79,8,10,62,97.28872848,Advanced
70,67,6,3,78,95.18799233,Beginner
55,100,7,11,85,124.5103703,Intermediate
38,74,11,3,74,108.4472299,Advanced
62,68,8,2,80,88.22589127,Beginner
36,76,14,3,89,74.85781362,Beginner
66,71,9,5,81,99.04814217,Beginner
74,62,3,8,70,97.60973827,Professional
73,100,5,1,67,78.95989744,Intermediate
70,86,7,4,79,61.60744488,Intermediate
65,76,7,6,86,73.63767371,Beginner
90,52,2,2,73,103.9285236,Beginner
73,91,8,2,76,51.46184256,Intermediate
71,81,8,3,75,87.74840058,Professional
44,67,10,7,78,65.47772265,Professional
54,92,3,6,90,46.19383151,Intermediate
60,85,12,12,96,67.52335928,Beginner
50,94,9,12,98,62.26251958,Intermediate
77,77,1,8,88,48.50898236,Beginner
68,65,8,3,78,104.9978931,Beginner
66,99,12,9,83,81.78011902,Intermediate
60,97,3,2,74,92.26889453,Intermediate
39,85,9,13,57,96.17399635,Advanced
43,77,18,11,100,74.13003317,Beginner
64,68,3,9,68,82.2071037,Professional
53,91,1,0,74,80.5811275,Intermediate
84,81,12,1,75,91.61687316,Professional
19,68,2,7,79,83.14406573,Advanced
32,76,5,8,69,92.43264515,Advanced
32,69,7,4,82,62.60344031,Advanced
62,80,3,6,91,59.64793953,Beginner
61,98,7,6,81,75.65154243,Intermediate
63,92,7,5,84,50.50291267,Intermediate
29,69,6,5,84,52.55020869,Advanced
22,72,3,5,82,65.66013838,Advanced
24,68,3,2,83,100.2083127,Advanced
64,63,12,8,87,109.2287663,Beginner
65,67,12,6,84,112.8688444,Beginner
66,76,10,7,83,100.0851516,Beginner
58,92,11,11,99,65.52253705,Intermediate
66,67,12,5,72,56.07842364,Professional
65,92,2,11,99,92.0450581,Beginner
37,79,12,5,75,76.43498306,Advanced
33,70,6,8,78,54.14661743,Advanced
59,96,7,9,90,55.88768651,Intermediate
44,86,16,4,76,51.11241917,Professional
57,71,10,2,81,93.7592173,Beginner
56,75,6,0,80,64.76824729,Beginner
45,77,9,12,57,98.83197132,Advanced
67,79,11,3,75,71.87664622,Professional
41,87,14,7,95,58.01687653,Beginner
27,79,5,9,73,65.88906599,Advanced
26,78,2,9,66,116.6708477,Advanced
77,98,11,4,76,56.4117242,Intermediate
60,75,9,0,72,111.9130858,Beginner
39,87,10,12,57,109.4986699,Advanced
58,69,12,4,82,108.7008237,Beginner
26,71,1,8,73,90.24412317,Advanced
55,93,7,9,92,64.38172127,Intermediate
67,80,4,5,75,104.4138064,Professional
34,70,8,3,77,99.50322411,Advanced
60,95,7,9,86,87.47706164,Intermediate
63,77,3,8,71,92.88209675,Professional
73,58,1,11,66,95.69101288,Professional
57,82,7,6,71,63.68399749,Professional
16,70,1,5,81,94.08428302,Advanced
18,69,3,8,75,93.68573139,Advanced
37,72,9,6,73,90.17857717,Advanced
61,72,6,5,77,90.99421742,Professional
62,78,10,3,77,77.11524699,Beginner
19,73,1,5,81,76.23957995,Advanced
41,75,15,1,78,101.1741345,Advanced
52,97,6,10,90,90.73208029,Intermediate
20,68,1,4,86,59.25698294,Advanced
69,82,7,11,95,49.44220114,Beginner
52,71,11,8,69,45.3157189,Professional
24,66,4,1,88,82.04748494,Advanced
76,72,2,6,84,64.05217795,Beginner
75,69,2,5,82,66.32570284,Beginner
76,60,4,3,78,94.91567044,Beginner
32,77,4,11,65,81.90121635,Advanced
67,68,5,3,82,72.72956609,Beginner
37,77,7,9,65,99.01431611,Advanced
25,75,11,2,94,64.97416699,Advanced
66,80,3,5,87,47.3536254,Beginner
47,71,12,6,76,50.98213655,Professional
81,55,0,9,69,119.0975723,Professional
71,71,6,10,92,64.40381146,Beginner
37,76,12,10,62,92.47839177,Advanced
61,89,4,2,79,54.54833822,Intermediate
51,79,11,8,69,52.34837792,Professional
58,85,8,2,80,92.50803402,Professional
65,100,7,5,77,86.53358248,Intermediate
33,79,7,7,68,120.6313518,Advanced
73,100,13,9,77,111.0224669,Intermediate
64,100,10,9,82,91.31603225,Intermediate
39,83,6,15,55,113.0542157,Advanced
37,75,7,10,66,87.36429126,Advanced
60,97,10,2,73,66.21604292,Professional
69,95,12,8,87,58.79039103,Intermediate
70,69,2,2,80,61.90430682,Beginner
60,77,7,3,83,67.39360839,Beginner
62,69,7,7,71,74.23475527,Professional
46,91,4,9,97,52.31401995,Intermediate
59,68,10,7,71,63.37149029,Professional
69,65,0,11,64,86.08021853,Advanced
48,80,17,5,68,92.69269285,Advanced
29,75,7,4,77,92.26102048,Advanced
52,77,9,4,87,61.95907417,Beginner
59,94,6,7,84,79.59428452,Intermediate
20,75,1,5,77,99.77781256,Advanced
19,59,1,3,91,48.37166924,Professional
55,99,12,16,99,77.30919065,Intermediate
63,95,4,4,76,88.32733237,Intermediate
60,73,6,3,83,67.14695174,Beginner
42,93,6,13,100,61.31559497,Intermediate
73,96,9,5,74,95.43392802,Intermediate
46,74,14,5,72,76.35676125,Advanced
73,100,9,3,73,59.35368406,Intermediate
41,81,8,12,56,113.2680344,Advanced
59,64,14,4,80,126.3719172,Beginner
33,77,16,0,85,84.0313588,Beginner
63,57,2,13,65,96.34506285,Professional
47,78,14,1,82,60.87581983,Professional
62,70,8,5,72,76.37555973,Professional
70,93,10,4,79,52.95892186,Intermediate
67,92,6,3,77,58.68110243,Intermediate
66,74,1,9,67,89.59112556,Professional
54,94,7,10,87,99.47669074,Intermediate
48,68,10,9,69,49.37038639,Professional
69,98,11,7,79,88.85746207,Intermediate
24,71,1,7,75,95.82007442,Advanced
65,93,10,7,86,51.77668781,Intermediate
44,86,15,9,61,100.5008163,Advanced
76,74,4,7,83,77.16483046,Beginner
31,73,6,6,74,93.85334316,Advanced
67,81,8,10,92,69.48508454,Beginner
54,90,5,7,91,50.45038406,Intermediate
34,73,9,7,73,70.40774436,Advanced
26,75,8,2,84,83.07605136,Advanced
77,74,3,10,90,55.20357779,Beginner
61,97,1,0,71,84.75844071,Intermediate
67,60,8,0,72,118.7990038,Beginner
51,100,7,11,91,99.18837271,Intermediate
75,100,7,3,64,127.588685,Intermediate
22,74,1,11,70,74.23096272,Advanced
48,69,15,3,84,101.2195044,Beginner
88,100,9,0,55,139.390927,Intermediate
32,73,7,6,77,62.83941692,Advanced
75,69,4,6,84,76.79960594,Beginner
78,94,7,0,63,89.65317996,Intermediate
77,63,3,3,78,87.11003365,Beginner
40,83,13,7,68,87.14749657,Advanced
54,87,13,14,99,51.83311912,Intermediate
58,96,5,11,91,91.69775425,Intermediate
64,62,10,1,74,125.6442033,Beginner
92,97,7,6,55,113.9307835,Intermediate
72,78,7,5,70,77.4176696,Professional
61,69,10,7,89,80.86354849,Beginner
55,70,7,9,68,59.5312055,Professional
84,100,13,7,70,125.2191873,Intermediate
15,60,0,0,95,87.04522404,Advanced
56,82,19,10,59,78.93930777,Professional
47,90,15,1,80,49.56585604,Professional
54,70,17,5,72,62.11351317,Professional
34,80,11,4,76,83.56642316,Advanced
33,71,8,3,80,80.65061135,Advanced
47,76,16,8,70,47.05089577,Advanced
62,65,9,2,80,96.72630505,Beginner
32,72,7,4,74,113.1198584,Advanced
72,74,3,5,82,63.34533903,Beginner
56,95,4,7,85,79.15947233,Intermediate
32,76,8,5,74,104.0282688,Advanced
38,80,17,0,82,91.20992923,Advanced
67,90,2,5,85,49.07826838,Beginner
68,69,8,7,69,69.11589349,Professional
41,72,15,1,82,68.86486182,Advanced
67,97,7,4,77,63.31334774,Intermediate
78,72,4,8,84,81.43714151,Beginner
74,66,11,1,80,93.09781898,Professional
59,98,7,10,88,80.0944022,Intermediate
77,73,3,5,72,106.4507031,Professional
60,89,3,4,83,55.10906639,Intermediate
52,60,11,0,79,99.25837145,Beginner
71,75,9,11,90,87.98532642,Beginner
75,98,8,0,65,86.52387903,Intermediate
58,90,11,3,74,61.43095352,Professional
52,92,5,9,94,57.42300567,Intermediate
51,71,15,5,87,102.7500971,Beginner
72,57,0,11,67,99.09685939,Professional
42,93,0,8,93,83.38192407,Intermediate
70,53,7,7,73,84.53735155,Professional
42,65,9,6,76,53.89888139,Advanced
49,74,13,7,65,104.1688895,Advanced
71,96,8,3,73,82.78249397,Intermediate
60,60,6,8,74,84.46879727,Professional
16,59,3,2,88,92.11743048,Advanced
83,95,6,3,55,102.1984496,Intermediate
64,84,14,1,77,68.05703738,Professional
72,92,10,2,76,47.75195527,Intermediate
73,65,4,1,75,89.78446452,Beginner
70,50,1,12,68,107.8202679,Professional
64,71,8,9,93,64.84573318,Beginner
56,84,4,2,86,56.93348199,Beginner
70,85,13,0,77,72.50086622,Professional
64,62,6,0,74,94.36292944,Beginner
58,70,0,10,71,97.34078028,Beginner
82,58,3,4,78,98.81551912,Beginner
48,83,14,11,58,91.92280099,Advanced
78,77,5,3,75,104.2617368,Professional
64,98,7,3,76,72.55913433,Intermediate
69,98,8,3,74,69.69748434,Intermediate
17,50,4,0,97,72.61687123,Advanced
70,69,6,5,74,92.75183183,Professional
70,79,9,5,70,71.3277357,Professional
75,72,0,3,80,60.61642836,Beginner
64,91,7,6,83,69.03574135,Intermediate
48,81,12,13,56,87.87550317,Advanced
39,70,11,3,80,66.24182694,Advanced
36,62,12,3,91,91.27160917,Advanced
19,72,4,12,70,75.33157832,Advanced
65,63,8,6,75,82.81417144,Beginner
71,77,5,4,74,96.17966683,Professional
62,66,14,8,86,118.281103,Beginner
73,74,4,6,85,67.17939734,Beginner
72,79,7,4,71,81.48658524,Professional
16,68,1,4,84,82.75472471,Advanced
49,75,15,6,69,76.17144069,Advanced
54,64,17,3,79,49.94431139,Professional
79,75,5,9,81,96.7802807,Beginner
53,79,7,1,82,64.12871137,Beginner
69,81,13,1,78,74.36581408,Professional
59,100,8,11,86,110.2495739,Intermediate
79,68,4,7,84,80.49434346,Beginner
42,69,11,5,77,56.70333351,Advanced
64,77,10,4,75,81.54325581,Professional
40,69,12,2,81,78.14607588,Advanced
42,80,6,16,55,83.58315066,Advanced
46,73,13,2,84,86.64739406,Beginner
68,73,12,2,78,78.02358504,Professional
30,71,10,1,87,58.53834537,Advanced
84,98,16,4,73,58.31571856,Intermediate
39,75,11,6,75,63.53468168,Advanced
55,67,8,7,74,71.37776413,Professional
71,77,12,1,77,78.35393295,Professional
67,90,13,8,89,50.38515335,Professional
64,100,7,8,82,92.68906846,Intermediate
29,62,1,7,80,55.22077957,Advanced
49,77,16,6,67,102.0228194,Advanced
45,98,10,18,100,84.14302737,Intermediate
32,77,3,11,61,114.1449005,Advanced
45,86,6,0,83,51.857035,Beginner
73,57,3,0,74,92.04008818,Beginner
65,85,6,9,91,51.1207509,Beginner
73,99,9,3,71,76.23958076,Intermediate
66,95,9,7,78,111.8436552,Intermediate
86,54,3,9,65,94.87125222,Professional
26,66,4,1,83,104.7425356,Advanced
59,71,17,13,97,106.1182779,Beginner
67,57,7,8,71,79.53765125,Professional
76,95,11,3,71,88.96298512,Intermediate
38,72,9,8,70,78.56892066,Advanced
93,100,9,4,55,92.85346499,Intermediate
60,70,8,4,84,75.61337628,Beginner
43,82,14,7,66,96.02159255,Advanced
33,72,6,6,74,87.37450597,Advanced
30,69,8,1,84,86.58539182,Advanced
70,59,6,0,73,110.4137366,Beginner
38,71,16,1,79,89.60617589,Advanced
30,76,2,11,66,87.31140973,Advanced
57,70,15,9,90,107.0568066,Beginner
49,63,12,0,79,106.917523,Beginner
72,75,2,4,81,62.8550491,Beginner
54,94,3,8,85,102.5128691,Intermediate
39,79,15,6,72,63.57405613,Advanced
66,98,8,4,77,75.97429307,Intermediate
58,79,11,10,94,68.50112877,Beginner
51,72,12,3,84,94.5223927,Beginner
81,92,12,0,70,52.44056472,Intermediate
66,88,11,3,72,61.74661268,Professional
70,61,12,3,73,148.1977519,Beginner
67,70,10,7,83,107.9989217,Beginner
53,75,13,5,86,96.27854787,Beginner
67,59,15,8,84,142.5916439,Beginner
71,100,14,9,81,90.0962297,Intermediate
69,74,3,3,81,65.41045156,Beginner
36,77,3,14,59,88.53413465,Advanced
48,68,11,8,73,45.97551919,Professional
39,80,6,11,55,141.5402372,Advanced
69,74,0,0,77,50.89183649,Beginner
55,94,0,1,80,56.49827486,Intermediate
27,74,4,7,75,74.93598214,Advanced
60,76,6,5,74,79.21929368,Professional
70,60,12,5,79,136.8787271,Beginner
59,77,2,3,72,61.65433861,Beginner
45,79,15,6,70,75.49664074,Advanced
75,95,9,2,72,65.11080583,Intermediate
64,68,2,10,67,83.80862433,Professional
75,90,11,1,77,72.77393578,Intermediate
77,78,8,1,79,107.6387841,Professional
49,74,15,5,67,109.3978441,Advanced
65,85,9,3,77,94.77522837,Professional
53,74,9,6,73,58.3808836,Professional
65,73,3,8,70,82.11861851,Professional
16,61,3,4,100,66.23514916,Advanced
67,74,6,8,66,67.02666351,Professional
30,71,7,4,80,77.37930924,Advanced
75,72,8,11,90,86.5994024,Beginner
33,78,12,2,79,95.80589204,Advanced
28,58,2,4,87,46.9213747,Advanced
37,71,6,7,70,92.63537543,Advanced
32,70,7,4,78,83.59814165,Advanced
59,97,8,10,88,83.86728876,Intermediate
60,65,1,12,67,96.31147668,Professional
31,73,6,6,76,68.87254089,Advanced
66,94,10,7,84,62.51311652,Intermediate
66,84,5,10,95,57.02140202,Beginner
19,65,4,1,96,69.60564399,Advanced
74,100,6,2,65,110.5772884,Intermediate
44,78,9,12,58,91.00814959,Advanced
48,87,20,5,67,86.47651553,Advanced
91,60,2,5,75,136.3576781,Professional
35,72,10,3,80,74.63789307,Advanced
70,97,6,2,72,84.79223037,Intermediate
72,78,6,6,81,86.90132454,Beginner
76,76,7,3,76,98.4961315,Professional
57,91,7,9,96,62.69300336,Beginner
76,61,3,8,70,100.8523841,Professional
62,82,12,1,80,78.1876753,Professional
57,94,4,5,82,79.99816028,Intermediate
47,79,12,8,70,45.54632728,Professional
52,100,4,9,86,102.5776791,Intermediate
38,65,13,1,87,97.00752585,Advanced
42,77,10,9,65,85.03456992,Advanced
58,99,4,5,80,81.93720666,Intermediate
51,92,2,6,90,48.54557588,Intermediate
19,78,0,9,70,107.9397124,Advanced
45,82,12,11,61,70.18650609,Advanced
70,65,3,8,70,93.70100039,Professional
69,94,8,2,74,72.52411148,Intermediate
53,89,18,2,76,52.0986565,Professional
57,77,12,3,78,69.88625076,Professional
54,90,8,10,95,51.32303898,Intermediate
73,70,7,6,80,99.90734606,Beginner
65,61,13,3,77,137.2879541,Beginner
62,71,5,1,79,72.71557524,Beginner
26,68,4,2,83,91.57071792,Advanced
32,79,7,10,72,46.25100714,Advanced
36,56,7,0,90,63.77573532,Advanced
46,85,10,10,61,107.1797873,Advanced
35,70,11,1,82,90.72591777,Advanced
45,70,12,4,92,65.08575449,Beginner
43,79,8,14,57,75.31788162,Advanced
62,71,6,6,74,80.93543289,Professional
75,99,6,0,63,85.0353821,Intermediate
63,96,6,4,79,64.30259581,Intermediate
63,100,15,16,96,78.52687058,Intermediate
45,79,10,1,85,62.44051555,Beginner
10,69,2,0,95,72.28660899,Advanced
72,73,6,8,87,73.9992976,Beginner
40,88,12,10,60,95.91233608,Advanced
82,63,1,0,69,79.07001587,Beginner
58,80,19,10,59,75.52629045,Advanced
90,100,20,9,72,94.86664055,Intermediate
76,100,11,6,69,118.8800575,Intermediate
58,94,5,6,82,92.54317449,Intermediate
42,97,6,14,100,52.95505729,Intermediate
49,72,16,2,81,49.58938585,Professional
69,100,6,3,71,87.87774173,Intermediate
70,68,12,11,90,104.8650474,Beginner
55,100,4,8,82,102.4144047,Intermediate
74,91,4,15,100,68.02024287,Beginner
41,69,10,6,74,76.15230477,Advanced
64,100,4,4,72,125.5968433,Intermediate
40,77,13,6,73,71.83353698,Advanced
77,100,12,6,66,141.9024804,Intermediate
58,79,6,3,79,90.12596201,Professional
64,58,0,11,68,91.45282671,Professional
58,92,15,0,77,56.83545784,Professional
32,76,8,5,76,77.7935531,Advanced
60,92,6,5,82,70.89461292,Intermediate
74,89,12,1,73,80.35140773,Professional
75,95,9,2,69,89.07830512,Intermediate
77,73,1,8,89,46.6051015,Beginner
61,68,12,8,89,97.15364276,Beginner
47,74,13,7,67,94.64247018,Advanced
58,83,7,8,95,55.8187911,Beginner
79,75,6,11,89,78.42343116,Beginner
43,89,13,9,100,45.1973168,Beginner
57,96,14,1,77,58.28842533,Professional
71,100,9,5,71,113.2642198,Intermediate
66,71,8,6,86,80.92032392,Beginner
38,77,9,8,66,99.88747846,Advanced
38,84,9,11,59,111.6309788,Advanced
69,68,1,0,77,63.49488029,Beginner
66,95,10,7,84,60.64122541,Intermediate
75,100,8,3,68,94.89615737,Intermediate
70,90,11,6,84,47.14130311,Intermediate
45,72,13,5,71,90.56384297,Advanced
73,73,4,2,79,69.93685886,Beginner
66,70,8,4,76,87.22302076,Professional
75,75,3,7,86,57.92677051,Beginner
50,90,8,11,98,51.31176993,Intermediate
58,75,5,8,71,76.13763024,Professional
67,78,9,9,88,82.74238351,Beginner
59,82,20,9,56,98.41016037,Advanced
70,94,9,4,77,66.7622651,Intermediate
80,63,6,5,73,99.33001475,Professional
35,80,8,8,65,106.2061559,Advanced
68,75,0,1,79,48.99129263,Beginner
66,73,9,6,83,95.67322191,Beginner
59,73,7,3,84,70.56809011,Beginner
63,97,8,4,78,77.30707351,Intermediate
75,77,0,5,85,57.75236644,Beginner
56,95,5,7,83,86.73469873,Intermediate
61,72,8,5,87,71.37311206,Beginner
28,66,4,7,76,62.8265212,Advanced
57,97,8,9,89,68.33393851,Intermediate
75,73,5,7,68,85.15204245,Professional
55,76,14,9,91,92.78854067,Beginner
30,63,11,4,96,82.48927269,Advanced
57,92,6,7,90,52.1716215,Intermediate
59,76,13,5,72,51.01548459,Professional
75,70,1,6,85,47.20593705,Beginner
42,79,15,5,73,70.70011459,Advanced
71,76,1,0,74,50.03078514,Beginner
76,100,7,3,66,116.3272791,Intermediate
20,73,2,3,82,98.04553077,Advanced
50,97,3,7,89,67.52157221,Intermediate
74,79,1,2,80,52.98133291,Beginner
66,86,2,5,86,55.07604704,Beginner
20,69,3,1,88,87.44112381,Advanced
79,69,3,7,84,72.73404884,Beginner
78,75,0,7,69,108.6576332,Professional
71,89,13,6,85,61.38690067,Intermediate
58,85,12,13,100,56.21402974,Beginner
59,52,9,0,72,121.4068048,Beginner
66,88,7,5,70,72.22333073,Professional
69,99,10,7,81,79.90834913,Intermediate
70,58,0,12,64,89.54729655,Intermediate
45,89,14,2,79,49.69262795,Professional
74,98,7,1,65,99.6712872,Intermediate
67,95,1,2,66,72.01062834,Intermediate
46,65,18,0,88,50.99827401,Advanced
64,68,4,3,85,53.95567866,Beginner
64,79,8,3,76,85.7712136,Professional
56,86,11,3,77,70.18818184,Professional
68,66,10,5,74,71.32581277,Professional
65,94,15,0,76,64.16227801,Professional
67,70,15,1,79,70.68425629,Professional
76,73,10,4,73,88.45775369,Professional
37,79,8,9,69,73.425301,Advanced
70,58,12,5,78,136.5505172,Beginner
60,87,2,5,91,77.78446824,Beginner
75,100,5,0,62,93.71442245,Intermediate
60,68,15,8,86,124.5127522,Beginner
76,64,3,12,63,102.9196752,Professional
33,68,6,6,79,50.28196756,Advanced
38,79,9,8,66,106.3572181,Advanced
57,88,2,3,81,68.72207568,Intermediate
60,95,12,14,97,72.91823648,Intermediate
66,74,3,1,78,63.81777177,Beginner
70,98,6,2,72,71.706026,Intermediate
67,72,7,4,80,90.61913073,Beginner
34,63,5,5,80,70.2749849,Advanced
32,68,6,3,80,86.71873546,Advanced
62,70,12,10,93,88.92409355,Beginner
60,82,15,0,82,69.95519862,Professional
45,79,10,12,59,76.64931726,Advanced
69,72,6,7,88,62.22505675,Beginner
71,73,2,7,69,94.42726327,Professional
71,56,1,11,69,110.037843,Professional
48,78,15,8,93,83.00281731,Beginner
61,86,6,4,86,57.15779309,Intermediate
59,76,13,2,81,80.91994952,Professional
63,70,9,7,88,79.94299829,Beginner
48,84,20,2,85,59.44817947,Professional
86,62,2,5,77,96.91436824,Beginner
60,96,10,9,90,63.31513019,Intermediate
80,69,1,9,65,99.90120124,Professional
65,67,11,4,75,72.99039557,Professional
53,53,3,14,66,66.67499764,Professional
52,100,7,14,92,126.3436064,Intermediate
65,65,9,6,74,81.71927849,Professional
43,78,13,7,69,78.9749582,Advanced
45,80,13,9,64,82.03393267,Advanced
62,74,15,4,74,49.81559795,Professional
39,74,9,8,70,77.91457328,Advanced
56,77,14,3,77,61.65385659,Professional
45,75,11,10,62,92.88048082,Advanced
79,100,6,0,58,127.235101,Intermediate
67,75,11,5,72,71.10659872,Professional
26,73,7,2,85,69.52432964,Advanced
71,94,11,8,83,61.23834173,Intermediate
64,85,8,14,100,52.05126137,Beginner
81,71,3,7,82,79.85178845,Beginner
60,67,13,4,81,118.22874,Beginner
72,86,12,2,73,69.77564384,Professional
69,100,7,4,73,89.2881415,Intermediate
60,96,8,8,86,77.44178158,Intermediate
72,94,8,4,72,93.90016245,Intermediate
54,87,10,12,100,52.1781679,Beginner
64,72,11,4,75,75.32418896,Professional
74,83,2,13,98,68.97861172,Beginner
19,66,7,5,100,82.70085185,Advanced
38,81,8,12,64,58.38483622,Advanced
73,65,2,9,68,97.48577089,Professional
66,83,6,12,98,49.46027206,Beginner
68,78,3,8,92,54.87622488,Beginner
74,77,9,4,71,74.50070322,Professional
66,85,11,1,77,80.11508433,Professional
79,51,2,9,69,106.6582617,Professional
65,97,12,10,86,84.38540961,Intermediate
67,99,14,10,88,67.79111063,Intermediate
65,71,11,6,70,55.66628054,Professional
59,75,12,10,94,82.76360797,Beginner
58,84,9,6,88,63.59798402,Beginner
66,74,9,8,87,84.36563963,Beginner
55,83,9,7,90,57.86898283,Beginner
59,93,7,9,87,81.94784745,Intermediate
62,63,10,2,67,134.5173051,Advanced
33,79,8,7,70,98.79581585,Advanced
76,65,5,6,82,89.45287456,Beginner
10,58,1,6,100,61.439361,Advanced
63,59,4,1,72,90.50639859,Beginner
64,88,2,7,89,58.45332966,Beginner
51,75,5,8,72,71.30431478,Professional
62,75,6,5,87,54.53919679,Beginner
64,97,7,7,80,94.67357257,Intermediate
57,61,8,9,71,66.3216132,Professional
53,65,16,3,80,132.962618,Beginner
70,82,3,8,90,49.05011371,Beginner
82,99,12,4,68,95.35344986,Intermediate
66,86,8,5,71,73.88935855,Professional
66,70,5,5,86,64.55901547,Beginner
67,71,8,6,86,81.44543576,Beginner
45,75,17,2,78,79.64497916,Advanced
60,91,9,9,92,47.6621857,Intermediate
82,59,6,4,75,113.613019,Professional
63,92,9,8,88,51.40261177,Intermediate
56,83,12,4,74,57.51076714,Professional
65,68,0,8,73,105.0544259,Professional
70,79,9,5,71,79.60411426,Professional
60,72,12,6,83,107.9752422,Beginner
46,82,8,18,55,85.43642407,Advanced
79,100,13,3,66,95.84943643,Intermediate
42,67,8,6,71,92.58292687,Beginner
75,100,12,7,75,95.31626846,Intermediate
71,74,4,11,96,51.90965602,Beginner
54,81,15,10,94,86.76183466,Beginner
57,92,5,7,89,46.22940732,Intermediate
43,76,10,9,66,78.94992841,Advanced
57,81,10,5,85,75.67822693,Beginner
73,56,9,5,79,122.7600683,Beginner
31,73,4,6,71,115.8403696,Advanced
63,63,5,10,68,79.13866822,Professional
33,73,6,6,72,110.6591483,Advanced
64,68,7,4,81,86.41963826,Beginner
78,86,7,2,74,96.82658689,Professional
69,79,7,9,89,71.53890992,Beginner
64,95,5,3,75,86.04486961,Intermediate
63,57,2,11,68,90.37953633,Professional
13,63,3,4,100,71.71259757,Advanced
47,73,16,2,80,121.9495757,Beginner
71,67,3,6,73,94.51818394,Professional
69,68,6,6,71,79.17670049,Professional
68,76,4,6,87,49.81433893,Beginner
53,73,7,8,70,60.80728758,Professional
71,100,8,4,68,116.2847362,Intermediate
53,88,1,4,85,63.79659173,Intermediate
65,93,11,6,88,68.93353567,Intermediate
72,69,1,8,71,109.4819268,Professional
74,93,11,6,74,102.4140367,Intermediate
63,74,8,5,83,84.99954933,Beginner
79,75,7,1,80,117.9517496,Professional
57,85,13,2,77,62.41152081,Professional
58,68,11,6,72,53.65951708,Professional
55,65,4,12,66,63.51891399,Professional
33,69,11,0,89,63.01092184,Advanced
73,63,0,8,71,108.1900316,Professional
17,56,2,3,100,65.81861951,Advanced
53,77,8,9,67,48.84324555,Professional
77,60,6,7,71,94.69247982,Professional
30,71,1,9,72,90.83440185,Advanced
54,78,10,5,74,66.10972826,Professional
72,84,5,12,96,48.86836971,Beginner
54,82,4,1,81,45.55421549,Beginner
70,78,10,9,86,93.21086917,Beginner
70,70,8,4,76,90.01552141,Advanced
61,94,12,9,94,66.94958046,Intermediate
70,97,5,2,70,89.00436313,Intermediate
70,79,9,9,85,93.54617362,Beginner
53,81,9,4,88,57.36405308,Beginner
24,69,3,3,82,92.90981429,Advanced
68,82,6,7,86,69.7770881,Beginner
73,95,12,8,78,100.557285,Intermediate
68,83,10,1,78,80.5756975,Professional
67,94,10,5,81,49.83347482,Intermediate
40,69,10,5,77,65.9915004,Advanced
54,83,16,12,55,90.8348413,Advanced
57,76,9,3,78,77.09808082,Professional
79,100,11,4,70,90.12301651,Intermediate
41,79,9,11,60,94.61122616,Advanced
71,69,4,7,69,87.95256177,Professional
68,64,4,11,64,71.53264372,Professional
68,82,4,6,70,88.4060738,Professional
66,70,2,0,78,59.68494013,Beginner
50,77,11,14,58,52.93821019,Advanced
74,97,9,3,72,77.7380833,Intermediate
70,98,3,1,64,84.20403929,Intermediate
49,60,20,5,84,144.8108787,Beginner
42,72,13,8,73,55.35149337,Professional
73,100,9,8,75,126.8897928,Intermediate
56,95,4,7,87,57.0375434,Intermediate
69,85,2,7,89,59.67905017,Beginner
45,75,12,9,67,63.93698164,Advanced
60,75,13,8,88,100.9120627,Beginner
15,58,0,0,100,45.10347906,Advanced
59,87,9,9,94,50.01341725,Beginner
70,72,2,8,69,99.75863682,Professional
24,78,0,11,64,119.6261726,Advanced
47,86,15,10,57,103.4444608,Advanced
48,96,1,8,87,104.9282083,Intermediate
60,77,8,4,76,80.34134744,Professional
60,84,11,3,76,73.22776158,Professional
46,87,14,12,55,103.7150564,Advanced
50,91,5,12,94,96.04690495,Intermediate
40,74,12,5,75,75.93022428,Advanced
57,81,11,3,78,69.2549397,Professional
69,93,8,3,78,48.15448892,Intermediate
49,55,14,1,78,132.4337138,Beginner
70,69,10,10,88,99.13809735,Beginner
31,66,6,4,84,46.62268043,Advanced
70,78,4,8,88,56.39184747,Intermediate
45,82,17,5,69,86.91346856,Advanced
63,58,7,10,69,71.59435574,Professional
50,81,16,9,63,67.59928932,Advanced
60,91,8,8,85,83.26051094,Intermediate
60,72,11,9,93,77.50409207,Beginner
71,81,3,4,79,66.00558879,Beginner
35,68,7,6,78,62.08622071,Advanced
56,89,11,14,100,51.74185232,Intermediate
59,85,18,1,78,54.17486547,Professional
80,72,9,3,75,90.27307634,Professional
35,76,9,6,71,98.51628319,Advanced
56,86,17,14,55,71.61610309,Advanced
71,97,12,7,82,65.50179869,Intermediate
57,66,7,9,70,71.38499238,Professional
65,62,12,6,82,123.0974419,Beginner
28,66,5,3,85,67.67523974,Advanced
32,57,10,4,100,63.81692867,Advanced
89,100,14,1,62,72.07696777,Intermediate
49,99,3,9,89,87.82716873,Intermediate
88,92,8,0,75,106.0225521,Professional
79,65,4,7,84,80.67899918,Beginner
60,70,6,0,79,76.1858145,Beginner
81,57,1,9,69,111.5769692,Professional
78,72,0,7,72,121.0889468,Professional
57,75,10,9,93,69.8540471,Beginner
54,89,3,6,82,104.0773678,Intermediate
50,75,5,6,78,92.0848246,Professional
24,67,7,5,79,69.28373101,Advanced
36,86,20,2,82,62.17840827,Professional
47,75,15,5,70,84.84519314,Advanced
86,69,2,4,72,121.9122491,Professional
41,81,9,11,60,101.0347524,Advanced
87,100,10,0,57,117.2461315,Intermediate
67,79,15,1,77,71.14672778,Professional
59,84,8,5,85,66.65600007,Beginner
40,64,11,2,84,63.2336806,Advanced
30,75,7,6,77,73.88806602,Advanced
21,68,3,11,74,62.86742103,Advanced
60,70,5,0,80,64.19589525,Beginner
76,57,5,5,77,109.8689794,Professional
68,73,10,10,91,88.14535534,Beginner
63,87,12,1,76,61.89347247,Professional
67,57,8,6,76,91.12449987,Professional
70,79,4,9,91,45.38539526,Beginner
45,90,0,8,93,68.02307882,Intermediate
45,96,3,9,93,75.1473568,Intermediate
49,95,5,9,95,51.82768454,Intermediate
73,84,4,6,85,58.11940334,Beginner
41,71,14,1,80,90.24382029,Advanced
52,88,1,5,87,69.84766952,Intermediate
42,74,9,8,66,98.80658526,Advanced
53,76,14,7,89,93.91690281,Beginner
45,66,14,2,79,83.28841618,Advanced
48,96,6,11,95,77.1893406,Intermediate
40,70,11,5,79,47.79225344,Advanced
36,70,12,0,85,74.9065979,Advanced
32,73,9,3,79,90.12313155,Advanced
67,72,0,2,80,48.63891493,Beginner
60,64,16,5,81,140.1286011,Beginner
27,62,7,1,94,64.64212385,Advanced
33,67,10,4,78,67.29331528,Advanced
56,74,13,2,81,71.93306437,Professional
45,92,6,14,100,81.81272194,Intermediate
60,60,3,10,71,86.23573031,Professional
24,70,5,2,86,78.97278707,Advanced
63,67,11,4,80,110.9399658,Beginner
70,78,12,2,75,73.51945448,Professional
35,72,8,7,75,66.38069432,Advanced
25,70,2,5,76,105.1123403,Advanced
59,71,8,4,85,74.28498123,Beginner
44,96,8,16,100,90.9612367,Intermediate
71,99,8,3,74,59.55878552,Intermediate
93,92,11,4,56,53.7997145,Intermediate
64,71,7,2,79,93.00028279,Beginner
64,68,8,5,75,80.38172733,Professional
48,88,16,9,65,64.89832949,Advanced
52,71,12,8,69,49.62693436,Professional
64,85,13,4,71,56.31575576,Professional
57,96,5,7,83,98.14871261,Intermediate
61,77,9,5,72,67.26229267,Professional
75,83,0,7,89,62.67529199,Beginner
71,78,8,11,91,73.32563863,Beginner
72,83,7,13,98,49.22108729,Beginner
71,74,5,8,90,57.58977732,Beginner
79,65,5,7,83,91.62766663,Beginner
47,75,15,6,71,70.43135914,Advanced
30,65,8,0,89,68.97416117,Advanced
71,98,11,0,76,82.52692955,Professional
34,74,10,3,79,76.30826147,Advanced
73,90,10,1,78,84.68669047,Professional
60,70,12,4,81,113.1186526,Beginner
73,100,5,1,65,111.0689251,Intermediate
69,76,1,4,85,53.67641654,Beginner
33,63,5,4,81,72.14145885,Advanced
31,68,2,8,71,99.28910512,Advanced
57,68,8,7,73,72.16527845,Professional
79,94,12,4,71,87.59603573,Intermediate
67,92,3,1,71,84.32062327,Intermediate
43,77,13,6,70,89.55972903,Advanced
81,97,14,5,72,74.16922557,Intermediate
71,82,3,10,94,57.39066407,Beginner
70,81,8,13,95,64.64634954,Beginner
82,100,11,1,63,90.13884692,Intermediate
77,55,2,13,63,103.1605475,Professional
64,65,10,1,74,123.0789236,Beginner
53,72,17,7,87,120.2334928,Beginner
54,98,10,13,93,91.80916065,Intermediate
31,67,6,3,82,78.72451338,Advanced
44,69,13,7,75,50.97503835,Professional
64,67,13,4,75,68.85672899,Professional
63,92,5,1,78,56.1596869,Intermediate
65,62,7,2,79,95.41868152,Beginner
65,78,9,4,74,76.85959003,Professional
50,69,17,5,86,118.0210982,Beginner
60,78,11,2,80,77.00893347,Professional
86,94,9,1,58,91.40859251,Intermediate
44,69,14,3,80,65.47060391,Beginner
70,57,1,10,68,97.47088255,Professional
56,77,14,8,89,99.16106493,Beginner
65,86,12,2,76,71.13102188,Professional
83,62,0,6,72,121.0823217,Professional
66,77,7,6,69,73.16486315,Professional
57,70,11,4,83,98.64791964,Beginner
73,78,6,11,92,60.90563803,Beginner
82,66,2,4,77,89.9783015,Beginner
67,80,7,8,87,73.86954264,Beginner
41,78,12,8,68,81.03101696,Advanced
25,67,4,2,85,80.87365955,Advanced
71,69,9,5,72,77.38426705,Professional
66,62,4,9,70,86.59698578,Professional
45,83,10,14,55,89.82780129,Advanced
35,57,7,0,90,71.11100132,Advanced
60,59,7,10,69,71.42639351,Professional
51,87,20,7,63,92.84078825,Advanced
39,74,10,7,70,87.98597119,Advanced
53,83,9,7,70,58.19934068,Professional
81,100,13,2,69,71.65782654,Intermediate
48,83,13,11,55,116.5295124,Advanced
34,65,5,5,77,87.90890622,Advanced
30,82,7,8,68,101.5456473,Advanced
77,100,6,0,61,116.4358242,Intermediate
70,61,4,12,66,112.3572576,Professional
62,77,7,4,84,69.92186586,Beginner
62,94,1,0,72,72.99866319,Intermediate
70,74,7,6,69,75.31169615,Professional
82,100,10,1,60,111.0839269,Intermediate
69,74,4,6,74,95.01963427,Professional
48,74,16,4,72,88.57427682,Advanced
69,64,9,6,83,102.6126877,Beginner
72,79,15,1,76,70.6052062,Professional
49,83,14,11,57,102.6666864,Advanced
58,68,7,3,83,73.09554879,Beginner
67,99,11,11,82,115.6910309,Intermediate
44,88,0,5,88,72.65208499,Intermediate
49,75,11,5,79,75.88149552,Professional
63,100,0,2,65,151.0213168,Intermediate
54,96,2,4,77,109.5680562,Intermediate
75,100,12,5,75,60.32620978,Intermediate
65,69,5,8,70,86.04330783,Professional
28,71,5,4,80,79.18780783,Advanced
57,64,3,12,64,64.31006181,Professional
46,95,0,8,87,113.9566944,Intermediate
61,99,1,1,70,101.1871428,Intermediate
63,89,13,5,66,59.58555418,Professional
67,64,8,7,88,81.76837622,Beginner
71,59,4,7,68,82.95835416,Professional
27,60,2,2,86,88.07325654,Advanced
34,69,7,6,78,58.52952995,Advanced
50,99,5,10,92,81.70938461,Intermediate
57,64,18,8,87,138.71196,Beginner
58,97,15,2,74,52.61574983,Professional
63,86,8,3,76,81.0337209,Beginner
61,77,7,5,83,76.51656226,Beginner
52,97,10,16,100,86.2650318,Intermediate
22,71,3,2,83,101.8113781,Advanced
54,68,13,5,75,55.2639179,Professional
43,65,10,3,78,94.46179491,Advanced
76,95,13,5,74,90.90217992,Intermediate
49,94,3,8,91,70.15182028,Intermediate
41,75,12,6,75,60.51874879,Advanced
59,66,4,11,66,63.25043187,Professional
35,74,6,10,69,60.60246278,Advanced
64,94,9,2,83,83.52913341,Intermediate
41,77,8,10,60,116.0382328,Advanced
56,90,13,1,78,63.33610102,Professional
73,98,12,7,79,69.14042608,Intermediate
68,91,4,10,94,60.80375104,Beginner
56,99,9,10,87,101.8105962,Intermediate
72,68,0,7,73,117.3335602,Professional
65,73,13,3,76,64.54589783,Professional
38,76,9,7,68,104.1776106,Advanced
72,73,7,9,88,80.39515327,Beginner
40,94,6,15,100,60.33987262,Intermediate
35,73,13,0,83,93.88011687,Advanced
37,86,13,7,68,97.42166061,Advanced
57,74,11,5,85,90.10713055,Beginner
69,66,7,6,73,88.23450395,Professional
60,100,3,6,77,117.7716155,Intermediate
66,72,6,7,88,65.05356735,Beginner
82,94,9,0,65,75.15607056,Intermediate
52,84,18,9,61,89.43535702,Advanced
62,91,12,3,73,62.50602089,Professional
44,77,15,5,72,80.56795164,Advanced
61,92,8,8,87,63.31941971,Intermediate
65,72,3,6,75,99.10734648,Intermediate
71,93,7,3,72,92.22645461,Intermediate
47,83,12,13,55,83.12737626,Advanced
33,77,10,4,77,81.86768566,Advanced
95,99,9,5,55,99.90191416,Intermediate
71,98,11,7,79,82.67074637,Intermediate
66,67,8,6,72,76.09100246,Professional
24,69,0,7,75,87.26064522,Advanced
53,97,10,13,97,67.3057917,Intermediate
69,98,6,3,69,111.1037504,Intermediate
38,79,13,3,73,115.3737509,Advanced
86,75,0,7,66,112.8379287,Professional
69,74,5,8,67,76.17414817,Professional
80,100,16,10,77,97.98358552,Intermediate
36,72,9,6,77,54.03182198,Intermediate
40,66,16,3,73,129.242798,Beginner
63,78,7,7,70,72.61493151,Professional
58,100,8,11,87,98.6643201,Intermediate
69,67,6,3,79,90.6983546,Beginner
52,96,14,19,55,109.6491985,Advanced
64,63,4,8,73,91.07020199,Professional
43,76,13,6,72,74.35309661,Advanced
68,58,11,4,79,126.6548526,Beginner
91,100,19,7,68,109.4184332,Intermediate
28,83,8,7,71,92.35854555,Professional
22,69,0,6,80,74.94307973,Advanced
18,71,0,5,80,93.10342411,Advanced
21,59,2,1,96,73.15772151,Advanced
48,86,9,2,85,59.88605419,Beginner
50,99,20,0,76,65.79131939,Professional
29,82,5,11,65,86.20112077,Advanced
58,93,6,7,85,75.68478896,Intermediate
79,68,3,5,78,91.11285221,Beginner
29,70,10,0,89,85.88747603,Advanced
29,76,3,9,67,108.6591357,Advanced
55,91,1,2,81,59.51249896,Intermediate
83,91,6,5,57,58.0731596,Intermediate
71,95,8,1,74,52.49169577,Intermediate
59,68,8,6,76,87.22668687,Professional
66,100,11,8,82,72.64684963,Intermediate
78,95,13,3,74,50.99554603,Intermediate
57,76,6,4,87,54.1324718,Beginner
56,65,11,0,74,116.6956592,Beginner
52,66,1,11,68,76.07940247,Professional
58,93,8,5,85,51.20705303,Intermediate
54,93,4,7,86,87.19427943,Intermediate
64,94,7,5,78,83.43928212,Intermediate
48,73,15,5,87,99.02961932,Beginner
35,73,10,3,76,102.6233119,Advanced
32,65,8,1,84,95.49042358,Advanced
69,65,1,9,69,91.06766517,Professional
39,68,8,5,73,103.6083169,Advanced
53,72,20,14,95,151.0330747,Beginner
52,82,11,10,99,49.44391503,Beginner
55,74,9,2,80,90.95606767,Beginner
34,65,3,6,72,108.1598234,Advanced
64,81,10,7,85,88.87270781,Beginner
57,94,6,9,87,89.51358217,Intermediate
65,74,7,7,87,75.47106678,Beginner
43,72,11,6,72,81.97262651,Advanced
22,64,1,3,86,69.93311823,Advanced
32,70,5,10,65,86.79671062,Advanced
77,78,3,4,73,110.2351413,Professional
61,75,0,10,67,87.27500174,Professional
38,66,11,1,86,59.76303532,Advanced
46,89,15,11,59,83.45810201,Advanced
67,93,4,2,73,87.38312154,Intermediate
67,61,9,6,73,72.43995177,Professional
64,77,13,2,77,71.22969123,Professional
51,74,18,4,71,90.35441713,Advanced
73,58,3,7,73,107.8362949,Professional
57,84,6,7,92,58.56230991,Intermediate
48,78,10,0,81,76.04154085,Beginner
23,74,2,7,76,77.17147402,Advanced
61,100,9,9,86,65.73398873,Intermediate
55,74,11,4,84,90.65139337,Beginner
47,82,19,10,94,103.0308938,Beginner
70,63,6,3,80,88.08409496,Beginner
38,75,11,5,73,95.21938178,Advanced
68,60,3,13,64,101.7826621,Professional
61,84,5,5,87,45.74030196,Beginner
43,81,13,8,66,88.85350491,Advanced
14,57,4,3,92,64.52066019,Advanced
18,70,1,4,86,56.66158065,Advanced
59,89,12,4,72,54.85728408,Professional
84,100,14,4,65,99.54103018,Intermediate
28,62,1,4,79,99.73069589,Advanced
69,82,9,3,73,79.88808571,Professional
91,66,6,4,72,104.5211575,Professional
39,72,7,10,68,65.96421667,Advanced
61,64,13,5,81,121.3983008,Beginner
48,80,13,5,74,47.71739246,Professional
57,89,16,18,55,65.58265359,Advanced
73,60,10,2,72,140.0864655,Beginner
53,94,1,6,81,110.1850618,Intermediate
72,88,12,0,78,80.9139871,Professional
81,65,4,4,76,104.3265643,Beginner
67,68,7,1,74,107.1589301,Beginner
42,73,15,3,81,52.89007536,Advanced
58,94,9,11,93,60.64103018,Intermediate
62,61,7,0,77,95.28610067,Beginner
67,93,7,3,76,69.41378079,Intermediate
71,71,6,8,88,74.20879924,Beginner
38,81,11,7,68,94.15356045,Advanced
59,94,6,7,81,99.63989517,Intermediate
19,71,3,9,72,110.5985803,Advanced
59,92,16,13,95,55.44519607,Intermediate
32,85,10,8,70,80.138,Advanced
64,75,11,2,80,89.56766071,Professional
63,98,9,8,82,92.70863536,Intermediate
57,76,9,7,70,60.89245562,Professional
64,72,6,3,83,73.00749124,Beginner
28,58,5,0,93,70.01769844,Advanced
68,68,7,6,86,80.23905946,Beginner
81,67,6,8,82,99.32474998,Beginner
38,69,5,10,68,72.65053009,Advanced
49,72,20,0,83,66.08571161,Advanced
46,66,8,10,67,62.30941919,Advanced
79,73,0,7,86,46.64810992,Beginner
38,90,3,12,100,51.37366459,Intermediate
62,73,11,5,74,68.9295129,Professional
73,100,11,6,75,91.73727018,Intermediate
42,86,10,14,56,80.03694294,Advanced
62,64,12,3,77,123.4761623,Beginner
33,70,7,3,78,95.88517024,Advanced
56,66,8,2,72,95.94090059,Beginner
36,65,10,0,84,94.4401884,Advanced
83,63,8,8,80,120.6499893,Beginner
82,66,0,2,74,83.51758327,Beginner
90,97,14,0,61,69.38250325,Intermediate
70,90,13,0,79,79.56030328,Professional
62,63,12,3,77,77.76829388,Professional
31,77,6,7,70,104.9311824,Advanced
41,88,14,9,64,81.183944,Advanced
71,65,8,5,74,88.28473573,Professional
43,79,12,8,62,124.156739,Advanced
40,72,10,6,73,74.89694486,Advanced
74,66,3,0,73,95.4290651,Beginner
59,87,16,0,81,67.8845232,Professional
51,70,11,0,73,122.4057905,Beginner
65,72,5,2,80,72.41266736,Beginner
78,82,2,5,81,66.64115085,Beginner
57,58,16,9,91,119.1959183,Beginner
65,94,7,6,81,68.6145751,Intermediate
25,73,2,14,67,49.23193769,Advanced
39,73,8,9,68,79.52302907,Advanced
69,82,12,4,70,58.02749659,Professional
76,81,0,5,83,48.69852096,Beginner
70,78,5,10,93,48.59366984,Beginner
61,77,13,2,79,73.23707266,Professional
77,69,0,0,72,69.36934556,Beginner
65,94,4,2,77,55.4209518,Intermediate
70,80,11,2,76,81.69576318,Professional
84,69,3,6,70,110.7526498,Professional
32,78,4,8,63,137.8941578,Advanced
47,76,14,6,91,81.12486313,Beginner
48,69,19,0,84,63.21181055,Advanced
30,68,5,4,81,69.45328985,Advanced
60,75,6,3,84,60.15101126,Beginner
55,69,11,3,83,96.66295843,Beginner
33,67,3,8,73,85.91799901,Advanced
52,92,1,1,74,108.9332561,Intermediate
60,92,5,5,87,60.09568738,Intermediate
53,84,16,2,78,49.16321396,Professional
10,60,6,1,95,73.46095918,Advanced
62,81,20,9,58,77.31746156,Advanced
74,90,2,10,92,62.25424571,Beginner
58,74,10,5,75,71.17402444,Professional
61,72,8,2,81,82.74278088,Beginner
79,96,13,6,76,72.14438265,Intermediate
68,70,5,3,81,75.38033547,Beginner
50,71,13,1,79,106.2205897,Beginner
62,97,7,8,81,111.0134189,Intermediate
32,61,6,0,84,113.3204233,Advanced
61,78,12,1,80,78.19582963,Professional
59,61,12,0,74,127.98087,Beginner
72,64,10,5,75,89.70028296,Professional
39,84,6,17,55,74.58138895,Advanced
75,100,11,5,72,87.5244112,Intermediate
15,56,5,3,100,49.61896215,Advanced
70,100,15,12,82,103.8216229,Intermediate
63,65,16,8,83,144.8536241,Beginner
52,75,10,4,86,77.09096406,Beginner
49,77,20,2,77,68.70601462,Intermediate
54,93,7,9,90,72.91585236,Intermediate
57,100,10,13,91,105.4737003,Intermediate
25,65,1,10,69,93.17401037,Advanced
85,100,16,3,67,70.94005786,Intermediate
59,56,10,7,75,72.68279117,Professional
57,72,7,3,84,67.06528771,Beginner
67,87,12,1,78,83.91339115,Professional
37,86,8,12,57,115.1733775,Advanced
51,97,7,12,94,83.62066639,Intermediate
76,75,6,12,92,68.6809244,Beginner
60,78,9,5,75,77.5030628,Professional
77,65,3,7,71,99.71121312,Intermediate
22,67,1,6,85,46.56245606,Advanced
30,86,2,16,55,94.13873755,Advanced
78,62,0,9,67,106.4579605,Professional
65,66,14,10,89,119.0874457,Beginner
76,63,4,8,68,82.79249319,Professional
62,94,7,5,82,72.31199861,Intermediate
89,100,9,0,58,106.6490573,Intermediate
18,64,2,0,95,64.15088555,Advanced
66,92,20,14,55,89.06181322,Advanced
55,96,3,5,81,96.24961368,Intermediate
65,98,4,3,70,128.4009978,Intermediate
56,86,5,5,85,55.36061365,Intermediate
77,100,8,1,65,96.52564634,Intermediate
85,96,14,4,66,111.3235155,Intermediate
73,80,1,3,81,58.64814143,Beginner
40,83,10,12,59,93.4209661,Advanced
67,76,6,4,81,80.72235397,Beginner
74,78,7,9,85,84.59320082,Beginner
64,59,17,4,75,173.662247,Beginner
51,71,12,6,68,97.26239788,Advanced
37,68,11,1,83,74.11767019,Advanced
83,93,7,4,57,66.59951427,Intermediate
63,92,6,4,80,67.7507077,Intermediate
56,84,11,4,75,64.10913961,Professional
61,89,14,0,79,70.03357696,Professional
67,81,2,6,89,57.18076781,Beginner
23,71,0,7,76,85.8405674,Advanced
65,81,4,5,86,49.42537427,Beginner
69,88,1,3,66,66.67298204,Intermediate
75,100,8,5,65,155.0049594,Intermediate
49,100,5,14,93,123.0073247,Intermediate
70,97,5,0,66,83.45554975,Intermediate
60,95,7,6,85,58.52254164,Intermediate
67,80,3,7,89,48.03751982,Beginner
58,94,10,1,77,79.15219383,Professional
64,70,8,7,70,63.52221685,Professional
46,80,14,6,92,71.91190189,Beginner
54,77,10,5,76,69.73695944,Professional
53,95,7,10,92,78.23675241,Intermediate
58,82,15,0,81,70.95999788,Professional
70,100,9,7,74,126.3715676,Intermediate
50,79,12,6,72,48.38013913,Advanced
22,72,0,7,76,84.92503566,Advanced
43,74,15,3,78,71.71222937,Advanced
40,76,15,2,79,76.79064699,Advanced
36,73,10,1,87,66.62151289,Advanced
76,69,6,6,80,98.7994138,Beginner
66,99,8,7,77,112.037972,Intermediate
59,95,2,3,78,78.85440917,Intermediate
26,66,1,8,76,77.09692223,Advanced
46,82,15,9,64,82.92937574,Advanced
82,81,8,0,79,114.2437746,Professional
58,67,10,3,82,93.29662248,Beginner
59,78,15,1,80,65.84236544,Professional
25,70,0,8,74,94.12038702,Advanced
75,90,11,5,75,88.59372508,Intermediate
60,69,16,0,83,71.71847263,Professional
21,66,0,4,80,109.6651506,Advanced
41,68,11,3,75,111.6996231,Advanced
50,96,10,14,93,99.20900401,Intermediate
31,68,3,7,74,94.57042222,Advanced
72,77,8,13,95,66.19933468,Beginner
57,88,14,17,100,51.37965954,Intermediate
30,74,7,3,77,102.0005559,Advanced
72,81,2,11,96,63.01923037,Beginner
78,72,9,4,72,84.03762388,Professional
49,76,13,10,66,53.76583082,Advanced
60,59,4,9,71,79.36844839,Intermediate
88,100,13,2,57,131.7547048,Intermediate
78,61,3,5,77,126.5636126,Professional
57,91,17,15,55,123.5519454,Advanced
68,100,5,4,72,108.0223522,Intermediate
66,67,6,2,78,86.94430037,Beginner
45,69,13,3,77,87.23217883,Advanced
70,64,6,2,77,96.88461254,Beginner
70,76,5,7,87,61.36576592,Beginner
35,74,8,8,73,62.06682133,Advanced
81,58,14,3,78,77.52149562,Professional
59,87,10,8,93,63.30306537,Intermediate
34,63,5,7,71,95.33536982,Advanced
31,65,7,0,85,113.8094889,Advanced
64,98,6,7,77,122.2997411,Intermediate
69,79,9,5,71,74.81212842,Professional
53,68,10,3,86,77.22816562,Beginner
47,79,19,2,79,51.09361961,Professional
86,100,15,6,71,94.54653287,Intermediate
73,68,15,7,80,151.6608909,Beginner
79,59,9,5,76,135.2737475,Beginner
37,82,11,8,68,75.74966729,Advanced
16,81,0,7,75,107.2946916,Advanced
79,72,4,4,75,110.3439331,Professional
54,83,16,13,55,88.1210209,Advanced
43,93,2,6,92,50.24379824,Intermediate
36,75,9,6,72,85.96764076,Advanced
55,96,0,3,78,83.63018583,Intermediate
31,65,5,3,82,75.81940829,Advanced
61,95,4,5,81,72.0378183,Intermediate
62,100,10,13,85,119.5763705,Intermediate
61,55,2,11,70,87.79531379,Professional
69,97,9,6,76,98.74800661,Intermediate
66,61,11,5,81,121.5455885,Beginner
68,71,7,5,74,90.79550104,Professional
62,99,0,2,66,152.9457449,Intermediate
67,94,4,2,70,102.8781454,Intermediate
52,92,6,8,93,45.14696665,Intermediate
21,73,3,9,75,92.12969069,Professional
61,74,4,9,67,67.14376365,Professional
34,75,6,8,72,68.05228001,Advanced
56,96,5,5,85,52.06571763,Intermediate
56,72,10,6,74,60.78974687,Professional
78,79,0,4,80,50.36641579,Beginner
75,70,3,3,78,77.74543164,Beginner
64,76,2,8,69,85.62698006,Professional
82,61,1,9,67,102.8320407,Professional
39,96,3,15,99,124.9529959,Intermediate
53,69,7,8,74,74.6111815,Professional
67,76,6,6,71,92.09224206,Professional
60,63,14,2,76,135.2422871,Beginner
69,73,12,14,96,90.02794431,Beginner
64,75,7,5,85,73.98134594,Beginner
71,97,4,4,67,142.0514038,Intermediate
68,62,5,6,75,99.75538159,Professional
24,69,1,6,79,78.20758139,Advanced
30,60,7,1,93,79.46203805,Advanced
63,78,9,4,80,92.399641,Beginner
71,65,6,0,69,118.152543,Beginner
62,81,15,2,76,54.69487895,Professional
78,72,2,2,78,45.27378832,Beginner
54,82,13,3,77,55.67710199,Professional
65,69,11,7,84,106.979131,Beginner
78,97,2,5,55,110.2190728,Intermediate
39,79,10,8,67,91.6585259,Advanced
69,72,7,4,80,95.58279471,Beginner
29,72,13,4,92,104.0858383,Advanced
56,79,10,4,76,67.64662809,Professional
60,92,1,2,76,84.17925544,Intermediate
71,72,7,7,86,80.39496458,Beginner
76,72,1,6,82,62.55451147,Beginner
68,68,9,6,84,96.81759922,Beginner
62,92,3,4,75,110.5257428,Intermediate
66,83,9,3,76,83.5768696,Professional
43,71,15,1,79,91.82007878,Advanced
77,75,0,6,85,50.0964541,Beginner
62,75,13,14,99,78.83161677,Beginner
18,68,2,1,91,67.25350885,Advanced
36,72,10,2,78,99.81350711,Advanced
80,58,2,10,69,128.1679125,Professional
67,96,14,11,86,73.45618567,Intermediate
71,57,1,10,69,97.42397163,Professional
62,73,5,0,73,86.89866015,Beginner
53,79,15,12,58,79.8872545,Advanced
36,78,6,11,63,97.42761515,Advanced
47,85,14,11,58,92.328915,Advanced
71,63,10,3,74,131.4976543,Beginner
82,100,13,4,70,77.57884593,Intermediate
67,68,9,6,84,95.20510914,Beginner
76,100,8,1,63,106.2738267,Intermediate
39,63,14,1,92,52.29817264,Advanced
60,97,6,6,83,77.83463629,Advanced
71,68,1,1,72,71.72607616,Beginner
74,72,4,5,82,78.40680002,Beginner
63,81,8,4,74,79.05220857,Professional
27,78,9,2,81,99.1838048,Advanced
46,87,17,2,79,45.06890398,Professional
59,78,7,9,96,51.22145099,Beginner
68,98,7,3,74,83.43217631,Intermediate
70,76,12,2,76,74.19709732,Professional
61,62,5,9,70,80.47074518,Professional
86,65,5,10,84,94.24928821,Beginner
34,71,8,4,80,61.37622101,Advanced
56,71,2,12,64,69.96585953,Professional
32,70,7,4,79,85.34317566,Advanced
71,68,4,2,77,81.33233792,Beginner
65,98,8,7,83,67.64526438,Intermediate
36,84,4,2,94,70.3395306,Intermediate
54,74,7,2,81,75.22737896,Beginner
64,95,8,8,82,91.56245185,Intermediate
30,77,1,13,63,82.97255682,Advanced
57,82,18,11,57,73.15954349,Advanced
70,99,9,7,73,136.2448521,Intermediate
70,83,8,4,71,74.83626454,Professional
55,79,9,7,70,63.14052501,Professional
76,84,10,2,74,82.95745418,Professional
60,55,0,15,63,77.31692339,Professional
55,67,16,4,81,129.6558611,Beginner
59,84,14,2,77,62.00732965,Professional
64,65,8,1,75,109.8433665,Beginner
50,82,13,13,56,81.52500781,Advanced
37,75,7,9,68,82.95887465,Advanced
53,74,2,9,71,85.13445006,Professional
66,76,10,7,83,100.5240423,Beginner
63,97,6,6,79,87.32366181,Intermediate
58,65,4,11,65,64.37943623,Professional
68,60,6,14,63,109.4708672,Professional
57,97,4,6,82,91.04528689,Intermediate
51,95,5,10,93,67.41798618,Intermediate
72,55,3,7,73,107.3417923,Professional
61,54,6,12,64,56.85395005,Professional
69,66,10,6,81,114.0523362,Beginner
28,65,8,0,91,67.94985533,Advanced
64,78,12,2,76,67.30785102,Professional
63,72,6,7,72,84.06744019,Professional
47,100,9,15,98,93.87045938,Intermediate
62,73,6,4,85,64.93886821,Beginner
49,84,16,9,61,92.05905824,Advanced
56,71,5,8,72,74.41028279,Professional
31,70,7,4,80,78.30976536,Advanced
82,71,6,11,87,88.79924496,Beginner
69,82,5,11,92,55.80750016,Professional
69,98,5,1,70,79.26373659,Intermediate
77,92,9,2,69,91.18199699,Beginner
44,71,13,6,77,59.91705249,Advanced
48,70,15,4,76,58.85280285,Advanced
15,64,4,1,92,98.01577397,Advanced
71,97,5,0,68,78.13934345,Intermediate
22,66,1,6,78,91.84909462,Advanced
57,96,16,17,100,60.24480571,Intermediate
33,75,9,5,75,90.3923391,Advanced
10,69,7,5,87,80.06140716,Advanced
79,75,8,13,91,85.39247986,Beginner
74,96,11,5,76,68.91572016,Intermediate
23,70,1,6,77,93.63571744,Advanced
68,66,6,6,74,88.484248,Professional
33,61,5,2,83,83.63817226,Advanced
45,88,10,6,75,62.15110292,Professional
20,62,4,3,95,106.1159233,Advanced
75,96,9,2,69,86.83703038,Intermediate
73,99,10,4,69,111.3807885,Intermediate
65,75,5,2,78,79.51479435,Beginner
42,85,10,14,57,76.65131793,Advanced
33,78,13,3,80,62.39159978,Advanced
73,58,5,5,76,99.83960465,Professional
78,68,1,0,74,59.49472071,Beginner
52,96,8,13,97,69.52315043,Intermediate
50,86,14,3,76,48.39485889,Professional
70,66,5,1,76,95.96756611,Beginner
50,71,11,11,57,102.5741607,Advanced
74,99,10,4,70,100.4802164,Intermediate
71,98,4,0,65,108.9218465,Intermediate
70,66,6,3,79,93.90747319,Beginner
58,95,5,7,85,74.02464044,Intermediate
76,82,1,6,83,51.80378811,Beginner
75,74,5,7,67,74.55533705,Professional
64,72,5,4,85,55.91773413,Beginner
40,82,5,13,100,60.46434813,Intermediate
60,77,10,9,94,63.47875679,Beginner
72,94,10,6,78,73.09106258,Intermediate
65,84,11,0,81,88.87919874,Professional
66,58,0,10,71,103.4764939,Professional
58,64,9,0,75,106.7595058,Beginner
61,98,11,8,88,53.10166083,Intermediate
15,62,0,0,93,75.56331574,Advanced
65,73,12,3,76,64.1051826,Professional
67,65,12,9,88,111.0902298,Beginner
85,94,11,3,67,85.30669229,Intermediate
47,77,13,9,65,69.61429122,Advanced
80,96,13,4,73,67.81906025,Intermediate
61,68,15,8,87,123.7758425,Beginner
62,94,14,0,80,72.78636241,Professional
49,80,17,6,65,114.7214273,Advanced
56,75,8,6,73,67.81707237,Professional
71,72,8,4,77,114.0203033,Beginner
33,63,6,3,84,66.85637524,Advanced
65,89,9,4,85,72.39956904,Intermediate
48,67,11,8,70,68.64941567,Advanced
52,69,8,8,74,75.01184628,Professional
64,75,9,7,88,75.63419516,Beginner
69,99,5,1,69,83.69111502,Intermediate
73,83,4,9,90,48.12047799,Beginner
74,93,6,0,67,81.09840746,Intermediate
45,74,15,4,72,103.7212274,Advanced
57,100,6,7,85,67.44954173,Intermediate
61,72,9,5,85,86.44504852,Beginner
58,97,0,2,66,142.5166464,Intermediate
68,63,9,2,75,124.1316121,Beginner
56,83,11,7,68,45.93518542,Professional
25,69,1,7,80,55.01524615,Advanced
83,73,2,5,81,45.21578407,Beginner
71,66,1,0,74,70.64415214,Beginner
33,73,6,8,73,70.79160124,Advanced
62,63,11,4,82,110.7573942,Beginner
20,73,2,10,70,94.7051443,Advanced
64,100,12,12,83,120.1753394,Intermediate
85,84,3,5,68,103.499442,Professional
63,67,8,2,80,89.04906372,Beginner
54,53,5,11,70,70.64628771,Professional
66,83,6,9,93,47.74399401,Beginner
72,68,3,8,69,94.55072263,Professional
36,83,4,14,55,124.4525748,Advanced
82,64,4,4,76,120.7346897,Professional
31,73,8,4,78,80.75161296,Advanced
61,100,6,7,81,81.3539272,Intermediate
26,59,3,0,90,76.50060666,Advanced
77,100,10,4,66,129.5691312,Intermediate
49,85,13,13,55,94.6136932,Advanced
31,74,6,7,73,83.44792997,Advanced
71,96,6,0,70,60.74131888,Intermediate
67,85,0,6,90,76.03217339,Beginner
58,72,11,2,78,108.3256871,Beginner
38,75,7,11,66,66.87384861,Advanced
101,59,10,10,64,154.9228543,Professional
31,81,5,10,66,90.47008256,Advanced
62,99,10,9,85,89.6695624,Intermediate
69,76,8,4,74,84.65165751,Professional
20,69,3,2,89,57.50102091,Advanced
79,79,1,6,81,66.4053553,Beginner
64,86,5,1,81,68.51060178,Intermediate
65,67,5,8,71,83.28990187,Professional
72,86,14,1,81,82.25533297,Professional
63,70,9,2,78,99.54536553,Beginner
13,54,1,2,100,54.48111465,Beginner
77,81,4,11,91,55.30654133,Beginner
66,78,7,9,93,51.64949678,Beginner
62,57,8,2,71,111.2207627,Advanced
26,68,2,6,78,90.13721292,Advanced
54,71,10,6,92,60.69736665,Beginner
75,74,1,1,77,46.00935123,Beginner
29,76,6,5,73,108.0196695,Advanced
23,63,3,3,85,76.10883625,Advanced
62,73,6,6,74,90.49551973,Professional
54,95,10,12,97,61.26025516,Intermediate
63,69,6,10,67,73.77723459,Professional
71,95,6,2,71,84.79686894,Intermediate
67,93,9,3,81,62.50395234,Intermediate
66,68,2,4,81,64.91669824,Beginner
16,62,3,4,87,68.80660154,Advanced
58,85,10,11,97,51.09223701,Beginner
68,99,5,4,69,123.1683564,Intermediate
72,89,17,2,80,68.67691033,Professional
72,96,15,8,82,65.99951746,Intermediate
39,93,8,15,100,46.72309195,Intermediate
37,84,12,7,67,107.4676832,Advanced
35,62,15,8,100,83.88645718,Advanced
70,81,5,7,85,64.14884007,Beginner
31,75,5,7,69,115.657596,Advanced
53,63,6,11,66,53.72062544,Professional
56,93,8,11,94,65.79386282,Intermediate
64,70,8,6,73,81.91095942,Professional
46,93,5,13,99,81.61582556,Intermediate
63,99,7,7,81,90.50574241,Intermediate
71,80,6,11,94,52.38410788,Beginner
33,82,10,7,70,95.35020478,Advanced
68,78,3,7,70,92.3406752,Professional
79,65,2,6,83,67.73698682,Beginner
29,64,6,1,90,55.71479599,Advanced
36,68,9,3,80,71.08113517,Advanced
69,59,4,7,74,104.3203611,Professional
83,97,11,2,65,81.36002483,Intermediate
61,63,0,11,67,88.64337297,Professional
39,67,11,2,82,68.05970979,Advanced
76,96,6,1,63,83.23500095,Intermediate
46,80,8,1,86,50.43160871,Beginner
51,81,5,6,73,68.93881331,Professional
23,60,0,3,87,62.53443376,Advanced
78,85,3,13,96,53.04574065,Beginner
87,72,2,5,79,52.44750749,Beginner
79,62,8,9,85,112.4120729,Beginner
56,59,6,16,63,99.06637836,Professional
16,76,1,8,75,90.92991655,Advanced
54,78,8,7,71,66.22219303,Professional
30,66,8,1,88,107.9439184,Advanced
59,96,11,9,91,52.54949452,Intermediate
63,78,9,8,89,72.02648725,Beginner
68,79,0,1,80,58.19255983,Beginner
60,100,7,8,81,112.3915404,Intermediate
76,60,6,0,68,130.1378287,Beginner
56,63,11,6,75,62.72544042,Professional
63,99,2,3,71,113.5981426,Intermediate
28,65,8,1,90,46.05381013,Advanced
37,90,12,10,61,97.86716375,Advanced
40,86,9,18,100,73.79433795,Intermediate
68,73,6,4,80,88.6321202,Beginner
63,69,8,3,80,90.0860234,Beginner
70,72,11,4,73,70.62713578,Professional
66,96,0,1,63,114.2218316,Intermediate
60,75,10,8,91,71.81208954,Beginner
19,65,2,7,80,74.71270669,Advanced
85,99,11,3,65,99.74116174,Intermediate
76,100,9,2,67,91.59188527,Intermediate
91,63,2,6,70,118.4471281,Professional
44,81,12,11,60,88.06929494,Advanced
32,74,6,8,74,63.1717337,Advanced
62,68,5,9,69,75.29700426,Professional
67,68,7,6,75,87.61024954,Professional
57,65,14,4,81,125.9432202,Beginner
90,100,16,6,67,103.0308801,Intermediate
68,92,5,2,77,103.6504332,Professional
53,65,8,9,70,59.83208504,Professional
46,86,9,13,100,82.5361465,Intermediate
84,98,8,2,57,89.06488855,Intermediate
64,59,3,10,71,100.3011842,Professional
89,67,5,1,73,56.11438327,Beginner
36,82,9,10,65,87.73866555,Advanced
32,70,4,8,73,82.71662031,Advanced
29,63,4,3,85,65.52281819,Advanced
38,73,10,6,75,65.72495002,Advanced
86,100,5,5,55,101.6392489,Intermediate
62,67,9,3,80,90.75095585,Professional
74,66,7,11,94,69.22453408,Beginner
57,98,9,9,92,47.27090384,Intermediate
17,67,3,0,94,80.54468469,Advanced
66,56,10,7,73,70.63072781,Professional
59,68,5,9,69,71.26773473,Professional
69,54,1,10,70,99.59615,Professional
21,74,0,10,72,77.29004524,Advanced
76,72,0,4,82,54.6935519,Beginner
67,97,7,5,75,96.12443213,Intermediate
24,63,0,5,83,70.21464033,Advanced
62,73,7,6,73,76.41947831,Professional
76,68,6,8,84,89.61461536,Beginner
77,59,8,3,74,129.252589,Beginner
80,66,6,10,88,85.82541093,Beginner
50,97,8,5,72,57.162862,Professional
49,83,17,8,63,97.10933992,Advanced
50,91,2,6,89,65.70647331,Intermediate
31,71,5,7,75,70.59571552,Advanced
25,60,6,2,98,57.36111454,Advanced
76,66,4,9,67,78.72325113,Professional
82,93,6,2,61,71.11642975,Intermediate
74,66,7,4,76,109.1275157,Beginner
51,84,17,10,59,96.76237393,Advanced
30,79,11,2,79,98.9810711,Advanced
46,81,16,7,68,77.18598809,Advanced
31,70,5,5,78,79.62627329,Advanced
77,82,3,12,94,47.76854749,Beginner
66,64,6,0,76,91.47117306,Beginner
60,69,8,7,72,71.93007215,Professional
61,96,11,10,91,50.08980931,Intermediate
75,63,2,8,69,96.96247951,Professional
67,77,12,4,73,68.80473509,Professional
75,58,0,10,67,103.7341916,Professional
71,72,2,2,78,69.12217855,Beginner
62,70,6,6,74,84.43802426,Professional
81,100,10,3,65,109.6239284,Intermediate
62,73,13,9,90,95.34484451,Beginner
78,99,7,1,64,60.21400359,Intermediate
52,95,4,8,89,72.21246207,Beginner
70,86,10,2,75,79.3165234,Professional
73,100,14,4,76,50.8039455,Intermediate
69,96,8,5,77,74.12030378,Intermediate
54,81,9,3,84,75.13178606,Beginner
57,74,12,4,76,61.44814864,Professional
69,54,10,5,77,80.85153558,Advanced
78,96,6,3,63,55.24671878,Intermediate
66,70,15,1,80,71.96118913,Professional
58,97,10,11,93,69.14856424,Intermediate
56,64,11,1,68,137.3001542,Beginner
56,96,8,12,93,79.52875583,Intermediate
62,100,3,4,75,90.36478953,Intermediate
52,95,6,12,95,79.46481826,Intermediate
78,66,1,6,73,118.1131133,Professional
63,63,14,4,77,56.67131882,Professional
47,80,14,9,64,84.67637447,Advanced
60,63,14,2,75,140.0861272,Beginner
78,59,7,6,79,116.3214298,Beginner
53,68,15,4,83,121.600255,Beginner
57,82,16,13,55,95.62047535,Advanced
66,77,3,4,85,49.70649215,Beginner
92,63,7,2,75,111.0922784,Professional
62,75,14,4,74,58.66934393,Professional
82,84,8,1,74,94.42250128,Professional
41,78,10,10,65,72.7292504,Advanced
78,70,6,10,89,78.89814899,Beginner
54,70,6,8,72,69.54986186,Professional
60,93,10,10,91,61.15503308,Intermediate
43,73,12,6,71,91.06190057,Advanced
54,60,4,12,67,63.67483786,Professional
82,100,5,2,55,95.78753156,Intermediate
59,63,10,1,70,127.4552279,Beginner
55,73,11,6,72,55.47356947,Professional
70,73,2,8,68,94.32165748,Professional
60,70,12,3,78,72.0819606,Professional
63,64,8,9,68,63.87008844,Professional
72,64,9,4,79,114.5858753,Beginner
67,70,8,6,85,87.75138646,Beginner
61,72,16,9,87,122.5787427,Beginner
42,76,18,5,75,63.05632096,Professional
41,67,14,0,87,55.55955476,Advanced
69,93,10,7,80,78.51415533,Intermediate
80,56,2,8,72,111.6863234,Professional
31,73,9,3,81,70.54434504,Advanced
64,64,8,0,74,108.6852139,Beginner
62,92,15,1,75,52.58565089,Professional
56,80,14,3,76,60.93959077,Professional
73,70,3,6,84,67.41270541,Beginner
36,71,9,5,77,62.05040189,Advanced
56,91,7,8,94,63.96847639,Intermediate
37,75,11,3,74,109.3349713,Advanced
79,69,7,12,91,82.66413876,Beginner
62,86,9,2,78,87.71583326,Professional
73,93,8,1,73,50.57550518,Intermediate
70,77,5,5,73,91.95190469,Professional
83,78,4,13,93,56.97540036,Beginner
46,95,1,9,90,96.08235062,Intermediate
75,75,2,4,79,67.65898006,Beginner
75,84,6,0,77,64.63348662,Intermediate
26,62,5,0,93,49.66005373,Advanced
63,86,12,0,80,77.55049975,Professional
58,84,5,10,63,53.26196462,Professional
69,65,11,5,78,130.0733888,Beginner
46,75,17,3,73,104.4051609,Advanced
75,66,5,6,83,82.0815571,Advanced
13,63,2,1,90,92.99111772,Advanced
45,93,8,16,100,75.93712256,Intermediate
60,78,8,5,75,85.73547708,Professional
57,81,15,3,74,49.88095578,Professional
58,96,12,13,96,63.54800292,Intermediate
61,73,5,0,77,74.21903702,Beginner
59,84,11,13,100,46.98055714,Beginner
57,69,11,6,89,83.35130305,Beginner
32,74,7,5,75,87.46391961,Advanced
73,76,5,8,66,80.27767336,Advanced
36,67,12,1,88,49.13795191,Advanced
62,71,11,6,84,99.9238384,Beginner
36,71,11,1,81,98.92741784,Advanced
68,84,0,4,83,55.67449185,Beginner
22,81,3,6,73,108.9240682,Advanced
17,61,2,1,99,63.8027472,Advanced
61,67,6,8,70,70.02529803,Professional
56,92,2,3,82,56.28309829,Intermediate
61,68,7,8,69,67.80052779,Professional
56,64,16,5,83,129.4093572,Beginner
51,93,6,10,94,71.68925418,Intermediate
78,100,14,8,77,77.48341708,Intermediate
60,100,6,6,75,111.6984238,Intermediate
71,95,13,7,81,76.84429282,Intermediate
57,61,16,6,83,133.4031915,Beginner
69,100,17,14,87,108.408173,Intermediate
59,95,6,5,81,75.44869665,Intermediate
86,96,8,4,58,56.84306626,Intermediate
18,66,3,10,75,70.78143379,Advanced
75,100,10,5,71,100.8804753,Intermediate
73,75,8,7,83,95.53230299,Beginner
73,94,10,4,77,60.87455383,Intermediate
53,73,13,3,82,105.7201757,Beginner
48,66,10,7,76,59.71933192,Professional
87,71,0,9,86,56.39470896,Beginner
65,70,9,6,85,88.8939159,Beginner
53,82,6,7,70,60.78192211,Professional
35,61,4,5,80,72.87970085,Advanced
69,67,5,4,75,102.5233401,Professional
67,68,1,9,69,91.97857378,Intermediate
71,71,6,3,77,94.25001933,Beginner
71,64,5,2,66,121.1303013,Beginner
61,92,5,2,82,56.57827029,Intermediate
79,71,3,6,71,107.5684206,Professional
78,69,1,6,72,110.4335465,Professional
30,77,2,11,63,108.539308,Advanced
43,73,13,1,78,97.91617423,Beginner
60,72,13,7,86,105.7710716,Beginner
59,80,9,5,74,71.87689946,Professional
64,91,20,4,86,63.83127595,Professional
69,96,7,4,78,59.33412639,Intermediate
57,77,7,6,93,51.24393282,Beginner
65,65,5,9,68,74.62019142,Professional
65,60,0,9,74,110.1201775,Professional
34,78,8,6,69,114.5187603,Advanced
53,75,16,6,86,110.5532472,Beginner
59,71,11,6,87,86.39399643,Beginner
85,50,5,5,77,120.0448922,Professional
59,73,10,5,86,86.56226134,Beginner
81,98,5,5,55,83.09163083,Intermediate
76,100,12,9,69,149.1139549,Intermediate
71,99,11,4,77,61.64722355,Intermediate
61,78,7,2,80,76.45831755,Beginner
51,81,11,6,91,66.95914563,Beginner
64,95,10,9,89,56.38273549,Intermediate
25,72,4,3,80,100.1069585,Advanced
58,80,11,4,74,59.53083093,Professional
64,62,5,8,73,91.96827707,Professional
54,99,5,8,86,89.66379438,Intermediate
23,71,1,10,72,79.44725484,Advanced
62,61,6,7,75,91.60624556,Professional
80,56,6,5,77,120.2429477,Beginner
74,73,1,6,72,113.8436229,Beginner
46,100,10,17,100,92.35443035,Intermediate
82,99,9,1,58,86.26107431,Intermediate
74,95,10,4,72,101.2619956,Intermediate
28,61,2,5,83,59.71011511,Advanced
72,76,2,5,84,52.56634881,Beginner
53,74,5,9,70,67.54766743,Professional
87,94,8,4,57,60.27435604,Intermediate
30,75,7,5,79,68.22476331,Advanced
72,61,5,9,67,77.6089851,Advanced
65,100,14,14,86,129.055191,Intermediate
67,79,3,0,75,67.89204976,Beginner
66,96,7,5,79,78.35848246,Intermediate
68,76,5,6,70,81.82871157,Professional
45,72,8,6,79,73.90953458,Intermediate
55,75,11,3,79,71.57914766,Professional
53,86,6,3,86,50.61227425,Beginner
69,71,5,7,70,84.6927718,Professional
65,61,0,11,69,99.18556305,Professional
52,89,4,7,89,70.41792009,Intermediate
66,62,3,8,72,92.21720456,Professional
57,93,3,6,81,99.45140246,Intermediate
74,71,4,5,82,77.32513355,Beginner
10,55,0,7,100,62.95002801,Advanced
79,96,8,1,66,50.17635929,Intermediate
46,90,10,16,100,45.08997812,Intermediate
84,100,20,14,75,138.2355628,Intermediate
66,55,6,7,73,95.75846194,Professional
76,100,3,0,62,128.4335156,Intermediate
75,79,11,2,76,87.05324095,Professional
46,78,12,6,93,62.56019799,Beginner
57,76,10,6,89,73.90897834,Beginner
66,79,7,8,88,65.07606951,Beginner
68,72,12,3,74,68.75360267,Professional
74,53,8,1,72,132.3750704,Beginner
75,73,12,13,89,117.7159022,Beginner
63,66,12,8,89,102.7174386,Beginner
41,79,10,10,64,85.40315047,Advanced
25,69,5,4,86,49.02994317,Advanced
74,64,4,2,77,91.32802429,Beginner
63,80,10,8,88,84.40730258,Beginner
52,91,0,1,79,67.63344836,Intermediate
72,73,11,2,76,84.04079644,Professional
64,56,2,10,71,92.1524111,Professional
56,81,15,2,77,53.18920287,Professional
72,98,7,2,68,101.4535903,Intermediate
81,100,14,5,65,114.3522364,Intermediate
73,78,9,1,79,107.2916704,Professional
75,73,6,8,86,83.74940055,Beginner
67,82,7,5,71,78.67145462,Professional
59,67,8,2,82,83.1320405,Beginner
59,94,4,5,79,97.12508286,Intermediate
50,76,16,7,67,81.29507662,Advanced
62,100,5,7,76,124.8446792,Intermediate
71,95,7,5,72,112.8673569,Intermediate
77,65,13,3,75,74.69005119,Professional
80,56,4,8,68,94.73418212,Professional
42,95,3,13,99,90.1175533,Intermediate
69,100,12,11,79,130.6757224,Intermediate
31,72,3,10,70,63.07038565,Advanced
67,60,8,8,72,71.58238409,Professional
85,100,14,6,65,139.1760943,Intermediate
60,68,7,3,84,68.8288356,Beginner
59,96,5,3,77,72.51896779,Intermediate
76,82,10,0,79,93.09567645,Professional
65,71,9,2,76,114.9834475,Beginner
48,96,6,14,98,92.89510533,Intermediate
55,99,5,8,88,71.50678185,Intermediate
25,75,6,1,90,52.84886727,Advanced
54,80,9,6,72,57.73405908,Professional
49,80,12,7,94,63.7626793,Beginner
72,59,3,2,70,92.63594913,Beginner
70,80,3,4,74,112.6089084,Professional
28,77,8,4,81,61.1688734,Advanced
76,100,16,11,78,116.8887493,Intermediate
25,61,6,1,96,56.85582885,Advanced
71,93,8,2,73,68.83193864,Intermediate
49,71,15,6,72,66.85261426,Advanced
27,60,4,0,89,81.39037239,Intermediate
71,50,7,9,70,88.99807795,Professional
60,77,5,0,76,71.63258476,Beginner
73,88,12,0,78,83.62122131,Professional
92,72,3,6,69,137.9426545,Professional
62,79,8,9,92,59.29651084,Beginner
53,84,10,8,65,52.39845812,Professional
26,68,8,0,93,54.35510349,Advanced
40,73,12,3,76,103.3787694,Advanced
62,66,1,10,68,86.45750889,Professional
60,52,1,14,63,72.56423685,Professional
57,85,13,10,93,83.88285698,Beginner
92,99,14,0,59,92.29634228,Intermediate
58,84,20,5,61,119.500252,Advanced
52,76,12,7,93,68.43071266,Beginner
85,57,4,6,71,108.5597735,Professional
70,64,5,0,75,89.54150794,Beginner
93,100,14,0,55,92.10792992,Intermediate
64,80,15,1,76,54.60790211,Professional
63,100,6,6,74,129.090067,Intermediate
57,92,3,2,70,75.59099884,Intermediate
67,61,11,6,84,112.0847157,Beginner
74,66,5,6,82,86.39168963,Beginner
68,67,3,6,75,107.7308996,Professional
64,79,5,6,87,56.02407539,Beginner
62,63,5,9,69,72.67763591,Professional
27,59,8,4,100,54.8189784,Advanced
75,74,0,4,83,49.20686635,Beginner
25,75,4,7,76,75.37927197,Advanced
55,75,11,2,80,95.08786885,Beginner
61,66,3,9,72,93.57861435,Professional
70,97,4,0,66,90.22705657,Intermediate
44,71,14,4,75,84.86863533,Advanced
35,74,6,7,68,112.4280633,Advanced
69,68,7,7,70,82.40432893,Professional
62,64,5,8,74,90.95636186,Professional
41,69,12,2,80,73.98946488,Advanced
80,69,1,7,69,112.7928129,Professional
71,62,7,0,70,121.4669451,Beginner
67,66,5,9,68,80.38051685,Professional
77,100,6,0,58,114.3498039,Intermediate
67,68,11,6,83,110.0843235,Beginner
55,75,8,8,69,55.52341995,Professional
66,85,10,15,99,61.31978872,Beginner
54,64,10,0,80,90.39175001,Professional
74,69,4,5,75,106.0922055,Professional
47,77,20,0,78,95.65780765,Advanced
40,87,20,3,76,76.77924414,Professional
72,100,4,0,63,117.6642369,Intermediate
40,63,13,0,90,45.3644615,Advanced
41,75,12,5,73,88.27808634,Advanced
38,82,10,10,63,89.96871637,Advanced
84,70,1,4,77,66.10929909,Beginner
92,92,5,10,55,45.69690063,Intermediate
60,93,2,1,77,57.4140217,Intermediate
63,78,10,8,88,84.46864803,Beginner
80,80,2,4,72,106.9869404,Professional
52,80,10,5,75,65.93064513,Professional
61,87,20,6,61,99.85230045,Advanced
42,58,16,6,99,57.65628738,Advanced
79,97,11,1,70,46.31089405,Intermediate
41,81,11,9,63,96.49690668,Advanced
23,74,0,9,71,98.6961691,Advanced
22,54,3,2,100,64.62483027,Advanced
68,75,6,7,69,71.09911669,Professional
72,72,4,1,74,93.69838491,Beginner
62,68,11,4,81,112.4601048,Beginner
30,77,9,2,78,107.3525438,Advanced
28,67,5,3,82,83.02047769,Advanced
71,61,0,10,67,94.36041892,Professional
39,82,10,10,64,82.9979236,Advanced
62,90,17,0,77,53.73011814,Professional
48,89,5,9,95,63.71543602,Intermediate
38,73,6,10,66,89.29126491,Advanced
88,97,5,5,55,95.54930721,Intermediate
56,70,16,7,86,121.4851646,Beginner
76,68,4,3,75,100.5824487,Beginner
59,71,14,5,82,124.014197,Beginner
56,74,5,7,74,84.18055372,Professional
77,91,9,2,70,77.72300118,Beginner
77,61,1,8,71,112.050224,Professional
63,64,7,5,79,98.02247285,Professional
14,55,3,0,96,85.74216855,Advanced
55,100,8,11,86,120.9161368,Intermediate
66,60,13,6,81,133.3484286,Beginner
25,73,4,5,80,77.67040042,Advanced
75,100,5,0,59,110.9097461,Intermediate
75,85,0,5,83,52.32784645,Beginner
47,95,20,4,84,49.54022467,Professional
60,78,8,6,88,66.11555181,Beginner
29,79,10,3,74,110.6133895,Advanced
53,100,6,9,89,75.38142481,Intermediate
74,95,10,3,72,83.92326369,Intermediate
81,91,5,3,59,76.81199987,Intermediate
67,100,8,10,84,96.11877732,Intermediate
75,84,10,0,78,96.57214184,Professional
57,94,8,9,87,83.00462956,Intermediate
33,97,20,0,79,85.86147258,Professional
54,97,9,15,93,118.8828847,Intermediate
86,70,3,9,83,84.83730859,Beginner
64,77,6,2,77,89.80291902,Beginner
73,97,7,2,71,75.00211729,Intermediate
77,95,9,4,65,120.2561417,Intermediate
72,65,2,3,81,62.83411651,Beginner
37,69,7,8,74,57.34334416,Advanced
22,71,0,8,74,90.21223579,Advanced
74,68,4,4,79,84.93307337,Beginner
54,77,13,6,88,87.07972218,Beginner
102,50,0,5,73,107.000905,Beginner
23,63,1,3,86,68.3255482,Advanced
11,61,2,0,97,63.12319567,Advanced
45,79,17,5,74,54.93516379,Advanced
39,85,10,11,59,105.5296826,Professional
70,79,5,9,91,55.92161029,Beginner
43,78,12,8,66,90.69665181,Advanced
61,96,10,9,87,82.56449747,Intermediate
62,74,0,0,81,61.37385548,Beginner
72,62,7,10,68,72.54614765,Professional
62,92,14,1,76,56.53963985,Professional
40,85,8,14,55,108.4116925,Advanced
69,59,2,9,70,98.33546875,Professional
52,84,16,11,55,105.1076102,Advanced
78,71,5,6,79,93.91716943,Beginner
74,87,2,10,91,58.15755319,Beginner
28,75,1,14,60,98.35570649,Advanced
73,74,1,8,69,100.5698848,Professional
24,72,1,7,75,93.02803864,Advanced
60,99,7,8,82,98.12785869,Intermediate
27,68,4,5,81,62.62654924,Advanced
57,68,6,6,77,91.76392159,Professional
62,94,5,4,81,66.40990417,Intermediate
62,64,3,9,71,84.87988422,Professional
65,72,1,9,70,93.97593579,Professional
70,80,5,4,74,94.73754451,Professional
61,96,5,5,82,62.01096052,Intermediate
71,70,5,5,74,92.30479356,Professional
71,65,4,8,69,85.89413213,Professional
73,100,14,9,75,113.0162187,Intermediate
81,64,8,7,78,124.416888,Beginner
66,99,7,4,74,97.56780018,Intermediate
34,57,8,0,93,49.32538138,Advanced
60,50,13,0,75,143.1683156,Beginner
25,61,0,5,84,59.15932864,Advanced
34,79,4,10,60,133.3380722,Advanced
74,100,6,0,64,95.80743779,Intermediate
59,85,2,7,71,86.38507121,Professional
71,93,10,1,75,79.25710726,Professional
44,82,13,2,82,61.27880293,Professional
67,100,4,2,71,96.8537374,Intermediate
74,97,8,3,71,84.9264787,Intermediate
36,68,9,2,78,110.0800527,Advanced
45,74,17,2,78,70.54843896,Advanced
30,70,7,3,82,76.27454793,Advanced
58,97,4,7,81,101.9838238,Intermediate
60,73,13,9,91,92.27786412,Beginner
22,74,0,9,71,97.20796092,Advanced
74,100,5,1,63,115.9291536,Intermediate
74,89,13,0,77,77.54269959,Professional
64,68,10,4,79,112.7684203,Beginner
74,73,3,6,70,96.85319724,Professional
60,84,12,4,73,59.45903701,Professional
53,77,15,11,96,82.30509045,Beginner
63,65,9,5,76,81.60074966,Professional
60,57,7,9,71,72.60481814,Professional
34,77,12,3,78,89.81207672,Advanced
59,76,7,7,92,49.17353288,Beginner
40,76,7,12,63,79.06584374,Advanced
54,100,2,5,75,129.8002985,Intermediate
44,88,1,5,89,68.97506323,Intermediate
75,77,9,14,93,88.26213187,Beginner
78,64,8,10,86,103.3972484,Beginner
67,74,7,6,70,72.066379,Professional
81,100,4,4,55,105.6877364,Intermediate
68,96,9,8,83,75.96231097,Intermediate
70,93,5,3,72,105.3440009,Intermediate
35,69,7,6,79,54.68625978,Advanced
65,76,11,3,76,77.68617794,Professional
57,89,0,1,72,106.1788282,Intermediate
81,70,4,7,81,89.46318595,Beginner
97,73,4,9,82,49.45396696,Beginner
63,61,10,5,76,74.54844932,Professional
19,69,0,4,82,95.62998167,Advanced
63,81,5,7,70,78.24092287,Professional
59,73,5,2,84,51.37219386,Beginner
76,82,8,3,73,88.84569192,Professional
76,65,10,11,88,105.3063658,Beginner
66,95,2,0,67,111.8971752,Intermediate
35,76,11,4,78,79.70309483,Advanced
10,50,8,6,100,73.21546668,Intermediate
71,80,4,5,72,93.17863672,Professional
64,72,10,8,89,83.75863264,Beginner
36,79,9,9,70,57.42809908,Advanced
36,81,5,14,58,95.3868776,Advanced
47,78,18,5,73,63.69339173,Advanced
74,52,0,12,66,96.17489713,Professional
56,77,8,5,91,47.96420306,Beginner
71,98,4,0,65,98.70053981,Intermediate
39,71,12,3,78,83.67403553,Advanced
75,100,9,2,67,85.90871096,Intermediate
60,93,0,0,72,89.49176222,Intermediate
75,62,3,8,69,92.8391629,Professional
60,88,3,4,76,113.8789765,Intermediate
64,71,7,5,86,70.77967819,Beginner
61,80,11,4,73,66.58292048,Professional
67,91,12,10,83,98.18822069,Intermediate
57,77,9,6,72,64.83942359,Professional
85,66,4,4,75,118.6993671,Professional
69,50,1,13,64,87.50758865,Professional
73,79,7,4,73,91.60911026,Professional
89,100,12,1,55,137.6658748,Intermediate
33,66,8,3,83,66.10314507,Advanced
70,75,2,3,80,58.68935138,Beginner
78,70,0,3,79,61.50825906,Beginner
77,100,11,5,66,135.804664,Intermediate
32,76,8,5,73,103.5658874,Advanced
33,83,7,10,63,104.6209775,Advanced
50,70,12,2,83,94.48387943,Beginner
68,76,5,6,85,64.9639919,Beginner
73,81,4,8,88,52.73774274,Beginner
74,100,8,3,67,112.8842244,Intermediate
97,76,6,2,69,105.3081829,Professional
67,76,10,15,100,62.49226855,Beginner
79,69,4,7,69,93.62494283,Professional
62,96,2,4,74,113.6856661,Intermediate
75,67,1,8,69,110.4634463,Professional
58,72,10,4,84,85.61238252,Beginner
71,68,14,10,84,136.8837251,Beginner
67,83,6,14,100,63.79609301,Beginner
53,100,3,6,84,81.63146491,Intermediate
80,91,3,6,57,59.19385573,Intermediate
87,84,1,12,92,62.697043,Beginner
70,99,3,1,65,114.8197186,Intermediate
63,85,8,2,79,91.92850454,Professional
64,72,6,4,83,73.17390932,Beginner
59,90,2,2,80,53.05240058,Intermediate
21,68,0,6,78,89.53988808,Advanced
27,68,0,10,72,77.02882865,Advanced
70,59,7,8,70,82.26676266,Professional
78,86,12,1,80,98.21937952,Professional
80,61,0,5,83,53.71498454,Beginner
73,66,4,2,77,88.97591859,Beginner
36,78,9,8,70,79.82759041,Advanced
80,62,1,4,78,131.9104531,Professional
22,70,0,8,78,59.39054268,Advanced
59,100,9,11,93,54.84678516,Intermediate
24,68,2,11,71,74.99115508,Advanced
78,86,2,14,99,69.7414234,Beginner
48,80,15,8,62,109.36257,Advanced
47,91,13,13,55,125.8199076,Advanced
12,67,0,2,87,92.44663026,Advanced
62,100,4,4,78,67.38271196,Intermediate
77,67,6,8,85,89.799255,Beginner
59,87,17,1,75,49.05173463,Professional
52,75,8,2,86,59.62557864,Beginner
75,73,0,5,84,50.57358498,Beginner
52,85,13,3,77,60.37370439,Professional
78,59,6,6,80,106.2706652,Beginner
19,73,1,7,75,101.886373,Advanced
30,74,2,12,68,63.12974764,Advanced
56,78,9,4,84,76.19101412,Beginner
65,76,6,4,82,71.71706892,Beginner
64,79,4,6,72,93.08633434,Professional
69,69,11,10,90,102.1971419,Beginner
47,74,11,0,79,94.20741068,Beginner
59,72,10,4,83,91.61950822,Beginner
64,77,15,0,82,74.79982394,Professional
45,91,19,7,65,83.33907129,Advanced
58,84,15,1,78,60.06264567,Professional
72,60,4,7,72,94.46896455,Professional
40,89,11,4,92,52.26153126,Intermediate
31,75,6,6,70,113.7805709,Advanced
63,66,10,4,77,74.55445646,Professional
75,92,10,3,73,79.20282712,Intermediate
72,100,6,1,68,84.53027139,Intermediate
64,75,8,5,74,80.13465208,Professional
12,61,1,1,98,74.80101597,Advanced
47,80,11,5,75,52.02173051,Professional
71,95,4,0,66,81.58486393,Intermediate
56,100,5,11,86,113.7053004,Intermediate
75,97,11,5,73,102.0808861,Intermediate
30,66,7,1,86,81.039894,Advanced
55,90,10,10,99,74.11899408,Beginner
59,91,2,1,78,61.30475678,Beginner
49,91,5,8,97,66.24146464,Intermediate
68,90,7,3,77,69.86169872,Intermediate
56,80,6,6,73,78.0926846,Professional
49,62,16,3,84,117.5380584,Beginner
21,74,4,13,65,94.05309068,Advanced
52,90,17,1,77,46.78699581,Beginner
82,76,2,11,89,63.37788517,Beginner
21,64,3,1,92,64.03894398,Advanced
34,86,8,11,62,98.95752465,Advanced
66,100,13,9,80,85.75864533,Intermediate
69,75,3,6,86,52.52934689,Beginner
68,69,6,7,71,84.47593197,Professional
44,80,12,10,63,85.22206809,Advanced
72,62,3,6,76,108.5510052,Professional
63,55,1,13,66,89.11644673,Professional
71,61,10,5,79,121.4153295,Beginner
69,94,8,3,79,52.60361297,Intermediate
60,68,10,5,76,74.32243906,Professional
88,98,11,2,56,89.43401687,Intermediate
73,69,8,6,73,94.70942295,Professional
81,72,1,5,73,120.9610386,Professional